date,ticker,best_model,strategy_score,action,ret_1d,ret_5d,ret_20d,result_5d,pred_ARIMAModel,pred_LGBMRegressor,pred_LSTM,pred_RandomForestRegressor,pred_Ridge,pred_XGBRegressor,pred__NaiveModel
2026-08-12,AAPL,_NaiveModel,0.0,HOLD,N/D,N/D,N/D,Pendiente,-,-,-,-,-,-,NEUTRO
2026-08-12,AMD,_NaiveModel,0.0,HOLD,N/D,N/D,N/D,Pendiente,-,-,-,-,-,-,NEUTRO
2026-08-12,AMZN,_NaiveModel,0.0,HOLD,N/D,N/D,N/D,Pendiente,-,-,-,-,-,-,NEUTRO
2026-08-12,ASML,_NaiveModel,0.0,HOLD,N/D,N/D,N/D,Pendiente,-,-,-,-,-,-,NEUTRO
2026-08-12,AVGO,_NaiveModel,0.0,HOLD,N/D,N/D,N/D,Pendiente,-,-,-,-,-,-,NEUTRO
2026-08-12,BRK-B,_NaiveModel,0.0,HOLD,N/D,N/D,N/D,Pendiente,-,-,-,-,-,-,NEUTRO
2026-08-12,CAT,_NaiveModel,0.0,HOLD,N/D,N/D,N/D,Pendiente,-,-,-,-,-,-,NEUTRO
2026-08-12,COST,_NaiveModel,0.0,HOLD,N/D,N/D,N/D,Pendiente,-,-,-,-,-,-,NEUTRO
2026-08-12,CRM,_NaiveModel,0.0,HOLD,N/D,N/D,N/D,Pendiente,-,-,-,-,-,-,NEUTRO
2026-08-12,GOOGL,_NaiveModel,0.0,HOLD,N/D,N/D,N/D,Pendiente,-,-,-,-,-,-,NEUTRO
2026-08-12,JNJ,_NaiveModel,0.0,HOLD,N/D,N/D,N/D,Pendiente,-,-,-,-,-,-,NEUTRO
2026-08-12,JPM,_NaiveModel,0.0,HOLD,N/D,N/D,N/D,Pendiente,-,-,-,-,-,-,NEUTRO
2026-08-12,LLY,_NaiveModel,0.0,HOLD,N/D,N/D,N/D,Pendiente,-,-,-,-,-,-,NEUTRO
2026-08-12,LMT,_NaiveModel,0.0,HOLD,N/D,N/D,N/D,Pendiente,-,-,-,-,-,-,NEUTRO
2026-08-12,MA,_NaiveModel,0.0,HOLD,N/D,N/D,N/D,Pendiente,-,-,-,-,-,-,NEUTRO
2026-08-12,MCD,_NaiveModel,0.0,HOLD,N/D,N/D,N/D,Pendiente,-,-,-,-,-,-,NEUTRO
2026-08-12,MRK,_NaiveModel,0.0,HOLD,N/D,N/D,N/D,Pendiente,-,-,-,-,-,-,NEUTRO
2026-08-12,MSFT,_NaiveModel,0.0,HOLD,N/D,N/D,N/D,Pendiente,-,-,-,-,-,-,NEUTRO
2026-08-12,NEE,_NaiveModel,0.0,HOLD,N/D,N/D,N/D,Pendiente,-,-,-,-,-,-,NEUTRO
2026-08-12,NVDA,_NaiveModel,0.0,HOLD,N/D,N/D,N/D,Pendiente,-,-,-,-,-,-,NEUTRO
2026-08-12,ORCL,_NaiveModel,0.0,HOLD,N/D,N/D,N/D,Pendiente,-,-,-,-,-,-,NEUTRO
2026-08-12,PG,_NaiveModel,0.0,HOLD,N/D,N/D,N/D,Pendiente,-,-,-,-,-,-,NEUTRO
2026-08-12,TSLA,_NaiveModel,0.0,HOLD,N/D,N/D,N/D,Pendiente,-,-,-,-,-,-,NEUTRO
2026-08-12,TSM,_NaiveModel,0.0,HOLD,N/D,N/D,N/D,Pendiente,-,-,-,-,-,-,NEUTRO
2026-08-12,UNH,_NaiveModel,0.0,HOLD,N/D,N/D,N/D,Pendiente,-,-,-,-,-,-,NEUTRO
2026-08-12,V,_NaiveModel,0.0,HOLD,N/D,N/D,N/D,Pendiente,-,-,-,-,-,-,NEUTRO
2026-08-12,WMT,_NaiveModel,0.0,HOLD,N/D,N/D,N/D,Pendiente,-,-,-,-,-,-,NEUTRO
2026-08-12,XOM,_NaiveModel,0.0,HOLD,N/D,N/D,N/D,Pendiente,-,-,-,-,-,-,NEUTRO
2026-08-11,AAPL,_NaiveModel,0.0,HOLD,-1.09%,N/D,N/D,Pendiente,-,-,-,-,-,-,NEUTRO
2026-08-11,AMD,_NaiveModel,0.0,HOLD,1.01%,N/D,N/D,Pendiente,-,-,-,-,-,-,NEUTRO
2026-08-11,AMZN,_NaiveModel,0.0,HOLD,-2.09%,N/D,N/D,Pendiente,-,-,-,-,-,-,NEUTRO
2026-08-11,ASML,_NaiveModel,0.0,HOLD,3.80%,N/D,N/D,Pendiente,-,-,-,-,-,-,NEUTRO
2026-08-11,AVGO,_NaiveModel,0.0,HOLD,-1.50%,N/D,N/D,Pendiente,-,-,-,-,-,-,NEUTRO
2026-08-11,BRK-B,_NaiveModel,0.0,HOLD,-2.46%,N/D,N/D,Pendiente,-,-,-,-,-,-,NEUTRO
2026-08-11,CAT,_NaiveModel,0.0,HOLD,0.69%,N/D,N/D,Pendiente,-,-,-,-,-,-,NEUTRO
2026-08-11,COST,_NaiveModel,0.0,HOLD,-0.88%,N/D,N/D,Pendiente,-,-,-,-,-,-,NEUTRO
2026-08-11,CRM,_NaiveModel,0.0,HOLD,-0.02%,N/D,N/D,Pendiente,-,-,-,-,-,-,NEUTRO
2026-08-11,GOOGL,_NaiveModel,0.0,HOLD,-3.84%,N/D,N/D,Pendiente,-,-,-,-,-,-,NEUTRO
2026-08-11,JNJ,_NaiveModel,0.0,HOLD,-0.77%,N/D,N/D,Pendiente,-,-,-,-,-,-,NEUTRO
2026-08-11,JPM,_NaiveModel,0.0,HOLD,0.63%,N/D,N/D,Pendiente,-,-,-,-,-,-,NEUTRO
2026-08-11,LLY,_NaiveModel,0.0,HOLD,-1.37%,N/D,N/D,Pendiente,-,-,-,-,-,-,NEUTRO
2026-08-11,LMT,_NaiveModel,0.0,HOLD,-0.89%,N/D,N/D,Pendiente,-,-,-,-,-,-,NEUTRO
2026-08-11,MA,_NaiveModel,0.0,HOLD,-0.31%,N/D,N/D,Pendiente,-,-,-,-,-,-,NEUTRO
2026-08-11,MCD,_NaiveModel,0.0,HOLD,0.16%,N/D,N/D,Pendiente,-,-,-,-,-,-,NEUTRO
2026-08-11,META,_NaiveModel,0.0,HOLD,N/D,N/D,N/D,Pendiente,-,-,-,-,-,-,NEUTRO
2026-08-11,MRK,_NaiveModel,0.0,HOLD,-0.38%,N/D,N/D,Pendiente,-,-,-,-,-,-,NEUTRO
2026-08-11,MSFT,_NaiveModel,0.0,HOLD,-0.44%,N/D,N/D,Pendiente,-,-,-,-,-,-,NEUTRO
2026-08-11,NEE,_NaiveModel,0.0,HOLD,1.23%,N/D,N/D,Pendiente,-,-,-,-,-,-,NEUTRO
2026-08-11,NVDA,_NaiveModel,0.0,HOLD,-0.02%,N/D,N/D,Pendiente,-,-,-,-,-,-,NEUTRO
2026-08-11,ORCL,_NaiveModel,0.0,HOLD,-3.69%,N/D,N/D,Pendiente,-,-,-,-,-,-,NEUTRO
2026-08-11,PG,_NaiveModel,0.0,HOLD,-0.84%,N/D,N/D,Pendiente,-,-,-,-,-,-,NEUTRO
2026-08-11,PLTR,_NaiveModel,0.0,HOLD,N/D,N/D,N/D,Pendiente,-,-,-,-,-,-,NEUTRO
2026-08-11,TSLA,_NaiveModel,0.0,HOLD,0.58%,N/D,N/D,Pendiente,-,-,-,-,-,-,NEUTRO
2026-08-11,TSM,_NaiveModel,0.0,HOLD,0.86%,N/D,N/D,Pendiente,-,-,-,-,-,-,NEUTRO
2026-08-11,UNH,_NaiveModel,0.0,HOLD,-1.60%,N/D,N/D,Pendiente,-,-,-,-,-,-,NEUTRO
2026-08-11,V,_NaiveModel,0.0,HOLD,0.42%,N/D,N/D,Pendiente,-,-,-,-,-,-,NEUTRO
2026-08-11,WMT,_NaiveModel,0.0,HOLD,0.53%,N/D,N/D,Pendiente,-,-,-,-,-,-,NEUTRO
2026-08-11,XOM,_NaiveModel,0.0,HOLD,0.01%,N/D,N/D,Pendiente,-,-,-,-,-,-,NEUTRO
2026-08-10,AAPL,_NaiveModel,0.0,HOLD,-1.62%,N/D,N/D,Pendiente,-,-,-,-,-,-,NEUTRO
2026-08-10,AMD,_NaiveModel,0.0,HOLD,-2.86%,N/D,N/D,Pendiente,-,-,-,-,-,-,NEUTRO
2026-08-10,AMZN,_NaiveModel,0.0,HOLD,1.32%,N/D,N/D,Pendiente,-,-,-,-,-,-,NEUTRO
2026-08-10,ASML,_NaiveModel,0.0,HOLD,-0.43%,N/D,N/D,Pendiente,-,-,-,-,-,-,NEUTRO
2026-08-10,AVGO,_NaiveModel,0.0,HOLD,-1.25%,N/D,N/D,Pendiente,-,-,-,-,-,-,NEUTRO
2026-08-10,BRK-B,_NaiveModel,0.0,HOLD,1.46%,N/D,N/D,Pendiente,-,-,-,-,-,-,NEUTRO
2026-08-10,CAT,_NaiveModel,0.0,HOLD,-0.55%,N/D,N/D,Pendiente,-,-,-,-,-,-,NEUTRO
2026-08-10,COST,_NaiveModel,0.0,HOLD,0.52%,N/D,N/D,Pendiente,-,-,-,-,-,-,NEUTRO
2026-08-10,CRM,_NaiveModel,0.0,HOLD,2.47%,N/D,N/D,Pendiente,-,-,-,-,-,-,NEUTRO
2026-08-10,GOOGL,_NaiveModel,0.0,HOLD,0.91%,N/D,N/D,Pendiente,-,-,-,-,-,-,NEUTRO
2026-08-10,JNJ,_NaiveModel,0.0,HOLD,0.99%,N/D,N/D,Pendiente,-,-,-,-,-,-,NEUTRO
2026-08-10,JPM,_NaiveModel,0.0,HOLD,0.63%,N/D,N/D,Pendiente,-,-,-,-,-,-,NEUTRO
2026-08-10,LLY,_NaiveModel,0.0,HOLD,3.90%,N/D,N/D,Pendiente,-,-,-,-,-,-,NEUTRO
2026-08-10,LMT,_NaiveModel,0.0,HOLD,2.59%,N/D,N/D,Pendiente,-,-,-,-,-,-,NEUTRO
2026-08-10,MA,_NaiveModel,0.0,HOLD,0.04%,N/D,N/D,Pendiente,-,-,-,-,-,-,NEUTRO
2026-08-10,MCD,_NaiveModel,0.0,HOLD,-0.28%,N/D,N/D,Pendiente,-,-,-,-,-,-,NEUTRO
2026-08-10,META,_NaiveModel,0.0,HOLD,0.48%,N/D,N/D,Pendiente,-,-,-,-,-,-,NEUTRO
2026-08-10,MRK,_NaiveModel,0.0,HOLD,1.82%,N/D,N/D,Pendiente,-,-,-,-,-,-,NEUTRO
2026-08-10,MSFT,_NaiveModel,0.0,HOLD,1.21%,N/D,N/D,Pendiente,-,-,-,-,-,-,NEUTRO
2026-08-10,NEE,_NaiveModel,0.0,HOLD,0.06%,N/D,N/D,Pendiente,-,-,-,-,-,-,NEUTRO
2026-08-10,NVDA,_NaiveModel,0.0,HOLD,-2.86%,N/D,N/D,Pendiente,-,-,-,-,-,-,NEUTRO
2026-08-10,ORCL,_NaiveModel,0.0,HOLD,2.74%,N/D,N/D,Pendiente,-,-,-,-,-,-,NEUTRO
2026-08-10,PG,_NaiveModel,0.0,HOLD,0.45%,N/D,N/D,Pendiente,-,-,-,-,-,-,NEUTRO
2026-08-10,PLTR,_NaiveModel,0.0,HOLD,1.87%,N/D,N/D,Pendiente,-,-,-,-,-,-,NEUTRO
2026-08-10,TSLA,_NaiveModel,0.0,HOLD,0.70%,N/D,N/D,Pendiente,-,-,-,-,-,-,NEUTRO
2026-08-10,TSM,_NaiveModel,0.0,HOLD,-0.37%,N/D,N/D,Pendiente,-,-,-,-,-,-,NEUTRO
2026-08-10,UNH,_NaiveModel,0.0,HOLD,0.41%,N/D,N/D,Pendiente,-,-,-,-,-,-,NEUTRO
2026-08-10,V,_NaiveModel,0.0,HOLD,-0.33%,N/D,N/D,Pendiente,-,-,-,-,-,-,NEUTRO
2026-08-10,WMT,_NaiveModel,0.0,HOLD,0.72%,N/D,N/D,Pendiente,-,-,-,-,-,-,NEUTRO
2026-08-10,XOM,_NaiveModel,0.0,HOLD,4.41%,N/D,N/D,Pendiente,-,-,-,-,-,-,NEUTRO
2026-08-09,AAPL,_NaiveModel,0.0,HOLD,0.00%,N/D,N/D,Pendiente,-,-,-,-,-,-,NEUTRO
2026-08-09,AMD,_NaiveModel,0.0,HOLD,0.00%,N/D,N/D,Pendiente,-,-,-,-,-,-,NEUTRO
2026-08-09,AMZN,_NaiveModel,0.0,HOLD,0.00%,N/D,N/D,Pendiente,-,-,-,-,-,-,NEUTRO
2026-08-09,ASML,_NaiveModel,0.0,HOLD,0.00%,N/D,N/D,Pendiente,-,-,-,-,-,-,NEUTRO
2026-08-09,AVGO,_NaiveModel,0.0,HOLD,0.00%,N/D,N/D,Pendiente,-,-,-,-,-,-,NEUTRO
2026-08-09,BRK-B,_NaiveModel,0.0,HOLD,0.00%,N/D,N/D,Pendiente,-,-,-,-,-,-,NEUTRO
2026-08-09,CAT,_NaiveModel,0.0,HOLD,0.00%,N/D,N/D,Pendiente,-,-,-,-,-,-,NEUTRO
2026-08-09,COST,_NaiveModel,0.0,HOLD,0.00%,N/D,N/D,Pendiente,-,-,-,-,-,-,NEUTRO
2026-08-09,CRM,_NaiveModel,0.0,HOLD,0.00%,N/D,N/D,Pendiente,-,-,-,-,-,-,NEUTRO
2026-08-09,GOOGL,_NaiveModel,0.0,HOLD,0.00%,N/D,N/D,Pendiente,-,-,-,-,-,-,NEUTRO
2026-08-09,JNJ,_NaiveModel,0.0,HOLD,0.00%,N/D,N/D,Pendiente,-,-,-,-,-,-,NEUTRO
2026-08-09,JPM,_NaiveModel,0.0,HOLD,0.00%,N/D,N/D,Pendiente,-,-,-,-,-,-,NEUTRO
2026-08-09,LLY,_NaiveModel,0.0,HOLD,0.00%,N/D,N/D,Pendiente,-,-,-,-,-,-,NEUTRO
2026-08-09,LMT,_NaiveModel,0.0,HOLD,0.00%,N/D,N/D,Pendiente,-,-,-,-,-,-,NEUTRO
2026-08-09,MA,_NaiveModel,0.0,HOLD,0.00%,N/D,N/D,Pendiente,-,-,-,-,-,-,NEUTRO
2026-08-09,MCD,_NaiveModel,0.0,HOLD,0.00%,N/D,N/D,Pendiente,-,-,-,-,-,-,NEUTRO
2026-08-09,META,_NaiveModel,0.0,HOLD,0.00%,N/D,N/D,Pendiente,-,-,-,-,-,-,NEUTRO
2026-08-09,MRK,_NaiveModel,0.0,HOLD,0.00%,N/D,N/D,Pendiente,-,-,-,-,-,-,NEUTRO
2026-08-09,MSFT,_NaiveModel,0.0,HOLD,0.00%,N/D,N/D,Pendiente,-,-,-,-,-,-,NEUTRO
2026-08-09,NEE,_NaiveModel,0.0,HOLD,0.00%,N/D,N/D,Pendiente,-,-,-,-,-,-,NEUTRO
2026-08-09,NVDA,_NaiveModel,0.0,HOLD,0.00%,N/D,N/D,Pendiente,-,-,-,-,-,-,NEUTRO
2026-08-09,ORCL,_NaiveModel,0.0,HOLD,0.00%,N/D,N/D,Pendiente,-,-,-,-,-,-,NEUTRO
2026-08-09,PG,_NaiveModel,0.0,HOLD,0.00%,N/D,N/D,Pendiente,-,-,-,-,-,-,NEUTRO
2026-08-09,PLTR,_NaiveModel,0.0,HOLD,0.00%,N/D,N/D,Pendiente,-,-,-,-,-,-,NEUTRO
2026-08-09,TSLA,_NaiveModel,0.0,HOLD,0.00%,N/D,N/D,Pendiente,-,-,-,-,-,-,NEUTRO
2026-08-09,TSM,_NaiveModel,0.0,HOLD,0.00%,N/D,N/D,Pendiente,-,-,-,-,-,-,NEUTRO
2026-08-09,UNH,_NaiveModel,0.0,HOLD,0.00%,N/D,N/D,Pendiente,-,-,-,-,-,-,NEUTRO
2026-08-09,V,_NaiveModel,0.0,HOLD,0.00%,N/D,N/D,Pendiente,-,-,-,-,-,-,NEUTRO
2026-08-09,WMT,_NaiveModel,0.0,HOLD,0.00%,N/D,N/D,Pendiente,-,-,-,-,-,-,NEUTRO
2026-08-09,XOM,_NaiveModel,0.0,HOLD,0.00%,N/D,N/D,Pendiente,-,-,-,-,-,-,NEUTRO
2026-08-08,AAPL,_NaiveModel,0.0,HOLD,0.00%,N/D,N/D,Pendiente,-,-,-,-,-,-,NEUTRO
2026-08-08,AMD,_NaiveModel,0.0,HOLD,0.00%,N/D,N/D,Pendiente,-,-,-,-,-,-,NEUTRO
2026-08-08,AMZN,_NaiveModel,0.0,HOLD,0.00%,N/D,N/D,Pendiente,-,-,-,-,-,-,NEUTRO
2026-08-08,ASML,_NaiveModel,0.0,HOLD,0.00%,N/D,N/D,Pendiente,-,-,-,-,-,-,NEUTRO
2026-08-08,AVGO,_NaiveModel,0.0,HOLD,0.00%,N/D,N/D,Pendiente,-,-,-,-,-,-,NEUTRO
2026-08-08,BRK-B,_NaiveModel,0.0,HOLD,0.00%,N/D,N/D,Pendiente,-,-,-,-,-,-,NEUTRO
2026-08-08,CAT,_NaiveModel,0.0,HOLD,0.00%,N/D,N/D,Pendiente,-,-,-,-,-,-,NEUTRO
2026-08-08,COST,_NaiveModel,0.0,HOLD,0.00%,N/D,N/D,Pendiente,-,-,-,-,-,-,NEUTRO
2026-08-08,CRM,_NaiveModel,0.0,HOLD,0.00%,N/D,N/D,Pendiente,-,-,-,-,-,-,NEUTRO
2026-08-08,GOOGL,_NaiveModel,0.0,HOLD,0.00%,N/D,N/D,Pendiente,-,-,-,-,-,-,NEUTRO
2026-08-08,JNJ,_NaiveModel,0.0,HOLD,0.00%,N/D,N/D,Pendiente,-,-,-,-,-,-,NEUTRO
2026-08-08,JPM,_NaiveModel,0.0,HOLD,0.00%,N/D,N/D,Pendiente,-,-,-,-,-,-,NEUTRO
2026-08-08,LLY,_NaiveModel,0.0,HOLD,0.00%,N/D,N/D,Pendiente,-,-,-,-,-,-,NEUTRO
2026-08-08,LMT,_NaiveModel,0.0,HOLD,0.00%,N/D,N/D,Pendiente,-,-,-,-,-,-,NEUTRO
2026-08-08,MA,_NaiveModel,0.0,HOLD,0.00%,N/D,N/D,Pendiente,-,-,-,-,-,-,NEUTRO
2026-08-08,MCD,_NaiveModel,0.0,HOLD,0.00%,N/D,N/D,Pendiente,-,-,-,-,-,-,NEUTRO
2026-08-08,META,_NaiveModel,0.0,HOLD,0.00%,N/D,N/D,Pendiente,-,-,-,-,-,-,NEUTRO
2026-08-08,MRK,_NaiveModel,0.0,HOLD,0.00%,N/D,N/D,Pendiente,-,-,-,-,-,-,NEUTRO
2026-08-08,MSFT,_NaiveModel,0.0,HOLD,0.00%,N/D,N/D,Pendiente,-,-,-,-,-,-,NEUTRO
2026-08-08,NEE,_NaiveModel,0.0,HOLD,0.00%,N/D,N/D,Pendiente,-,-,-,-,-,-,NEUTRO
2026-08-08,NVDA,_NaiveModel,0.0,HOLD,0.00%,N/D,N/D,Pendiente,-,-,-,-,-,-,NEUTRO
2026-08-08,ORCL,_NaiveModel,0.0,HOLD,0.00%,N/D,N/D,Pendiente,-,-,-,-,-,-,NEUTRO
2026-08-08,PG,_NaiveModel,0.0,HOLD,0.00%,N/D,N/D,Pendiente,-,-,-,-,-,-,NEUTRO
2026-08-08,PLTR,_NaiveModel,0.0,HOLD,0.00%,N/D,N/D,Pendiente,-,-,-,-,-,-,NEUTRO
2026-08-08,TSLA,_NaiveModel,0.0,HOLD,0.00%,N/D,N/D,Pendiente,-,-,-,-,-,-,NEUTRO
2026-08-08,TSM,_NaiveModel,0.0,HOLD,0.00%,N/D,N/D,Pendiente,-,-,-,-,-,-,NEUTRO
2026-08-08,UNH,_NaiveModel,0.0,HOLD,0.00%,N/D,N/D,Pendiente,-,-,-,-,-,-,NEUTRO
2026-08-08,V,_NaiveModel,0.0,HOLD,0.00%,N/D,N/D,Pendiente,-,-,-,-,-,-,NEUTRO
2026-08-08,WMT,_NaiveModel,0.0,HOLD,0.00%,N/D,N/D,Pendiente,-,-,-,-,-,-,NEUTRO
2026-08-08,XOM,_NaiveModel,0.0,HOLD,0.00%,N/D,N/D,Pendiente,-,-,-,-,-,-,NEUTRO
2026-08-07,AAPL,_NaiveModel,0.0,HOLD,0.29%,-2.40%,N/D,Fallo,-,-,-,-,-,-,NEUTRO
2026-08-07,AMD,_NaiveModel,0.0,HOLD,-1.21%,-3.06%,N/D,Fallo,-,-,-,-,-,-,NEUTRO
2026-08-07,AMZN,_NaiveModel,0.0,HOLD,0.82%,0.00%,N/D,Acierto,-,-,-,-,-,-,NEUTRO
2026-08-07,ASML,_NaiveModel,0.0,HOLD,2.15%,5.57%,N/D,Fallo,-,-,-,-,-,-,NEUTRO
2026-08-07,AVGO,_NaiveModel,0.0,HOLD,1.71%,-1.07%,N/D,Fallo,-,-,-,-,-,-,NEUTRO
2026-08-07,BRK-B,_NaiveModel,0.0,HOLD,-0.54%,-1.57%,N/D,Fallo,-,-,-,-,-,-,NEUTRO
2026-08-07,CAT,_NaiveModel,0.0,HOLD,-1.72%,-1.59%,N/D,Fallo,-,-,-,-,-,-,NEUTRO
2026-08-07,COST,_NaiveModel,0.0,HOLD,-0.14%,-0.51%,N/D,Acierto,-,-,-,-,-,-,NEUTRO
2026-08-07,CRM,_NaiveModel,0.0,HOLD,3.20%,5.73%,N/D,Fallo,-,-,-,-,-,-,NEUTRO
2026-08-07,GOOGL,_NaiveModel,0.0,HOLD,-0.96%,-3.90%,N/D,Fallo,-,-,-,-,-,-,NEUTRO
2026-08-07,JNJ,_NaiveModel,0.0,HOLD,0.88%,1.10%,N/D,Fallo,-,-,-,-,-,-,NEUTRO
2026-08-07,JPM,_NaiveModel,0.0,HOLD,0.34%,1.61%,N/D,Fallo,-,-,-,-,-,-,NEUTRO
2026-08-07,LLY,_NaiveModel,0.0,HOLD,-0.52%,1.94%,N/D,Fallo,-,-,-,-,-,-,NEUTRO
2026-08-07,LMT,_NaiveModel,0.0,HOLD,0.88%,2.56%,N/D,Fallo,-,-,-,-,-,-,NEUTRO
2026-08-07,MA,_NaiveModel,0.0,HOLD,-2.26%,-2.52%,N/D,Fallo,-,-,-,-,-,-,NEUTRO
2026-08-07,MCD,_NaiveModel,0.0,HOLD,-0.64%,-0.76%,N/D,Acierto,-,-,-,-,-,-,NEUTRO
2026-08-07,META,_NaiveModel,0.0,HOLD,0.37%,N/D,N/D,Pendiente,-,-,-,-,-,-,NEUTRO
2026-08-07,MRK,_NaiveModel,0.0,HOLD,0.16%,1.60%,N/D,Fallo,-,-,-,-,-,-,NEUTRO
2026-08-07,MSFT,_NaiveModel,0.0,HOLD,0.03%,0.79%,N/D,Acierto,-,-,-,-,-,-,NEUTRO
2026-08-07,NEE,_NaiveModel,0.0,HOLD,0.06%,1.35%,N/D,Fallo,-,-,-,-,-,-,NEUTRO
2026-08-07,NVDA,_NaiveModel,0.0,HOLD,2.27%,-0.68%,N/D,Acierto,-,-,-,-,-,-,NEUTRO
2026-08-07,ORCL,_NaiveModel,0.0,HOLD,2.47%,1.40%,N/D,Fallo,-,-,-,-,-,-,NEUTRO
2026-08-07,PG,_NaiveModel,0.0,HOLD,-0.80%,-1.20%,N/D,Fallo,-,-,-,-,-,-,NEUTRO
2026-08-07,PLTR,_NaiveModel,0.0,HOLD,10.32%,N/D,N/D,Pendiente,-,-,-,-,-,-,NEUTRO
2026-08-07,TSLA,_NaiveModel,0.0,HOLD,2.83%,4.16%,N/D,Fallo,-,-,-,-,-,-,NEUTRO
2026-08-07,TSM,_NaiveModel,0.0,HOLD,0.44%,0.92%,N/D,Acierto,-,-,-,-,-,-,NEUTRO
2026-08-07,UNH,_NaiveModel,0.0,HOLD,0.77%,-0.44%,N/D,Acierto,-,-,-,-,-,-,NEUTRO
2026-08-07,V,_NaiveModel,0.0,HOLD,-2.15%,-2.06%,N/D,Fallo,-,-,-,-,-,-,NEUTRO
2026-08-07,WMT,_NaiveModel,0.0,HOLD,-0.20%,1.06%,N/D,Fallo,-,-,-,-,-,-,NEUTRO
2026-08-07,XOM,_NaiveModel,0.0,HOLD,-1.16%,3.20%,N/D,Fallo,-,-,-,-,-,-,NEUTRO
2026-08-06,AAPL,_NaiveModel,0.0,HOLD,0.45%,-0.88%,N/D,Acierto,-,-,-,-,-,-,NEUTRO
2026-08-06,AMD,_NaiveModel,0.0,HOLD,1.50%,-2.59%,N/D,Fallo,-,-,-,-,-,-,NEUTRO
2026-08-06,AMZN,_NaiveModel,0.0,HOLD,-0.14%,2.00%,N/D,Fallo,-,-,-,-,-,-,NEUTRO
2026-08-06,ASML,_NaiveModel,0.0,HOLD,1.56%,3.29%,N/D,Fallo,-,-,-,-,-,-,NEUTRO
2026-08-06,AVGO,_NaiveModel,0.0,HOLD,0.55%,0.98%,N/D,Acierto,-,-,-,-,-,-,NEUTRO
2026-08-06,BRK-B,_NaiveModel,0.0,HOLD,1.11%,2.04%,N/D,Fallo,-,-,-,-,-,-,NEUTRO
2026-08-06,CAT,_NaiveModel,0.0,HOLD,-1.62%,-3.85%,N/D,Fallo,-,-,-,-,-,-,NEUTRO
2026-08-06,COST,_NaiveModel,0.0,HOLD,0.76%,1.14%,N/D,Fallo,-,-,-,-,-,-,NEUTRO
2026-08-06,CRM,_NaiveModel,0.0,HOLD,-3.22%,2.35%,N/D,Fallo,-,-,-,-,-,-,NEUTRO
2026-08-06,GOOGL,_NaiveModel,0.0,HOLD,-1.29%,-1.35%,N/D,Fallo,-,-,-,-,-,-,NEUTRO
2026-08-06,JNJ,_NaiveModel,0.0,HOLD,-0.24%,1.64%,N/D,Fallo,-,-,-,-,-,-,NEUTRO
2026-08-06,JPM,_NaiveModel,0.0,HOLD,-0.82%,0.15%,N/D,Acierto,-,-,-,-,-,-,NEUTRO
2026-08-06,LLY,_NaiveModel,0.0,HOLD,1.89%,5.31%,N/D,Fallo,-,-,-,-,-,-,NEUTRO
2026-08-06,LMT,_NaiveModel,0.0,HOLD,0.91%,4.43%,N/D,Fallo,-,-,-,-,-,-,NEUTRO
2026-08-06,MA,_NaiveModel,0.0,HOLD,0.96%,-1.28%,N/D,Fallo,-,-,-,-,-,-,NEUTRO
2026-08-06,MCD,_NaiveModel,0.0,HOLD,0.82%,-0.10%,N/D,Acierto,-,-,-,-,-,-,NEUTRO
2026-08-06,META,_NaiveModel,0.0,HOLD,0.19%,1.04%,N/D,Fallo,-,-,-,-,-,-,NEUTRO
2026-08-06,MRK,_NaiveModel,0.0,HOLD,0.03%,2.02%,N/D,Fallo,-,-,-,-,-,-,NEUTRO
2026-08-06,MSFT,_NaiveModel,0.0,HOLD,2.54%,3.82%,N/D,Fallo,-,-,-,-,-,-,NEUTRO
2026-08-06,NEE,_NaiveModel,0.0,HOLD,-1.52%,-1.41%,N/D,Fallo,-,-,-,-,-,-,NEUTRO
2026-08-06,NVDA,_NaiveModel,0.0,HOLD,-0.10%,-0.76%,N/D,Acierto,-,-,-,-,-,-,NEUTRO
2026-08-06,ORCL,_NaiveModel,0.0,HOLD,-0.64%,4.61%,N/D,Fallo,-,-,-,-,-,-,NEUTRO
2026-08-06,PG,_NaiveModel,0.0,HOLD,0.12%,-0.25%,N/D,Acierto,-,-,-,-,-,-,NEUTRO
2026-08-06,PLTR,_NaiveModel,0.0,HOLD,-1.58%,10.60%,N/D,Fallo,-,-,-,-,-,-,NEUTRO
2026-08-06,TSLA,_NaiveModel,0.0,HOLD,-0.63%,2.90%,N/D,Fallo,-,-,-,-,-,-,NEUTRO
2026-08-06,TSM,_NaiveModel,0.0,HOLD,1.01%,1.08%,N/D,Fallo,-,-,-,-,-,-,NEUTRO
2026-08-06,UNH,_NaiveModel,0.0,HOLD,-2.13%,-0.97%,N/D,Acierto,-,-,-,-,-,-,NEUTRO
2026-08-06,V,_NaiveModel,0.0,HOLD,0.52%,-1.96%,N/D,Fallo,-,-,-,-,-,-,NEUTRO
2026-08-06,WMT,_NaiveModel,0.0,HOLD,-0.24%,0.28%,N/D,Acierto,-,-,-,-,-,-,NEUTRO
2026-08-06,XOM,_NaiveModel,0.0,HOLD,2.12%,5.38%,N/D,Fallo,-,-,-,-,-,-,NEUTRO
2026-08-05,AAPL,_NaiveModel,0.0,HOLD,0.52%,1.28%,N/D,Fallo,-,-,-,-,-,-,NEUTRO
2026-08-05,AMD,_NaiveModel,0.0,HOLD,-7.04%,-6.79%,N/D,Fallo,-,-,-,-,-,-,NEUTRO
2026-08-05,AMZN,_NaiveModel,0.0,HOLD,-1.72%,-1.06%,N/D,Fallo,-,-,-,-,-,-,NEUTRO
2026-08-05,ASML,_NaiveModel,0.0,HOLD,-1.97%,1.70%,N/D,Fallo,-,-,-,-,-,-,NEUTRO
2026-08-05,AVGO,_NaiveModel,0.0,HOLD,0.03%,2.30%,N/D,Fallo,-,-,-,-,-,-,NEUTRO
2026-08-05,BRK-B,_NaiveModel,0.0,HOLD,0.32%,0.89%,N/D,Acierto,-,-,-,-,-,-,NEUTRO
2026-08-05,CAT,_NaiveModel,0.0,HOLD,-0.62%,-3.92%,N/D,Fallo,-,-,-,-,-,-,NEUTRO
2026-08-05,COST,_NaiveModel,0.0,HOLD,-0.62%,-0.00%,N/D,Acierto,-,-,-,-,-,-,NEUTRO
2026-08-05,CRM,_NaiveModel,0.0,HOLD,1.04%,0.92%,N/D,Acierto,-,-,-,-,-,-,NEUTRO
2026-08-05,GOOGL,_NaiveModel,0.0,HOLD,-4.03%,-6.18%,N/D,Fallo,-,-,-,-,-,-,NEUTRO
2026-08-05,JNJ,_NaiveModel,0.0,HOLD,1.04%,1.69%,N/D,Fallo,-,-,-,-,-,-,NEUTRO
2026-08-05,JPM,_NaiveModel,0.0,HOLD,0.48%,0.00%,N/D,Acierto,-,-,-,-,-,-,NEUTRO
2026-08-05,LLY,_NaiveModel,0.0,HOLD,4.86%,6.28%,N/D,Fallo,-,-,-,-,-,-,NEUTRO
2026-08-05,LMT,_NaiveModel,0.0,HOLD,-1.99%,-0.23%,N/D,Acierto,-,-,-,-,-,-,NEUTRO
2026-08-05,MA,_NaiveModel,0.0,HOLD,-0.11%,-1.43%,N/D,Fallo,-,-,-,-,-,-,NEUTRO
2026-08-05,MCD,_NaiveModel,0.0,HOLD,2.11%,2.29%,N/D,Fallo,-,-,-,-,-,-,NEUTRO
2026-08-05,META,_NaiveModel,0.0,HOLD,0.14%,0.71%,N/D,Acierto,-,-,-,-,-,-,NEUTRO
2026-08-05,MRK,_NaiveModel,0.0,HOLD,0.26%,0.45%,N/D,Acierto,-,-,-,-,-,-,NEUTRO
2026-08-05,MSFT,_NaiveModel,0.0,HOLD,-1.09%,1.46%,N/D,Fallo,-,-,-,-,-,-,NEUTRO
2026-08-05,NEE,_NaiveModel,0.0,HOLD,-1.48%,-2.92%,N/D,Fallo,-,-,-,-,-,-,NEUTRO
2026-08-05,NVDA,_NaiveModel,0.0,HOLD,3.43%,5.67%,N/D,Fallo,-,-,-,-,-,-,NEUTRO
2026-08-05,ORCL,_NaiveModel,0.0,HOLD,-0.93%,0.88%,N/D,Acierto,-,-,-,-,-,-,NEUTRO
2026-08-05,PG,_NaiveModel,0.0,HOLD,-0.82%,-1.50%,N/D,Fallo,-,-,-,-,-,-,NEUTRO
2026-08-05,PLTR,_NaiveModel,0.0,HOLD,-2.60%,5.75%,N/D,Fallo,-,-,-,-,-,-,NEUTRO
2026-08-05,TSLA,_NaiveModel,0.0,HOLD,-1.77%,0.38%,N/D,Acierto,-,-,-,-,-,-,NEUTRO
2026-08-05,TSM,_NaiveModel,0.0,HOLD,-0.76%,0.69%,N/D,Acierto,-,-,-,-,-,-,NEUTRO
2026-08-05,UNH,_NaiveModel,0.0,HOLD,1.28%,-0.12%,N/D,Acierto,-,-,-,-,-,-,NEUTRO
2026-08-05,V,_NaiveModel,0.0,HOLD,-0.28%,-1.92%,N/D,Fallo,-,-,-,-,-,-,NEUTRO
2026-08-05,WMT,_NaiveModel,0.0,HOLD,0.71%,0.27%,N/D,Acierto,-,-,-,-,-,-,NEUTRO
2026-08-05,XOM,_NaiveModel,0.0,HOLD,-1.51%,-0.60%,N/D,Acierto,-,-,-,-,-,-,NEUTRO
2026-08-04,AAPL,_NaiveModel,0.0,HOLD,1.96%,3.27%,N/D,Fallo,-,-,-,-,-,-,NEUTRO
2026-08-04,AMD,_NaiveModel,0.0,HOLD,7.00%,-0.26%,N/D,Acierto,-,-,-,-,-,-,NEUTRO
2026-08-04,AMZN,_NaiveModel,0.0,HOLD,-2.32%,-3.36%,N/D,Fallo,-,-,-,-,-,-,NEUTRO
2026-08-04,ASML,_NaiveModel,0.0,HOLD,4.22%,6.00%,N/D,Fallo,-,-,-,-,-,-,NEUTRO
2026-08-04,AVGO,_NaiveModel,0.0,HOLD,6.61%,9.06%,N/D,Fallo,-,-,-,-,-,-,NEUTRO
2026-08-04,BRK-B,_NaiveModel,0.0,HOLD,0.80%,1.69%,N/D,Fallo,-,-,-,-,-,-,NEUTRO
2026-08-04,CAT,_NaiveModel,0.0,HOLD,5.60%,1.47%,N/D,Fallo,-,-,-,-,-,-,NEUTRO
2026-08-04,COST,_NaiveModel,0.0,HOLD,-0.65%,-0.66%,N/D,Acierto,-,-,-,-,-,-,NEUTRO
2026-08-04,CRM,_NaiveModel,0.0,HOLD,2.71%,3.65%,N/D,Fallo,-,-,-,-,-,-,NEUTRO
2026-08-04,GOOGL,_NaiveModel,0.0,HOLD,1.11%,-5.14%,N/D,Fallo,-,-,-,-,-,-,NEUTRO
2026-08-04,JNJ,_NaiveModel,0.0,HOLD,0.20%,1.90%,N/D,Fallo,-,-,-,-,-,-,NEUTRO
2026-08-04,JPM,_NaiveModel,0.0,HOLD,1.38%,1.38%,N/D,Fallo,-,-,-,-,-,-,NEUTRO
2026-08-04,LLY,_NaiveModel,0.0,HOLD,-0.51%,5.74%,N/D,Fallo,-,-,-,-,-,-,NEUTRO
2026-08-04,LMT,_NaiveModel,0.0,HOLD,0.52%,0.28%,N/D,Acierto,-,-,-,-,-,-,NEUTRO
2026-08-04,MA,_NaiveModel,0.0,HOLD,0.02%,-1.40%,N/D,Fallo,-,-,-,-,-,-,NEUTRO
2026-08-04,MCD,_NaiveModel,0.0,HOLD,1.17%,3.49%,N/D,Fallo,-,-,-,-,-,-,NEUTRO
2026-08-04,META,_NaiveModel,0.0,HOLD,-0.39%,0.32%,N/D,Acierto,-,-,-,-,-,-,NEUTRO
2026-08-04,MRK,_NaiveModel,0.0,HOLD,0.18%,0.63%,N/D,Acierto,-,-,-,-,-,-,NEUTRO
2026-08-04,MSFT,_NaiveModel,0.0,HOLD,1.06%,2.53%,N/D,Fallo,-,-,-,-,-,-,NEUTRO
2026-08-04,NEE,_NaiveModel,0.0,HOLD,0.75%,-2.20%,N/D,Fallo,-,-,-,-,-,-,NEUTRO
2026-08-04,NVDA,_NaiveModel,0.0,HOLD,2.56%,8.38%,N/D,Fallo,-,-,-,-,-,-,NEUTRO
2026-08-04,ORCL,_NaiveModel,0.0,HOLD,2.74%,3.64%,N/D,Fallo,-,-,-,-,-,-,NEUTRO
2026-08-04,PG,_NaiveModel,0.0,HOLD,2.10%,0.57%,N/D,Acierto,-,-,-,-,-,-,NEUTRO
2026-08-04,PLTR,_NaiveModel,0.0,HOLD,29.45%,36.90%,N/D,Fallo,-,-,-,-,-,-,NEUTRO
2026-08-04,TSLA,_NaiveModel,0.0,HOLD,1.64%,2.02%,N/D,Fallo,-,-,-,-,-,-,NEUTRO
2026-08-04,TSM,_NaiveModel,0.0,HOLD,2.72%,3.43%,N/D,Fallo,-,-,-,-,-,-,NEUTRO
2026-08-04,UNH,_NaiveModel,0.0,HOLD,-1.88%,-1.99%,N/D,Fallo,-,-,-,-,-,-,NEUTRO
2026-08-04,V,_NaiveModel,0.0,HOLD,1.07%,-0.87%,N/D,Acierto,-,-,-,-,-,-,NEUTRO
2026-08-04,WMT,_NaiveModel,0.0,HOLD,0.76%,1.03%,N/D,Fallo,-,-,-,-,-,-,NEUTRO
2026-08-04,XOM,_NaiveModel,0.0,HOLD,-0.71%,-1.30%,N/D,Fallo,-,-,-,-,-,-,NEUTRO
2026-08-03,AAPL,_NaiveModel,0.0,HOLD,-1.78%,1.43%,N/D,Fallo,-,-,-,-,-,-,NEUTRO
2026-08-03,AMD,_NaiveModel,0.0,HOLD,1.78%,1.51%,N/D,Fallo,-,-,-,-,-,-,NEUTRO
2026-08-03,AMZN,_NaiveModel,0.0,HOLD,4.58%,1.07%,N/D,Fallo,-,-,-,-,-,-,NEUTRO
2026-08-03,ASML,_NaiveModel,0.0,HOLD,0.83%,6.87%,N/D,Fallo,-,-,-,-,-,-,NEUTRO
2026-08-03,AVGO,_NaiveModel,0.0,HOLD,0.76%,9.88%,N/D,Fallo,-,-,-,-,-,-,NEUTRO
2026-08-03,BRK-B,_NaiveModel,0.0,HOLD,0.31%,2.01%,N/D,Fallo,-,-,-,-,-,-,NEUTRO
2026-08-03,CAT,_NaiveModel,0.0,HOLD,1.87%,3.36%,N/D,Fallo,-,-,-,-,-,-,NEUTRO
2026-08-03,COST,_NaiveModel,0.0,HOLD,0.23%,-0.43%,N/D,Acierto,-,-,-,-,-,-,NEUTRO
2026-08-03,CRM,_NaiveModel,0.0,HOLD,1.05%,4.74%,N/D,Fallo,-,-,-,-,-,-,NEUTRO
2026-08-03,GOOGL,_NaiveModel,0.0,HOLD,4.88%,-0.51%,N/D,Acierto,-,-,-,-,-,-,NEUTRO
2026-08-03,JNJ,_NaiveModel,0.0,HOLD,-0.76%,1.13%,N/D,Fallo,-,-,-,-,-,-,NEUTRO
2026-08-03,JPM,_NaiveModel,0.0,HOLD,0.24%,1.63%,N/D,Fallo,-,-,-,-,-,-,NEUTRO
2026-08-03,LLY,_NaiveModel,0.0,HOLD,-2.39%,3.21%,N/D,Fallo,-,-,-,-,-,-,NEUTRO
2026-08-03,LMT,_NaiveModel,0.0,HOLD,0.61%,0.89%,N/D,Acierto,-,-,-,-,-,-,NEUTRO
2026-08-03,MA,_NaiveModel,0.0,HOLD,-0.37%,-1.77%,N/D,Fallo,-,-,-,-,-,-,NEUTRO
2026-08-03,MCD,_NaiveModel,0.0,HOLD,-2.00%,1.42%,N/D,Fallo,-,-,-,-,-,-,NEUTRO
2026-08-03,META,_NaiveModel,0.0,HOLD,6.02%,6.36%,N/D,Fallo,-,-,-,-,-,-,NEUTRO
2026-08-03,MRK,_NaiveModel,0.0,HOLD,-1.87%,-1.24%,N/D,Fallo,-,-,-,-,-,-,NEUTRO
2026-08-03,MSFT,_NaiveModel,0.0,HOLD,4.93%,7.59%,N/D,Fallo,-,-,-,-,-,-,NEUTRO
2026-08-03,NEE,_NaiveModel,0.0,HOLD,-0.43%,-2.61%,N/D,Fallo,-,-,-,-,-,-,NEUTRO
2026-08-03,NVDA,_NaiveModel,0.0,HOLD,2.93%,11.56%,N/D,Fallo,-,-,-,-,-,-,NEUTRO
2026-08-03,ORCL,_NaiveModel,0.0,HOLD,9.22%,13.21%,N/D,Fallo,-,-,-,-,-,-,NEUTRO
2026-08-03,PG,_NaiveModel,0.0,HOLD,0.33%,0.90%,N/D,Acierto,-,-,-,-,-,-,NEUTRO
2026-08-03,PLTR,_NaiveModel,0.0,HOLD,2.10%,39.78%,N/D,Fallo,-,-,-,-,-,-,NEUTRO
2026-08-03,TSLA,_NaiveModel,0.0,HOLD,3.49%,5.58%,N/D,Fallo,-,-,-,-,-,-,NEUTRO
2026-08-03,TSM,_NaiveModel,0.0,HOLD,0.46%,3.91%,N/D,Fallo,-,-,-,-,-,-,NEUTRO
2026-08-03,UNH,_NaiveModel,0.0,HOLD,0.23%,-1.77%,N/D,Fallo,-,-,-,-,-,-,NEUTRO
2026-08-03,V,_NaiveModel,0.0,HOLD,-0.13%,-0.99%,N/D,Acierto,-,-,-,-,-,-,NEUTRO
2026-08-03,WMT,_NaiveModel,0.0,HOLD,-0.44%,0.58%,N/D,Acierto,-,-,-,-,-,-,NEUTRO
2026-08-03,XOM,_NaiveModel,0.0,HOLD,-0.24%,-1.54%,N/D,Fallo,-,-,-,-,-,-,NEUTRO
2026-08-02,AAPL,_NaiveModel,0.0,HOLD,0.00%,1.13%,N/D,Fallo,-,-,-,-,-,-,NEUTRO
2026-08-02,AMD,_NaiveModel,0.0,HOLD,0.00%,2.76%,N/D,Fallo,-,-,-,-,-,-,NEUTRO
2026-08-02,AMZN,_NaiveModel,0.0,HOLD,0.00%,0.25%,N/D,Acierto,-,-,-,-,-,-,NEUTRO
2026-08-02,ASML,_NaiveModel,0.0,HOLD,0.00%,4.63%,N/D,Fallo,-,-,-,-,-,-,NEUTRO
2026-08-02,AVGO,_NaiveModel,0.0,HOLD,0.00%,8.04%,N/D,Fallo,-,-,-,-,-,-,NEUTRO
2026-08-02,BRK-B,_NaiveModel,0.0,HOLD,0.00%,2.56%,N/D,Fallo,-,-,-,-,-,-,NEUTRO
2026-08-02,CAT,_NaiveModel,0.0,HOLD,0.00%,5.17%,N/D,Fallo,-,-,-,-,-,-,NEUTRO
2026-08-02,COST,_NaiveModel,0.0,HOLD,0.00%,-0.29%,N/D,Acierto,-,-,-,-,-,-,NEUTRO
2026-08-02,CRM,_NaiveModel,0.0,HOLD,0.00%,1.49%,N/D,Fallo,-,-,-,-,-,-,NEUTRO
2026-08-02,GOOGL,_NaiveModel,0.0,HOLD,0.00%,0.45%,N/D,Acierto,-,-,-,-,-,-,NEUTRO
2026-08-02,JNJ,_NaiveModel,0.0,HOLD,0.00%,0.25%,N/D,Acierto,-,-,-,-,-,-,NEUTRO
2026-08-02,JPM,_NaiveModel,0.0,HOLD,0.00%,1.28%,N/D,Fallo,-,-,-,-,-,-,NEUTRO
2026-08-02,LLY,_NaiveModel,0.0,HOLD,0.00%,3.75%,N/D,Fallo,-,-,-,-,-,-,NEUTRO
2026-08-02,LMT,_NaiveModel,0.0,HOLD,0.00%,0.02%,N/D,Acierto,-,-,-,-,-,-,NEUTRO
2026-08-02,MA,_NaiveModel,0.0,HOLD,0.00%,0.50%,N/D,Acierto,-,-,-,-,-,-,NEUTRO
2026-08-02,MCD,_NaiveModel,0.0,HOLD,0.00%,2.08%,N/D,Fallo,-,-,-,-,-,-,NEUTRO
2026-08-02,META,_NaiveModel,0.0,HOLD,0.00%,5.96%,N/D,Fallo,-,-,-,-,-,-,NEUTRO
2026-08-02,MRK,_NaiveModel,0.0,HOLD,0.00%,-1.41%,N/D,Fallo,-,-,-,-,-,-,NEUTRO
2026-08-02,MSFT,_NaiveModel,0.0,HOLD,0.00%,7.56%,N/D,Fallo,-,-,-,-,-,-,NEUTRO
2026-08-02,NEE,_NaiveModel,0.0,HOLD,0.00%,-2.67%,N/D,Fallo,-,-,-,-,-,-,NEUTRO
2026-08-02,NVDA,_NaiveModel,0.0,HOLD,0.00%,9.09%,N/D,Fallo,-,-,-,-,-,-,NEUTRO
2026-08-02,ORCL,_NaiveModel,0.0,HOLD,0.00%,10.47%,N/D,Fallo,-,-,-,-,-,-,NEUTRO
2026-08-02,PG,_NaiveModel,0.0,HOLD,0.00%,1.72%,N/D,Fallo,-,-,-,-,-,-,NEUTRO
2026-08-02,PLTR,_NaiveModel,0.0,HOLD,0.00%,26.70%,N/D,Fallo,-,-,-,-,-,-,NEUTRO
2026-08-02,TSLA,_NaiveModel,0.0,HOLD,0.00%,2.67%,N/D,Fallo,-,-,-,-,-,-,NEUTRO
2026-08-02,TSM,_NaiveModel,0.0,HOLD,0.00%,3.45%,N/D,Fallo,-,-,-,-,-,-,NEUTRO
2026-08-02,UNH,_NaiveModel,0.0,HOLD,0.00%,-2.52%,N/D,Fallo,-,-,-,-,-,-,NEUTRO
2026-08-02,V,_NaiveModel,0.0,HOLD,0.00%,1.19%,N/D,Fallo,-,-,-,-,-,-,NEUTRO
2026-08-02,WMT,_NaiveModel,0.0,HOLD,0.00%,0.78%,N/D,Acierto,-,-,-,-,-,-,NEUTRO
2026-08-02,XOM,_NaiveModel,0.0,HOLD,0.00%,-0.39%,N/D,Acierto,-,-,-,-,-,-,NEUTRO
2026-08-01,AAPL,_NaiveModel,0.0,HOLD,0.00%,0.68%,N/D,Acierto,-,-,-,-,-,-,NEUTRO
2026-08-01,AMD,_NaiveModel,0.0,HOLD,0.00%,1.24%,N/D,Fallo,-,-,-,-,-,-,NEUTRO
2026-08-01,AMZN,_NaiveModel,0.0,HOLD,0.00%,0.39%,N/D,Acierto,-,-,-,-,-,-,NEUTRO
2026-08-01,ASML,_NaiveModel,0.0,HOLD,0.00%,3.02%,N/D,Fallo,-,-,-,-,-,-,NEUTRO
2026-08-01,AVGO,_NaiveModel,0.0,HOLD,0.00%,7.45%,N/D,Fallo,-,-,-,-,-,-,NEUTRO
2026-08-01,BRK-B,_NaiveModel,0.0,HOLD,0.00%,1.43%,N/D,Fallo,-,-,-,-,-,-,NEUTRO
2026-08-01,CAT,_NaiveModel,0.0,HOLD,0.00%,6.91%,N/D,Fallo,-,-,-,-,-,-,NEUTRO
2026-08-01,COST,_NaiveModel,0.0,HOLD,0.00%,-1.04%,N/D,Fallo,-,-,-,-,-,-,NEUTRO
2026-08-01,CRM,_NaiveModel,0.0,HOLD,0.00%,4.87%,N/D,Fallo,-,-,-,-,-,-,NEUTRO
2026-08-01,GOOGL,_NaiveModel,0.0,HOLD,0.00%,1.77%,N/D,Fallo,-,-,-,-,-,-,NEUTRO
2026-08-01,JNJ,_NaiveModel,0.0,HOLD,0.00%,0.48%,N/D,Acierto,-,-,-,-,-,-,NEUTRO
2026-08-01,JPM,_NaiveModel,0.0,HOLD,0.00%,2.12%,N/D,Fallo,-,-,-,-,-,-,NEUTRO
2026-08-01,LLY,_NaiveModel,0.0,HOLD,0.00%,1.83%,N/D,Fallo,-,-,-,-,-,-,NEUTRO
2026-08-01,LMT,_NaiveModel,0.0,HOLD,0.00%,-0.88%,N/D,Acierto,-,-,-,-,-,-,NEUTRO
2026-08-01,MA,_NaiveModel,0.0,HOLD,0.00%,-0.46%,N/D,Acierto,-,-,-,-,-,-,NEUTRO
2026-08-01,MCD,_NaiveModel,0.0,HOLD,0.00%,1.24%,N/D,Fallo,-,-,-,-,-,-,NEUTRO
2026-08-01,META,_NaiveModel,0.0,HOLD,0.00%,5.76%,N/D,Fallo,-,-,-,-,-,-,NEUTRO
2026-08-01,MRK,_NaiveModel,0.0,HOLD,0.00%,-1.44%,N/D,Fallo,-,-,-,-,-,-,NEUTRO
2026-08-01,MSFT,_NaiveModel,0.0,HOLD,0.00%,4.89%,N/D,Fallo,-,-,-,-,-,-,NEUTRO
2026-08-01,NEE,_NaiveModel,0.0,HOLD,0.00%,-1.16%,N/D,Fallo,-,-,-,-,-,-,NEUTRO
2026-08-01,NVDA,_NaiveModel,0.0,HOLD,0.00%,9.20%,N/D,Fallo,-,-,-,-,-,-,NEUTRO
2026-08-01,ORCL,_NaiveModel,0.0,HOLD,0.00%,11.18%,N/D,Fallo,-,-,-,-,-,-,NEUTRO
2026-08-01,PG,_NaiveModel,0.0,HOLD,0.00%,1.60%,N/D,Fallo,-,-,-,-,-,-,NEUTRO
2026-08-01,PLTR,_NaiveModel,0.0,HOLD,0.00%,28.74%,N/D,Fallo,-,-,-,-,-,-,NEUTRO
2026-08-01,TSLA,_NaiveModel,0.0,HOLD,0.00%,3.32%,N/D,Fallo,-,-,-,-,-,-,NEUTRO
2026-08-01,TSM,_NaiveModel,0.0,HOLD,0.00%,2.41%,N/D,Fallo,-,-,-,-,-,-,NEUTRO
2026-08-01,UNH,_NaiveModel,0.0,HOLD,0.00%,-0.40%,N/D,Acierto,-,-,-,-,-,-,NEUTRO
2026-08-01,V,_NaiveModel,0.0,HOLD,0.00%,0.66%,N/D,Acierto,-,-,-,-,-,-,NEUTRO
2026-08-01,WMT,_NaiveModel,0.0,HOLD,0.00%,1.03%,N/D,Fallo,-,-,-,-,-,-,NEUTRO
2026-08-01,XOM,_NaiveModel,0.0,HOLD,0.00%,-2.45%,N/D,Fallo,-,-,-,-,-,-,NEUTRO
2026-07-31,AAPL,_NaiveModel,0.0,HOLD,-7.35%,-7.21%,N/D,Fallo,-,-,-,-,-,-,NEUTRO
2026-07-31,AMD,_NaiveModel,0.0,HOLD,-1.90%,6.84%,N/D,Fallo,-,-,-,-,-,-,NEUTRO
2026-07-31,AMZN,_NaiveModel,0.0,HOLD,15.32%,17.80%,N/D,Fallo,-,-,-,-,-,-,NEUTRO
2026-07-31,ASML,_NaiveModel,0.0,HOLD,-1.36%,3.66%,N/D,Fallo,-,-,-,-,-,-,NEUTRO
2026-07-31,AVGO,_NaiveModel,0.0,HOLD,0.37%,7.82%,N/D,Fallo,-,-,-,-,-,-,NEUTRO
2026-07-31,BRK-B,_NaiveModel,0.0,HOLD,0.36%,1.48%,N/D,Fallo,-,-,-,-,-,-,NEUTRO
2026-07-31,CAT,_NaiveModel,0.0,HOLD,0.70%,8.33%,N/D,Fallo,-,-,-,-,-,-,NEUTRO
2026-07-31,COST,_NaiveModel,0.0,HOLD,-0.24%,-0.66%,N/D,Acierto,-,-,-,-,-,-,NEUTRO
2026-07-31,CRM,_NaiveModel,0.0,HOLD,1.83%,5.69%,N/D,Fallo,-,-,-,-,-,-,NEUTRO
2026-07-31,GOOGL,_NaiveModel,0.0,HOLD,6.73%,13.18%,N/D,Fallo,-,-,-,-,-,-,NEUTRO
2026-07-31,JNJ,_NaiveModel,0.0,HOLD,0.21%,-0.35%,N/D,Acierto,-,-,-,-,-,-,NEUTRO
2026-07-31,JPM,_NaiveModel,0.0,HOLD,0.27%,1.90%,N/D,Fallo,-,-,-,-,-,-,NEUTRO
2026-07-31,LLY,_NaiveModel,0.0,HOLD,-0.53%,-3.40%,N/D,Fallo,-,-,-,-,-,-,NEUTRO
2026-07-31,LMT,_NaiveModel,0.0,HOLD,1.50%,2.65%,N/D,Fallo,-,-,-,-,-,-,NEUTRO
2026-07-31,MA,_NaiveModel,0.0,HOLD,-0.74%,-1.08%,N/D,Fallo,-,-,-,-,-,-,NEUTRO
2026-07-31,MCD,_NaiveModel,0.0,HOLD,0.82%,-0.04%,N/D,Acierto,-,-,-,-,-,-,NEUTRO
2026-07-31,META,_NaiveModel,0.0,HOLD,3.28%,9.07%,N/D,Fallo,-,-,-,-,-,-,NEUTRO
2026-07-31,MRK,_NaiveModel,0.0,HOLD,0.32%,-1.38%,N/D,Fallo,-,-,-,-,-,-,NEUTRO
2026-07-31,MSFT,_NaiveModel,0.0,HOLD,3.02%,9.25%,N/D,Fallo,-,-,-,-,-,-,NEUTRO
2026-07-31,NEE,_NaiveModel,0.0,HOLD,-1.15%,-0.83%,N/D,Acierto,-,-,-,-,-,-,NEUTRO
2026-07-31,NVDA,_NaiveModel,0.0,HOLD,2.93%,8.66%,N/D,Fallo,-,-,-,-,-,-,NEUTRO
2026-07-31,ORCL,_NaiveModel,0.0,HOLD,1.81%,14.25%,N/D,Fallo,-,-,-,-,-,-,NEUTRO
2026-07-31,PG,_NaiveModel,0.0,HOLD,0.37%,2.81%,N/D,Fallo,-,-,-,-,-,-,NEUTRO
2026-07-31,PLTR,_NaiveModel,0.0,HOLD,0.65%,33.04%,N/D,Fallo,-,-,-,-,-,-,NEUTRO
2026-07-31,TSLA,_NaiveModel,0.0,HOLD,0.76%,5.99%,N/D,Fallo,-,-,-,-,-,-,NEUTRO
2026-07-31,TSM,_NaiveModel,0.0,HOLD,0.23%,3.44%,N/D,Fallo,-,-,-,-,-,-,NEUTRO
2026-07-31,UNH,_NaiveModel,0.0,HOLD,-1.68%,-3.30%,N/D,Fallo,-,-,-,-,-,-,NEUTRO
2026-07-31,V,_NaiveModel,0.0,HOLD,-0.04%,0.91%,N/D,Acierto,-,-,-,-,-,-,NEUTRO
2026-07-31,WMT,_NaiveModel,0.0,HOLD,0.09%,0.41%,N/D,Acierto,-,-,-,-,-,-,NEUTRO
2026-07-31,XOM,_NaiveModel,0.0,HOLD,-0.97%,-1.92%,N/D,Fallo,-,-,-,-,-,-,NEUTRO
2026-07-30,AAPL,_NaiveModel,0.0,HOLD,-1.41%,-10.28%,N/D,Fallo,-,-,-,-,-,-,NEUTRO
2026-07-30,AMD,_NaiveModel,0.0,HOLD,13.00%,12.82%,N/D,Fallo,-,-,-,-,-,-,NEUTRO
2026-07-30,AMZN,_NaiveModel,0.0,HOLD,3.90%,25.31%,N/D,Fallo,-,-,-,-,-,-,NEUTRO
2026-07-30,ASML,_NaiveModel,0.0,HOLD,6.50%,5.92%,N/D,Fallo,-,-,-,-,-,-,NEUTRO
2026-07-30,AVGO,_NaiveModel,0.0,HOLD,4.73%,5.92%,N/D,Fallo,-,-,-,-,-,-,NEUTRO
2026-07-30,BRK-B,_NaiveModel,0.0,HOLD,0.10%,0.78%,N/D,Acierto,-,-,-,-,-,-,NEUTRO
2026-07-30,CAT,_NaiveModel,0.0,HOLD,3.38%,6.05%,N/D,Fallo,-,-,-,-,-,-,NEUTRO
2026-07-30,COST,_NaiveModel,0.0,HOLD,-2.04%,-2.05%,N/D,Fallo,-,-,-,-,-,-,NEUTRO
2026-07-30,CRM,_NaiveModel,0.0,HOLD,-4.07%,-1.29%,N/D,Fallo,-,-,-,-,-,-,NEUTRO
2026-07-30,GOOGL,_NaiveModel,0.0,HOLD,-0.91%,10.93%,N/D,Fallo,-,-,-,-,-,-,NEUTRO
2026-07-30,JNJ,_NaiveModel,0.0,HOLD,-3.66%,-4.19%,N/D,Fallo,-,-,-,-,-,-,NEUTRO
2026-07-30,JPM,_NaiveModel,0.0,HOLD,1.78%,2.30%,N/D,Fallo,-,-,-,-,-,-,NEUTRO
2026-07-30,LLY,_NaiveModel,0.0,HOLD,-4.55%,-7.33%,N/D,Fallo,-,-,-,-,-,-,NEUTRO
2026-07-30,LMT,_NaiveModel,0.0,HOLD,0.86%,3.00%,N/D,Fallo,-,-,-,-,-,-,NEUTRO
2026-07-30,MA,_NaiveModel,0.0,HOLD,2.49%,1.36%,N/D,Fallo,-,-,-,-,-,-,NEUTRO
2026-07-30,MCD,_NaiveModel,0.0,HOLD,-1.13%,-2.32%,N/D,Fallo,-,-,-,-,-,-,NEUTRO
2026-07-30,META,_NaiveModel,0.0,HOLD,-7.95%,0.79%,N/D,Acierto,-,-,-,-,-,-,NEUTRO
2026-07-30,MRK,_NaiveModel,0.0,HOLD,-0.44%,-1.99%,N/D,Fallo,-,-,-,-,-,-,NEUTRO
2026-07-30,MSFT,_NaiveModel,0.0,HOLD,15.51%,24.87%,N/D,Fallo,-,-,-,-,-,-,NEUTRO
2026-07-30,NEE,_NaiveModel,0.0,HOLD,-0.60%,-2.16%,N/D,Fallo,-,-,-,-,-,-,NEUTRO
2026-07-30,NVDA,_NaiveModel,0.0,HOLD,2.65%,8.75%,N/D,Fallo,-,-,-,-,-,-,NEUTRO
2026-07-30,ORCL,_NaiveModel,0.0,HOLD,8.34%,20.48%,N/D,Fallo,-,-,-,-,-,-,NEUTRO
2026-07-30,PG,_NaiveModel,0.0,HOLD,-1.46%,-0.77%,N/D,Acierto,-,-,-,-,-,-,NEUTRO
2026-07-30,PLTR,_NaiveModel,0.0,HOLD,-0.60%,2.15%,N/D,Fallo,-,-,-,-,-,-,NEUTRO
2026-07-30,TSLA,_NaiveModel,0.0,HOLD,3.53%,7.96%,N/D,Fallo,-,-,-,-,-,-,NEUTRO
2026-07-30,TSM,_NaiveModel,0.0,HOLD,7.64%,8.39%,N/D,Fallo,-,-,-,-,-,-,NEUTRO
2026-07-30,UNH,_NaiveModel,0.0,HOLD,0.21%,-1.24%,N/D,Fallo,-,-,-,-,-,-,NEUTRO
2026-07-30,V,_NaiveModel,0.0,HOLD,-0.67%,-0.83%,N/D,Acierto,-,-,-,-,-,-,NEUTRO
2026-07-30,WMT,_NaiveModel,0.0,HOLD,-2.73%,-3.07%,N/D,Fallo,-,-,-,-,-,-,NEUTRO
2026-07-30,XOM,_NaiveModel,0.0,HOLD,0.14%,-1.08%,N/D,Fallo,-,-,-,-,-,-,NEUTRO
2026-07-29,AAPL,_NaiveModel,0.0,HOLD,-0.56%,-9.17%,N/D,Fallo,-,-,-,-,-,-,NEUTRO
2026-07-29,AMD,_NaiveModel,0.0,HOLD,-5.51%,4.74%,N/D,Fallo,-,-,-,-,-,-,NEUTRO
2026-07-29,AMZN,_NaiveModel,0.0,HOLD,-1.82%,17.64%,N/D,Fallo,-,-,-,-,-,-,NEUTRO
2026-07-29,ASML,_NaiveModel,0.0,HOLD,-2.04%,2.91%,N/D,Fallo,-,-,-,-,-,-,NEUTRO
2026-07-29,AVGO,_NaiveModel,0.0,HOLD,-2.78%,2.20%,N/D,Fallo,-,-,-,-,-,-,NEUTRO
2026-07-29,BRK-B,_NaiveModel,0.0,HOLD,-0.63%,-0.16%,N/D,Acierto,-,-,-,-,-,-,NEUTRO
2026-07-29,CAT,_NaiveModel,0.0,HOLD,-6.91%,-3.10%,N/D,Fallo,-,-,-,-,-,-,NEUTRO
2026-07-29,COST,_NaiveModel,0.0,HOLD,0.77%,-1.52%,N/D,Fallo,-,-,-,-,-,-,NEUTRO
2026-07-29,CRM,_NaiveModel,0.0,HOLD,3.79%,1.39%,N/D,Fallo,-,-,-,-,-,-,NEUTRO
2026-07-29,GOOGL,_NaiveModel,0.0,HOLD,0.90%,6.72%,N/D,Fallo,-,-,-,-,-,-,NEUTRO
2026-07-29,JNJ,_NaiveModel,0.0,HOLD,-0.45%,-3.89%,N/D,Fallo,-,-,-,-,-,-,NEUTRO
2026-07-29,JPM,_NaiveModel,0.0,HOLD,-3.53%,-1.54%,N/D,Fallo,-,-,-,-,-,-,NEUTRO
2026-07-29,LLY,_NaiveModel,0.0,HOLD,-0.87%,-5.88%,N/D,Fallo,-,-,-,-,-,-,NEUTRO
2026-07-29,LMT,_NaiveModel,0.0,HOLD,-2.08%,0.25%,N/D,Acierto,-,-,-,-,-,-,NEUTRO
2026-07-29,MA,_NaiveModel,0.0,HOLD,0.10%,1.84%,N/D,Fallo,-,-,-,-,-,-,NEUTRO
2026-07-29,MCD,_NaiveModel,0.0,HOLD,-0.55%,-0.87%,N/D,Acierto,-,-,-,-,-,-,NEUTRO
2026-07-29,META,_NaiveModel,0.0,HOLD,-1.31%,-6.18%,N/D,Fallo,-,-,-,-,-,-,NEUTRO
2026-07-29,MRK,_NaiveModel,0.0,HOLD,-1.11%,-1.23%,N/D,Fallo,-,-,-,-,-,-,NEUTRO
2026-07-29,MSFT,_NaiveModel,0.0,HOLD,-0.71%,18.14%,N/D,Fallo,-,-,-,-,-,-,NEUTRO
2026-07-29,NEE,_NaiveModel,0.0,HOLD,-0.92%,-2.64%,N/D,Fallo,-,-,-,-,-,-,NEUTRO
2026-07-29,NVDA,_NaiveModel,0.0,HOLD,-3.55%,1.90%,N/D,Fallo,-,-,-,-,-,-,NEUTRO
2026-07-29,ORCL,_NaiveModel,0.0,HOLD,-1.85%,8.26%,N/D,Fallo,-,-,-,-,-,-,NEUTRO
2026-07-29,PG,_NaiveModel,0.0,HOLD,-1.87%,-2.95%,N/D,Fallo,-,-,-,-,-,-,NEUTRO
2026-07-29,PLTR,_NaiveModel,0.0,HOLD,-0.43%,-0.38%,N/D,Acierto,-,-,-,-,-,-,NEUTRO
2026-07-29,TSLA,_NaiveModel,0.0,HOLD,-2.97%,1.23%,N/D,Fallo,-,-,-,-,-,-,NEUTRO
2026-07-29,TSM,_NaiveModel,0.0,HOLD,-4.50%,3.04%,N/D,Fallo,-,-,-,-,-,-,NEUTRO
2026-07-29,UNH,_NaiveModel,0.0,HOLD,-1.92%,-3.36%,N/D,Fallo,-,-,-,-,-,-,NEUTRO
2026-07-29,V,_NaiveModel,0.0,HOLD,0.58%,-0.13%,N/D,Acierto,-,-,-,-,-,-,NEUTRO
2026-07-29,WMT,_NaiveModel,0.0,HOLD,0.99%,-1.68%,N/D,Fallo,-,-,-,-,-,-,NEUTRO
2026-07-29,XOM,_NaiveModel,0.0,HOLD,2.42%,1.57%,N/D,Fallo,-,-,-,-,-,-,NEUTRO
2026-07-28,AAPL,_NaiveModel,0.0,HOLD,0.94%,-8.31%,N/D,Fallo,-,-,-,-,-,-,NEUTRO
2026-07-28,AMD,_NaiveModel,0.0,HOLD,-8.15%,-3.80%,N/D,Fallo,-,-,-,-,-,-,NEUTRO
2026-07-28,AMZN,_NaiveModel,0.0,HOLD,-0.23%,17.37%,N/D,Fallo,-,-,-,-,-,-,NEUTRO
2026-07-28,ASML,_NaiveModel,0.0,HOLD,-4.37%,-1.59%,N/D,Fallo,-,-,-,-,-,-,NEUTRO
2026-07-28,AVGO,_NaiveModel,0.0,HOLD,-0.60%,1.58%,N/D,Fallo,-,-,-,-,-,-,NEUTRO
2026-07-28,BRK-B,_NaiveModel,0.0,HOLD,3.06%,2.89%,N/D,Fallo,-,-,-,-,-,-,NEUTRO
2026-07-28,CAT,_NaiveModel,0.0,HOLD,-3.71%,-6.70%,N/D,Fallo,-,-,-,-,-,-,NEUTRO
2026-07-28,COST,_NaiveModel,0.0,HOLD,1.58%,0.03%,N/D,Acierto,-,-,-,-,-,-,NEUTRO
2026-07-28,CRM,_NaiveModel,0.0,HOLD,4.55%,6.00%,N/D,Fallo,-,-,-,-,-,-,NEUTRO
2026-07-28,GOOGL,_NaiveModel,0.0,HOLD,2.19%,9.05%,N/D,Fallo,-,-,-,-,-,-,NEUTRO
2026-07-28,JNJ,_NaiveModel,0.0,HOLD,0.29%,-3.61%,N/D,Fallo,-,-,-,-,-,-,NEUTRO
2026-07-28,JPM,_NaiveModel,0.0,HOLD,0.31%,-1.24%,N/D,Fallo,-,-,-,-,-,-,NEUTRO
2026-07-28,LLY,_NaiveModel,0.0,HOLD,1.93%,-4.07%,N/D,Fallo,-,-,-,-,-,-,NEUTRO
2026-07-28,LMT,_NaiveModel,0.0,HOLD,0.23%,0.47%,N/D,Acierto,-,-,-,-,-,-,NEUTRO
2026-07-28,MA,_NaiveModel,0.0,HOLD,2.00%,3.88%,N/D,Fallo,-,-,-,-,-,-,NEUTRO
2026-07-28,MCD,_NaiveModel,0.0,HOLD,0.87%,-0.01%,N/D,Acierto,-,-,-,-,-,-,NEUTRO
2026-07-28,META,_NaiveModel,0.0,HOLD,-0.08%,-6.26%,N/D,Fallo,-,-,-,-,-,-,NEUTRO
2026-07-28,MRK,_NaiveModel,0.0,HOLD,0.81%,-0.43%,N/D,Acierto,-,-,-,-,-,-,NEUTRO
2026-07-28,MSFT,_NaiveModel,0.0,HOLD,1.09%,19.43%,N/D,Fallo,-,-,-,-,-,-,NEUTRO
2026-07-28,NEE,_NaiveModel,0.0,HOLD,0.51%,-2.15%,N/D,Fallo,-,-,-,-,-,-,NEUTRO
2026-07-28,NVDA,_NaiveModel,0.0,HOLD,0.25%,2.16%,N/D,Fallo,-,-,-,-,-,-,NEUTRO
2026-07-28,ORCL,_NaiveModel,0.0,HOLD,0.05%,8.32%,N/D,Fallo,-,-,-,-,-,-,NEUTRO
2026-07-28,PG,_NaiveModel,0.0,HOLD,0.17%,-2.79%,N/D,Fallo,-,-,-,-,-,-,NEUTRO
2026-07-28,PLTR,_NaiveModel,0.0,HOLD,-6.08%,-6.44%,N/D,Fallo,-,-,-,-,-,-,NEUTRO
2026-07-28,TSLA,_NaiveModel,0.0,HOLD,-0.58%,0.64%,N/D,Acierto,-,-,-,-,-,-,NEUTRO
2026-07-28,TSM,_NaiveModel,0.0,HOLD,-1.70%,1.29%,N/D,Fallo,-,-,-,-,-,-,NEUTRO
2026-07-28,UNH,_NaiveModel,0.0,HOLD,2.67%,-0.78%,N/D,Acierto,-,-,-,-,-,-,NEUTRO
2026-07-28,V,_NaiveModel,0.0,HOLD,1.12%,0.99%,N/D,Acierto,-,-,-,-,-,-,NEUTRO
2026-07-28,WMT,_NaiveModel,0.0,HOLD,1.22%,-0.48%,N/D,Acierto,-,-,-,-,-,-,NEUTRO
2026-07-28,XOM,_NaiveModel,0.0,HOLD,-1.12%,0.43%,N/D,Acierto,-,-,-,-,-,-,NEUTRO
2026-07-27,AMD,_NaiveModel,0.0,HOLD,-5.17%,-8.77%,N/D,Fallo,-,-,-,-,-,-,NEUTRO
2026-07-27,AMZN,_NaiveModel,0.0,HOLD,-0.31%,17.00%,N/D,Fallo,-,-,-,-,-,-,NEUTRO
2026-07-27,ASML,_NaiveModel,0.0,HOLD,-5.80%,-7.29%,N/D,Fallo,-,-,-,-,-,-,NEUTRO
2026-07-27,AVGO,_NaiveModel,0.0,HOLD,0.34%,1.93%,N/D,Fallo,-,-,-,-,-,-,NEUTRO
2026-07-27,BRK-B,_NaiveModel,0.0,HOLD,0.45%,3.36%,N/D,Fallo,-,-,-,-,-,-,NEUTRO
2026-07-27,CAT,_NaiveModel,0.0,HOLD,-1.74%,-8.32%,N/D,Fallo,-,-,-,-,-,-,NEUTRO
2026-07-27,COST,_NaiveModel,0.0,HOLD,1.77%,1.80%,N/D,Fallo,-,-,-,-,-,-,NEUTRO
2026-07-27,CRM,_NaiveModel,0.0,HOLD,6.07%,12.44%,N/D,Fallo,-,-,-,-,-,-,NEUTRO
2026-07-27,JNJ,_NaiveModel,0.0,HOLD,0.97%,-2.68%,N/D,Fallo,-,-,-,-,-,-,NEUTRO
2026-07-27,JPM,_NaiveModel,0.0,HOLD,0.85%,-0.40%,N/D,Acierto,-,-,-,-,-,-,NEUTRO
2026-07-27,LLY,_NaiveModel,0.0,HOLD,0.13%,-3.95%,N/D,Fallo,-,-,-,-,-,-,NEUTRO
2026-07-27,LMT,_NaiveModel,0.0,HOLD,-0.45%,0.02%,N/D,Acierto,-,-,-,-,-,-,NEUTRO
2026-07-27,MA,_NaiveModel,0.0,HOLD,2.23%,6.20%,N/D,Fallo,-,-,-,-,-,-,NEUTRO
2026-07-27,MCD,_NaiveModel,0.0,HOLD,2.23%,2.22%,N/D,Fallo,-,-,-,-,-,-,NEUTRO
2026-07-27,MRK,_NaiveModel,0.0,HOLD,-0.24%,-0.66%,N/D,Acierto,-,-,-,-,-,-,NEUTRO
2026-07-27,MSFT,_NaiveModel,0.0,HOLD,1.94%,21.75%,N/D,Fallo,-,-,-,-,-,-,NEUTRO
2026-07-27,NVDA,_NaiveModel,0.0,HOLD,-4.99%,-2.94%,N/D,Fallo,-,-,-,-,-,-,NEUTRO
2026-07-27,ORCL,_NaiveModel,0.0,HOLD,4.27%,12.94%,N/D,Fallo,-,-,-,-,-,-,NEUTRO
2026-07-27,PG,_NaiveModel,0.0,HOLD,0.83%,-1.98%,N/D,Fallo,-,-,-,-,-,-,NEUTRO
2026-07-27,PLTR,_NaiveModel,0.0,HOLD,7.00%,0.11%,N/D,Acierto,-,-,-,-,-,-,NEUTRO
2026-07-27,TSLA,_NaiveModel,0.0,HOLD,-1.22%,-0.58%,N/D,Acierto,-,-,-,-,-,-,NEUTRO
2026-07-27,TSM,_NaiveModel,0.0,HOLD,-1.07%,0.21%,N/D,Acierto,-,-,-,-,-,-,NEUTRO
2026-07-27,UNH,_NaiveModel,0.0,HOLD,-0.74%,-1.51%,N/D,Fallo,-,-,-,-,-,-,NEUTRO
2026-07-27,V,_NaiveModel,0.0,HOLD,1.91%,2.92%,N/D,Fallo,-,-,-,-,-,-,NEUTRO
2026-07-27,WMT,_NaiveModel,0.0,HOLD,2.07%,1.58%,N/D,Fallo,-,-,-,-,-,-,NEUTRO
2026-07-25,AAPL,_NaiveModel,0.0,HOLD,1.17%,-7.24%,N/D,Fallo,-,-,-,-,-,-,NEUTRO
2026-07-25,AMD,_NaiveModel,0.0,HOLD,0.00%,-7.00%,N/D,Fallo,-,-,-,-,-,-,NEUTRO
2026-07-25,AMZN,_NaiveModel,0.0,HOLD,0.00%,1.46%,N/D,Fallo,-,-,-,-,-,-,NEUTRO
2026-07-25,ASML,_NaiveModel,0.0,HOLD,0.00%,-6.01%,N/D,Fallo,-,-,-,-,-,-,NEUTRO
2026-07-25,AVGO,_NaiveModel,0.0,HOLD,0.00%,1.55%,N/D,Fallo,-,-,-,-,-,-,NEUTRO
2026-07-25,BRK-B,_NaiveModel,0.0,HOLD,0.00%,2.98%,N/D,Fallo,-,-,-,-,-,-,NEUTRO
2026-07-25,CAT,_NaiveModel,0.0,HOLD,0.00%,-8.96%,N/D,Fallo,-,-,-,-,-,-,NEUTRO
2026-07-25,COST,_NaiveModel,0.0,HOLD,0.00%,2.05%,N/D,Fallo,-,-,-,-,-,-,NEUTRO
2026-07-25,CRM,_NaiveModel,0.0,HOLD,0.00%,10.42%,N/D,Fallo,-,-,-,-,-,-,NEUTRO
2026-07-25,GOOGL,_NaiveModel,0.0,HOLD,2.13%,11.38%,N/D,Fallo,-,-,-,-,-,-,NEUTRO
2026-07-25,JNJ,_NaiveModel,0.0,HOLD,0.00%,-2.88%,N/D,Fallo,-,-,-,-,-,-,NEUTRO
2026-07-25,JPM,_NaiveModel,0.0,HOLD,0.00%,-0.67%,N/D,Acierto,-,-,-,-,-,-,NEUTRO
2026-07-25,LLY,_NaiveModel,0.0,HOLD,0.00%,-3.43%,N/D,Fallo,-,-,-,-,-,-,NEUTRO
2026-07-25,LMT,_NaiveModel,0.0,HOLD,0.00%,-1.46%,N/D,Fallo,-,-,-,-,-,-,NEUTRO
2026-07-25,MA,_NaiveModel,0.0,HOLD,0.00%,6.98%,N/D,Fallo,-,-,-,-,-,-,NEUTRO
2026-07-25,MCD,_NaiveModel,0.0,HOLD,0.00%,1.39%,N/D,Fallo,-,-,-,-,-,-,NEUTRO
2026-07-25,META,_NaiveModel,0.0,HOLD,-0.22%,-6.47%,N/D,Fallo,-,-,-,-,-,-,NEUTRO
2026-07-25,MRK,_NaiveModel,0.0,HOLD,0.00%,-0.98%,N/D,Acierto,-,-,-,-,-,-,NEUTRO
2026-07-25,MSFT,_NaiveModel,0.0,HOLD,0.00%,18.18%,N/D,Fallo,-,-,-,-,-,-,NEUTRO
2026-07-25,NEE,_NaiveModel,0.0,HOLD,-1.06%,-3.19%,N/D,Fallo,-,-,-,-,-,-,NEUTRO
2026-07-25,NVDA,_NaiveModel,0.0,HOLD,0.00%,-5.70%,N/D,Fallo,-,-,-,-,-,-,NEUTRO
2026-07-25,ORCL,_NaiveModel,0.0,HOLD,0.00%,10.93%,N/D,Fallo,-,-,-,-,-,-,NEUTRO
2026-07-25,PG,_NaiveModel,0.0,HOLD,0.00%,-2.34%,N/D,Fallo,-,-,-,-,-,-,NEUTRO
2026-07-25,PLTR,_NaiveModel,0.0,HOLD,0.00%,-0.54%,N/D,Acierto,-,-,-,-,-,-,NEUTRO
2026-07-25,TSLA,_NaiveModel,0.0,HOLD,0.00%,-1.34%,N/D,Fallo,-,-,-,-,-,-,NEUTRO
2026-07-25,TSM,_NaiveModel,0.0,HOLD,0.00%,-0.02%,N/D,Acierto,-,-,-,-,-,-,NEUTRO
2026-07-25,UNH,_NaiveModel,0.0,HOLD,0.00%,0.17%,N/D,Acierto,-,-,-,-,-,-,NEUTRO
2026-07-25,V,_NaiveModel,0.0,HOLD,0.00%,2.96%,N/D,Fallo,-,-,-,-,-,-,NEUTRO
2026-07-25,WMT,_NaiveModel,0.0,HOLD,0.00%,1.49%,N/D,Fallo,-,-,-,-,-,-,NEUTRO
2026-07-25,XOM,_NaiveModel,0.0,HOLD,-1.38%,-0.96%,N/D,Acierto,-,-,-,-,-,-,NEUTRO
2026-07-24,AAPL,_NaiveModel,0.0,HOLD,3.53%,3.66%,N/D,Fallo,-,-,-,-,-,-,NEUTRO
2026-07-24,AMD,_NaiveModel,0.0,HOLD,-3.29%,-20.41%,N/D,Fallo,-,-,-,-,-,-,NEUTRO
2026-07-24,AMZN,_NaiveModel,0.0,HOLD,-0.66%,-3.00%,N/D,Fallo,-,-,-,-,-,-,NEUTRO
2026-07-24,ASML,_NaiveModel,0.0,HOLD,-2.55%,-13.99%,N/D,Fallo,-,-,-,-,-,-,NEUTRO
2026-07-24,AVGO,_NaiveModel,0.0,HOLD,-2.69%,-5.64%,N/D,Fallo,-,-,-,-,-,-,NEUTRO
2026-07-24,BRK-B,_NaiveModel,0.0,HOLD,0.83%,3.73%,N/D,Fallo,-,-,-,-,-,-,NEUTRO
2026-07-24,CAT,_NaiveModel,0.0,HOLD,-0.65%,-12.50%,N/D,Fallo,-,-,-,-,-,-,NEUTRO
2026-07-24,COST,_NaiveModel,0.0,HOLD,0.97%,5.18%,N/D,Fallo,-,-,-,-,-,-,NEUTRO
2026-07-24,CRM,_NaiveModel,0.0,HOLD,4.29%,20.04%,N/D,Fallo,-,-,-,-,-,-,NEUTRO
2026-07-24,GOOGL,_NaiveModel,0.0,HOLD,0.65%,5.03%,N/D,Fallo,-,-,-,-,-,-,NEUTRO
2026-07-24,JNJ,_NaiveModel,0.0,HOLD,1.59%,2.41%,N/D,Fallo,-,-,-,-,-,-,NEUTRO
2026-07-24,JPM,_NaiveModel,0.0,HOLD,0.95%,-1.48%,N/D,Fallo,-,-,-,-,-,-,NEUTRO
2026-07-24,LLY,_NaiveModel,0.0,HOLD,0.86%,2.04%,N/D,Fallo,-,-,-,-,-,-,NEUTRO
2026-07-24,LMT,_NaiveModel,0.0,HOLD,2.46%,0.11%,N/D,Acierto,-,-,-,-,-,-,NEUTRO
2026-07-24,MA,_NaiveModel,0.0,HOLD,1.77%,6.23%,N/D,Fallo,-,-,-,-,-,-,NEUTRO
2026-07-24,MCD,_NaiveModel,0.0,HOLD,0.75%,3.32%,N/D,Fallo,-,-,-,-,-,-,NEUTRO
2026-07-24,META,_NaiveModel,0.0,HOLD,-1.80%,-11.07%,N/D,Fallo,-,-,-,-,-,-,NEUTRO
2026-07-24,MRK,_NaiveModel,0.0,HOLD,0.45%,-0.09%,N/D,Acierto,-,-,-,-,-,-,NEUTRO
2026-07-24,MSFT,_NaiveModel,0.0,HOLD,0.03%,2.35%,N/D,Fallo,-,-,-,-,-,-,NEUTRO
2026-07-24,NEE,_NaiveModel,0.0,HOLD,-0.01%,-2.07%,N/D,Fallo,-,-,-,-,-,-,NEUTRO
2026-07-24,NVDA,_NaiveModel,0.0,HOLD,-0.92%,-8.98%,N/D,Fallo,-,-,-,-,-,-,NEUTRO
2026-07-24,ORCL,_NaiveModel,0.0,HOLD,-4.21%,-1.92%,N/D,Fallo,-,-,-,-,-,-,NEUTRO
2026-07-24,PG,_NaiveModel,0.0,HOLD,0.30%,-0.59%,N/D,Acierto,-,-,-,-,-,-,NEUTRO
2026-07-24,PLTR,_NaiveModel,0.0,HOLD,-0.36%,-0.30%,N/D,Acierto,-,-,-,-,-,-,NEUTRO
2026-07-24,TSLA,_NaiveModel,0.0,HOLD,-2.08%,-6.68%,N/D,Fallo,-,-,-,-,-,-,NEUTRO
2026-07-24,TSM,_NaiveModel,0.0,HOLD,-2.93%,-9.84%,N/D,Fallo,-,-,-,-,-,-,NEUTRO
2026-07-24,UNH,_NaiveModel,0.0,HOLD,-0.67%,-0.71%,N/D,Acierto,-,-,-,-,-,-,NEUTRO
2026-07-24,V,_NaiveModel,0.0,HOLD,1.18%,4.87%,N/D,Fallo,-,-,-,-,-,-,NEUTRO
2026-07-24,WMT,_NaiveModel,0.0,HOLD,0.99%,5.37%,N/D,Fallo,-,-,-,-,-,-,NEUTRO
2026-07-24,XOM,_NaiveModel,0.0,HOLD,0.03%,0.05%,N/D,Acierto,-,-,-,-,-,-,NEUTRO
2026-07-23,AAPL,_NaiveModel,0.0,HOLD,-1.30%,3.77%,N/D,Fallo,-,-,-,-,-,-,NEUTRO
2026-07-23,AMD,_NaiveModel,0.0,HOLD,-2.29%,-17.69%,N/D,Fallo,-,-,-,-,-,-,NEUTRO
2026-07-23,AMZN,_NaiveModel,0.0,HOLD,-4.57%,-5.71%,N/D,Fallo,-,-,-,-,-,-,NEUTRO
2026-07-23,ASML,_NaiveModel,0.0,HOLD,0.06%,-12.15%,N/D,Fallo,-,-,-,-,-,-,NEUTRO
2026-07-23,AVGO,_NaiveModel,0.0,HOLD,-1.09%,-4.01%,N/D,Fallo,-,-,-,-,-,-,NEUTRO
2026-07-23,BRK-B,_NaiveModel,0.0,HOLD,0.30%,4.70%,N/D,Fallo,-,-,-,-,-,-,NEUTRO
2026-07-23,CAT,_NaiveModel,0.0,HOLD,0.59%,-5.45%,N/D,Fallo,-,-,-,-,-,-,NEUTRO
2026-07-23,COST,_NaiveModel,0.0,HOLD,-0.13%,4.23%,N/D,Fallo,-,-,-,-,-,-,NEUTRO
2026-07-23,CRM,_NaiveModel,0.0,HOLD,-3.72%,11.35%,N/D,Fallo,-,-,-,-,-,-,NEUTRO
2026-07-23,GOOGL,_NaiveModel,0.0,HOLD,-7.13%,-1.57%,N/D,Fallo,-,-,-,-,-,-,NEUTRO
2026-07-23,JNJ,_NaiveModel,0.0,HOLD,1.42%,4.34%,N/D,Fallo,-,-,-,-,-,-,NEUTRO
2026-07-23,JPM,_NaiveModel,0.0,HOLD,0.49%,2.61%,N/D,Fallo,-,-,-,-,-,-,NEUTRO
2026-07-23,LLY,_NaiveModel,0.0,HOLD,1.97%,4.96%,N/D,Fallo,-,-,-,-,-,-,NEUTRO
2026-07-23,LMT,_NaiveModel,0.0,HOLD,10.54%,13.02%,N/D,Fallo,-,-,-,-,-,-,NEUTRO
2026-07-23,MA,_NaiveModel,0.0,HOLD,-0.32%,5.78%,N/D,Fallo,-,-,-,-,-,-,NEUTRO
2026-07-23,MCD,_NaiveModel,0.0,HOLD,-0.29%,3.59%,N/D,Fallo,-,-,-,-,-,-,NEUTRO
2026-07-23,META,_NaiveModel,0.0,HOLD,-3.36%,-6.63%,N/D,Fallo,-,-,-,-,-,-,NEUTRO
2026-07-23,MRK,_NaiveModel,0.0,HOLD,2.36%,3.41%,N/D,Fallo,-,-,-,-,-,-,NEUTRO
2026-07-23,MSFT,_NaiveModel,0.0,HOLD,-2.24%,0.77%,N/D,Acierto,-,-,-,-,-,-,NEUTRO
2026-07-23,NEE,_NaiveModel,0.0,HOLD,0.43%,-1.06%,N/D,Fallo,-,-,-,-,-,-,NEUTRO
2026-07-23,NVDA,_NaiveModel,0.0,HOLD,-1.56%,-7.10%,N/D,Fallo,-,-,-,-,-,-,NEUTRO
2026-07-23,ORCL,_NaiveModel,0.0,HOLD,-4.61%,-4.67%,N/D,Fallo,-,-,-,-,-,-,NEUTRO
2026-07-23,PG,_NaiveModel,0.0,HOLD,-1.45%,-0.17%,N/D,Acierto,-,-,-,-,-,-,NEUTRO
2026-07-23,PLTR,_NaiveModel,0.0,HOLD,-0.96%,-0.83%,N/D,Acierto,-,-,-,-,-,-,NEUTRO
2026-07-23,TSLA,_NaiveModel,0.0,HOLD,-14.52%,-17.80%,N/D,Fallo,-,-,-,-,-,-,NEUTRO
2026-07-23,TSM,_NaiveModel,0.0,HOLD,-1.34%,-6.86%,N/D,Fallo,-,-,-,-,-,-,NEUTRO
2026-07-23,UNH,_NaiveModel,0.0,HOLD,-1.80%,-0.58%,N/D,Acierto,-,-,-,-,-,-,NEUTRO
2026-07-23,V,_NaiveModel,0.0,HOLD,-0.51%,3.73%,N/D,Fallo,-,-,-,-,-,-,NEUTRO
2026-07-23,WMT,_NaiveModel,0.0,HOLD,-0.85%,3.45%,N/D,Fallo,-,-,-,-,-,-,NEUTRO
2026-07-23,XOM,_NaiveModel,0.0,HOLD,1.58%,1.49%,N/D,Fallo,-,-,-,-,-,-,NEUTRO
2026-07-22,AAPL,_NaiveModel,0.0,HOLD,-0.56%,3.77%,N/D,Fallo,-,-,-,-,-,-,NEUTRO
2026-07-22,AMD,_NaiveModel,0.0,HOLD,1.45%,-9.09%,-12.88%,Fallo,-,-,-,-,-,-,NEUTRO
2026-07-22,AMZN,_NaiveModel,0.0,HOLD,-1.09%,-6.53%,9.99%,Fallo,-,-,-,-,-,-,NEUTRO
2026-07-22,ASML,_NaiveModel,0.0,HOLD,0.02%,-8.12%,-0.12%,Fallo,-,-,-,-,-,-,NEUTRO
2026-07-22,AVGO,_NaiveModel,0.0,HOLD,2.67%,-0.85%,7.65%,Acierto,-,-,-,-,-,-,NEUTRO
2026-07-22,BRK-B,_NaiveModel,0.0,HOLD,-0.05%,1.54%,5.46%,Fallo,-,-,-,-,-,-,NEUTRO
2026-07-22,CAT,_NaiveModel,0.0,HOLD,-0.07%,-1.88%,-5.24%,Fallo,-,-,-,-,-,-,NEUTRO
2026-07-22,COST,_NaiveModel,0.0,HOLD,-0.21%,2.41%,1.63%,Fallo,-,-,-,-,-,-,NEUTRO
2026-07-22,CRM,_NaiveModel,0.0,HOLD,-4.15%,2.08%,16.12%,Fallo,-,-,-,-,-,-,NEUTRO
2026-07-22,GOOGL,_NaiveModel,0.0,HOLD,-1.46%,-3.87%,N/D,Fallo,-,-,-,-,-,-,NEUTRO
2026-07-22,JNJ,_NaiveModel,0.0,HOLD,2.00%,6.12%,3.67%,Fallo,-,-,-,-,-,-,NEUTRO
2026-07-22,JPM,_NaiveModel,0.0,HOLD,0.86%,3.18%,4.87%,Fallo,-,-,-,-,-,-,NEUTRO
2026-07-22,LLY,_NaiveModel,0.0,HOLD,-1.05%,1.88%,3.37%,Fallo,-,-,-,-,-,-,NEUTRO
2026-07-22,LMT,_NaiveModel,0.0,HOLD,1.43%,14.38%,17.88%,Fallo,-,-,-,-,-,-,NEUTRO
2026-07-22,MA,_NaiveModel,0.0,HOLD,-1.17%,2.49%,4.30%,Fallo,-,-,-,-,-,-,NEUTRO
2026-07-22,MCD,_NaiveModel,0.0,HOLD,-0.13%,2.56%,3.88%,Fallo,-,-,-,-,-,-,NEUTRO
2026-07-22,META,_NaiveModel,0.0,HOLD,-2.58%,-7.83%,N/D,Fallo,-,-,-,-,-,-,NEUTRO
2026-07-22,MRK,_NaiveModel,0.0,HOLD,0.96%,3.56%,3.29%,Fallo,-,-,-,-,-,-,NEUTRO
2026-07-22,MSFT,_NaiveModel,0.0,HOLD,-1.86%,-2.17%,26.66%,Fallo,-,-,-,-,-,-,NEUTRO
2026-07-22,NEE,_NaiveModel,0.0,HOLD,1.68%,1.54%,N/D,Fallo,-,-,-,-,-,-,NEUTRO
2026-07-22,NVDA,_NaiveModel,0.0,HOLD,2.30%,-5.20%,4.93%,Fallo,-,-,-,-,-,-,NEUTRO
2026-07-22,ORCL,_NaiveModel,0.0,HOLD,-0.95%,-5.63%,14.51%,Fallo,-,-,-,-,-,-,NEUTRO
2026-07-22,PG,_NaiveModel,0.0,HOLD,0.70%,0.36%,-1.95%,Acierto,-,-,-,-,-,-,NEUTRO
2026-07-22,PLTR,_NaiveModel,0.0,HOLD,-6.10%,-0.85%,N/D,Acierto,-,-,-,-,-,-,NEUTRO
2026-07-22,TSLA,_NaiveModel,0.0,HOLD,-1.30%,-18.40%,-12.17%,Fallo,-,-,-,-,-,-,NEUTRO
2026-07-22,TSM,_NaiveModel,0.0,HOLD,-0.80%,-6.01%,-0.60%,Fallo,-,-,-,-,-,-,NEUTRO
2026-07-22,UNH,_NaiveModel,0.0,HOLD,-1.16%,-4.29%,-7.83%,Fallo,-,-,-,-,-,-,NEUTRO
2026-07-22,V,_NaiveModel,0.0,HOLD,-0.67%,1.89%,1.97%,Fallo,-,-,-,-,-,-,NEUTRO
2026-07-22,WMT,_NaiveModel,0.0,HOLD,-0.96%,1.22%,2.60%,Fallo,-,-,-,-,-,-,NEUTRO
2026-07-22,XOM,_NaiveModel,0.0,HOLD,1.81%,0.88%,N/D,Acierto,-,-,-,-,-,-,NEUTRO
2026-07-21,AAPL,_NaiveModel,0.0,HOLD,0.35%,3.16%,-6.64%,Fallo,-,-,-,-,-,-,NEUTRO
2026-07-21,AMD,_NaiveModel,0.0,HOLD,8.11%,3.65%,-6.75%,Fallo,-,-,-,-,-,-,NEUTRO
2026-07-21,AMZN,_NaiveModel,0.0,HOLD,-0.98%,-7.15%,11.24%,Fallo,-,-,-,-,-,-,NEUTRO
2026-07-21,ASML,_NaiveModel,0.0,HOLD,3.59%,1.04%,-0.32%,Fallo,-,-,-,-,-,-,NEUTRO
2026-07-21,AVGO,_NaiveModel,0.0,HOLD,2.21%,0.99%,11.70%,Acierto,-,-,-,-,-,-,NEUTRO
2026-07-21,BRK-B,_NaiveModel,0.0,HOLD,-0.33%,0.75%,7.77%,Acierto,-,-,-,-,-,-,NEUTRO
2026-07-21,CAT,_NaiveModel,0.0,HOLD,2.97%,2.83%,-3.09%,Fallo,-,-,-,-,-,-,NEUTRO
2026-07-21,COST,_NaiveModel,0.0,HOLD,-0.70%,-0.08%,1.81%,Acierto,-,-,-,-,-,-,NEUTRO
2026-07-21,CRM,_NaiveModel,0.0,HOLD,-2.15%,-5.83%,13.65%,Fallo,-,-,-,-,-,-,NEUTRO
2026-07-21,GOOGL,_NaiveModel,0.0,HOLD,-1.38%,-7.22%,-2.33%,Fallo,-,-,-,-,-,-,NEUTRO
2026-07-21,JNJ,_NaiveModel,0.0,HOLD,0.72%,5.86%,5.22%,Fallo,-,-,-,-,-,-,NEUTRO
2026-07-21,JPM,_NaiveModel,0.0,HOLD,1.88%,4.23%,6.17%,Fallo,-,-,-,-,-,-,NEUTRO
2026-07-21,LLY,_NaiveModel,0.0,HOLD,2.49%,4.28%,7.41%,Fallo,-,-,-,-,-,-,NEUTRO
2026-07-21,LMT,_NaiveModel,0.0,HOLD,-0.48%,14.34%,18.37%,Fallo,-,-,-,-,-,-,NEUTRO
2026-07-21,MA,_NaiveModel,0.0,HOLD,-1.67%,-1.42%,2.87%,Fallo,-,-,-,-,-,-,NEUTRO
2026-07-21,MCD,_NaiveModel,0.0,HOLD,-1.39%,-1.08%,2.27%,Fallo,-,-,-,-,-,-,NEUTRO
2026-07-21,META,_NaiveModel,0.0,HOLD,-0.32%,-8.05%,N/D,Fallo,-,-,-,-,-,-,NEUTRO
2026-07-21,MRK,_NaiveModel,0.0,HOLD,1.50%,5.36%,5.24%,Fallo,-,-,-,-,-,-,NEUTRO
2026-07-21,MSFT,_NaiveModel,0.0,HOLD,-1.13%,-5.12%,25.79%,Fallo,-,-,-,-,-,-,NEUTRO
2026-07-21,NEE,_NaiveModel,0.0,HOLD,-0.08%,0.94%,-2.57%,Acierto,-,-,-,-,-,-,NEUTRO
2026-07-21,NVDA,_NaiveModel,0.0,HOLD,1.97%,1.75%,7.02%,Fallo,-,-,-,-,-,-,NEUTRO
2026-07-21,ORCL,_NaiveModel,0.0,HOLD,4.67%,-5.26%,24.44%,Fallo,-,-,-,-,-,-,NEUTRO
2026-07-21,PG,_NaiveModel,0.0,HOLD,-0.69%,-1.15%,-1.80%,Fallo,-,-,-,-,-,-,NEUTRO
2026-07-21,PLTR,_NaiveModel,0.0,HOLD,-1.62%,-8.85%,29.94%,Fallo,-,-,-,-,-,-,NEUTRO
2026-07-21,TSLA,_NaiveModel,0.0,HOLD,2.53%,-15.30%,-10.47%,Fallo,-,-,-,-,-,-,NEUTRO
2026-07-21,TSM,_NaiveModel,0.0,HOLD,5.55%,0.28%,4.02%,Acierto,-,-,-,-,-,-,NEUTRO
2026-07-21,UNH,_NaiveModel,0.0,HOLD,3.51%,-0.19%,-3.04%,Acierto,-,-,-,-,-,-,NEUTRO
2026-07-21,V,_NaiveModel,0.0,HOLD,-1.32%,-1.34%,0.21%,Fallo,-,-,-,-,-,-,NEUTRO
2026-07-21,WMT,_NaiveModel,0.0,HOLD,-1.61%,-2.43%,0.41%,Fallo,-,-,-,-,-,-,NEUTRO
2026-07-21,XOM,_NaiveModel,0.0,HOLD,2.26%,4.32%,7.71%,Fallo,-,-,-,-,-,-,NEUTRO
2026-07-20,AAPL,_NaiveModel,0.0,HOLD,-2.14%,-0.22%,-7.63%,Acierto,-,-,-,-,-,-,NEUTRO
2026-07-20,AMD,_NaiveModel,0.0,HOLD,1.58%,5.28%,-2.50%,Fallo,-,-,-,-,-,-,NEUTRO
2026-07-20,AMZN,_NaiveModel,0.0,HOLD,1.12%,-6.12%,11.02%,Fallo,-,-,-,-,-,-,NEUTRO
2026-07-20,ASML,_NaiveModel,0.0,HOLD,-0.49%,0.54%,-0.38%,Acierto,-,-,-,-,-,-,NEUTRO
2026-07-20,AVGO,_NaiveModel,0.0,HOLD,1.98%,2.99%,15.35%,Fallo,-,-,-,-,-,-,NEUTRO
2026-07-20,BRK-B,_NaiveModel,0.0,HOLD,0.07%,0.82%,6.29%,Acierto,-,-,-,-,-,-,NEUTRO
2026-07-20,CAT,_NaiveModel,0.0,HOLD,-1.82%,0.96%,-4.33%,Acierto,-,-,-,-,-,-,NEUTRO
2026-07-20,COST,_NaiveModel,0.0,HOLD,-0.54%,-0.62%,0.74%,Acierto,-,-,-,-,-,-,NEUTRO
2026-07-20,CRM,_NaiveModel,0.0,HOLD,1.77%,-4.16%,12.87%,Fallo,-,-,-,-,-,-,NEUTRO
2026-07-20,GOOGL,_NaiveModel,0.0,HOLD,1.51%,-7.79%,3.10%,Fallo,-,-,-,-,-,-,NEUTRO
2026-07-20,JNJ,_NaiveModel,0.0,HOLD,-1.67%,4.09%,2.45%,Fallo,-,-,-,-,-,-,NEUTRO
2026-07-20,JPM,_NaiveModel,0.0,HOLD,-0.65%,3.55%,4.81%,Fallo,-,-,-,-,-,-,NEUTRO
2026-07-20,LLY,_NaiveModel,0.0,HOLD,-2.73%,1.43%,0.56%,Fallo,-,-,-,-,-,-,NEUTRO
2026-07-20,LMT,_NaiveModel,0.0,HOLD,0.15%,14.51%,15.56%,Fallo,-,-,-,-,-,-,NEUTRO
2026-07-20,MA,_NaiveModel,0.0,HOLD,0.71%,-0.72%,3.56%,Acierto,-,-,-,-,-,-,NEUTRO
2026-07-20,MCD,_NaiveModel,0.0,HOLD,-0.03%,-1.10%,2.53%,Fallo,-,-,-,-,-,-,NEUTRO
2026-07-20,META,_NaiveModel,0.0,HOLD,-0.02%,-7.87%,-7.91%,Fallo,-,-,-,-,-,-,NEUTRO
2026-07-20,MRK,_NaiveModel,0.0,HOLD,-2.43%,2.80%,0.85%,Fallo,-,-,-,-,-,-,NEUTRO
2026-07-20,MSFT,_NaiveModel,0.0,HOLD,2.15%,-3.08%,26.96%,Fallo,-,-,-,-,-,-,NEUTRO
2026-07-20,NEE,_NaiveModel,0.0,HOLD,-0.90%,1.10%,-4.62%,Fallo,-,-,-,-,-,-,NEUTRO
2026-07-20,NVDA,_NaiveModel,0.0,HOLD,0.23%,1.99%,10.43%,Fallo,-,-,-,-,-,-,NEUTRO
2026-07-20,ORCL,_NaiveModel,0.0,HOLD,-3.98%,-9.03%,16.30%,Fallo,-,-,-,-,-,-,NEUTRO
2026-07-20,PG,_NaiveModel,0.0,HOLD,-0.57%,-1.71%,-2.79%,Fallo,-,-,-,-,-,-,NEUTRO
2026-07-20,PLTR,_NaiveModel,0.0,HOLD,1.87%,-7.15%,29.94%,Fallo,-,-,-,-,-,-,NEUTRO
2026-07-20,TSLA,_NaiveModel,0.0,HOLD,-2.96%,-17.81%,-13.72%,Fallo,-,-,-,-,-,-,NEUTRO
2026-07-20,TSM,_NaiveModel,0.0,HOLD,0.99%,1.27%,5.44%,Fallo,-,-,-,-,-,-,NEUTRO
2026-07-20,UNH,_NaiveModel,0.0,HOLD,-1.07%,-1.26%,-4.46%,Fallo,-,-,-,-,-,-,NEUTRO
2026-07-20,V,_NaiveModel,0.0,HOLD,0.56%,-0.79%,1.10%,Acierto,-,-,-,-,-,-,NEUTRO
2026-07-20,WMT,_NaiveModel,0.0,HOLD,-1.79%,-4.18%,-2.09%,Fallo,-,-,-,-,-,-,NEUTRO
2026-07-20,XOM,_NaiveModel,0.0,HOLD,0.68%,6.50%,8.44%,Fallo,-,-,-,-,-,-,NEUTRO
2026-07-19,AAPL,_NaiveModel,0.0,HOLD,0.00%,-3.62%,-6.12%,Fallo,-,-,-,-,-,-,NEUTRO
2026-07-19,AMD,_NaiveModel,0.0,HOLD,0.00%,8.86%,-2.50%,Fallo,-,-,-,-,-,-,NEUTRO
2026-07-19,AMZN,_NaiveModel,0.0,HOLD,0.00%,-5.49%,11.02%,Fallo,-,-,-,-,-,-,NEUTRO
2026-07-19,ASML,_NaiveModel,0.0,HOLD,0.00%,3.17%,-0.38%,Fallo,-,-,-,-,-,-,NEUTRO
2026-07-19,AVGO,_NaiveModel,0.0,HOLD,0.00%,5.84%,15.35%,Fallo,-,-,-,-,-,-,NEUTRO
2026-07-19,BRK-B,_NaiveModel,0.0,HOLD,0.00%,-0.01%,6.29%,Acierto,-,-,-,-,-,-,NEUTRO
2026-07-19,CAT,_NaiveModel,0.0,HOLD,0.00%,1.62%,-4.33%,Fallo,-,-,-,-,-,-,NEUTRO
2026-07-19,COST,_NaiveModel,0.0,HOLD,0.00%,-1.57%,0.74%,Fallo,-,-,-,-,-,-,NEUTRO
2026-07-19,CRM,_NaiveModel,0.0,HOLD,0.00%,-8.10%,12.87%,Fallo,-,-,-,-,-,-,NEUTRO
2026-07-19,GOOGL,_NaiveModel,0.0,HOLD,0.00%,-8.39%,2.17%,Fallo,-,-,-,-,-,-,NEUTRO
2026-07-19,JNJ,_NaiveModel,0.0,HOLD,0.00%,2.46%,2.45%,Fallo,-,-,-,-,-,-,NEUTRO
2026-07-19,JPM,_NaiveModel,0.0,HOLD,0.00%,2.58%,4.81%,Fallo,-,-,-,-,-,-,NEUTRO
2026-07-19,LLY,_NaiveModel,0.0,HOLD,0.00%,0.57%,0.56%,Acierto,-,-,-,-,-,-,NEUTRO
2026-07-19,LMT,_NaiveModel,0.0,HOLD,0.00%,11.76%,15.56%,Fallo,-,-,-,-,-,-,NEUTRO
2026-07-19,MA,_NaiveModel,0.0,HOLD,0.00%,-2.45%,3.56%,Fallo,-,-,-,-,-,-,NEUTRO
2026-07-19,MCD,_NaiveModel,0.0,HOLD,0.00%,-1.83%,2.53%,Fallo,-,-,-,-,-,-,NEUTRO
2026-07-19,META,_NaiveModel,0.0,HOLD,0.00%,-6.18%,-8.35%,Fallo,-,-,-,-,-,-,NEUTRO
2026-07-19,MRK,_NaiveModel,0.0,HOLD,0.00%,2.34%,0.85%,Fallo,-,-,-,-,-,-,NEUTRO
2026-07-19,MSFT,_NaiveModel,0.0,HOLD,0.00%,-3.11%,26.96%,Fallo,-,-,-,-,-,-,NEUTRO
2026-07-19,NEE,_NaiveModel,0.0,HOLD,0.00%,1.11%,-4.67%,Fallo,-,-,-,-,-,-,NEUTRO
2026-07-19,NVDA,_NaiveModel,0.0,HOLD,0.00%,2.93%,10.43%,Fallo,-,-,-,-,-,-,NEUTRO
2026-07-19,ORCL,_NaiveModel,0.0,HOLD,0.00%,-5.04%,16.30%,Fallo,-,-,-,-,-,-,NEUTRO
2026-07-19,PG,_NaiveModel,0.0,HOLD,0.00%,-2.01%,-2.79%,Fallo,-,-,-,-,-,-,NEUTRO
2026-07-19,PLTR,_NaiveModel,0.0,HOLD,0.00%,-6.81%,29.94%,Fallo,-,-,-,-,-,-,NEUTRO
2026-07-19,TSLA,_NaiveModel,0.0,HOLD,0.00%,-16.06%,-13.72%,Fallo,-,-,-,-,-,-,NEUTRO
2026-07-19,TSM,_NaiveModel,0.0,HOLD,0.00%,4.32%,5.44%,Fallo,-,-,-,-,-,-,NEUTRO
2026-07-19,UNH,_NaiveModel,0.0,HOLD,0.00%,-0.59%,-4.46%,Acierto,-,-,-,-,-,-,NEUTRO
2026-07-19,V,_NaiveModel,0.0,HOLD,0.00%,-1.94%,1.10%,Fallo,-,-,-,-,-,-,NEUTRO
2026-07-19,WMT,_NaiveModel,0.0,HOLD,0.00%,-5.11%,-2.09%,Fallo,-,-,-,-,-,-,NEUTRO
2026-07-19,XOM,_NaiveModel,0.0,HOLD,0.00%,6.47%,3.85%,Fallo,-,-,-,-,-,-,NEUTRO
2026-07-18,AAPL,_NaiveModel,0.0,HOLD,0.00%,-2.35%,-6.12%,Fallo,-,-,-,-,-,-,NEUTRO
2026-07-18,AMD,_NaiveModel,0.0,HOLD,0.00%,11.41%,-2.50%,Fallo,-,-,-,-,-,-,NEUTRO
2026-07-18,AMZN,_NaiveModel,0.0,HOLD,0.00%,-0.96%,11.02%,Acierto,-,-,-,-,-,-,NEUTRO
2026-07-18,ASML,_NaiveModel,0.0,HOLD,0.00%,3.11%,-0.38%,Fallo,-,-,-,-,-,-,NEUTRO
2026-07-18,AVGO,_NaiveModel,0.0,HOLD,0.00%,7.01%,15.35%,Fallo,-,-,-,-,-,-,NEUTRO
2026-07-18,BRK-B,_NaiveModel,0.0,HOLD,0.00%,-0.31%,6.29%,Acierto,-,-,-,-,-,-,NEUTRO
2026-07-18,CAT,_NaiveModel,0.0,HOLD,0.00%,1.03%,-4.33%,Fallo,-,-,-,-,-,-,NEUTRO
2026-07-18,COST,_NaiveModel,0.0,HOLD,0.00%,-1.44%,0.74%,Fallo,-,-,-,-,-,-,NEUTRO
2026-07-18,CRM,_NaiveModel,0.0,HOLD,0.00%,-4.55%,12.87%,Fallo,-,-,-,-,-,-,NEUTRO
2026-07-18,GOOGL,_NaiveModel,0.0,HOLD,0.00%,-1.35%,2.17%,Fallo,-,-,-,-,-,-,NEUTRO
2026-07-18,JNJ,_NaiveModel,0.0,HOLD,0.00%,1.02%,2.45%,Fallo,-,-,-,-,-,-,NEUTRO
2026-07-18,JPM,_NaiveModel,0.0,HOLD,0.00%,2.08%,4.81%,Fallo,-,-,-,-,-,-,NEUTRO
2026-07-18,LLY,_NaiveModel,0.0,HOLD,0.00%,-1.37%,0.56%,Fallo,-,-,-,-,-,-,NEUTRO
2026-07-18,LMT,_NaiveModel,0.0,HOLD,0.00%,1.10%,15.56%,Fallo,-,-,-,-,-,-,NEUTRO
2026-07-18,MA,_NaiveModel,0.0,HOLD,0.00%,-2.14%,3.56%,Fallo,-,-,-,-,-,-,NEUTRO
2026-07-18,MCD,_NaiveModel,0.0,HOLD,0.00%,-1.55%,2.53%,Fallo,-,-,-,-,-,-,NEUTRO
2026-07-18,META,_NaiveModel,0.0,HOLD,0.00%,-2.92%,-8.35%,Fallo,-,-,-,-,-,-,NEUTRO
2026-07-18,MRK,_NaiveModel,0.0,HOLD,0.00%,-0.02%,0.85%,Acierto,-,-,-,-,-,-,NEUTRO
2026-07-18,MSFT,_NaiveModel,0.0,HOLD,0.00%,-0.88%,26.96%,Acierto,-,-,-,-,-,-,NEUTRO
2026-07-18,NEE,_NaiveModel,0.0,HOLD,0.00%,0.69%,-4.67%,Acierto,-,-,-,-,-,-,NEUTRO
2026-07-18,NVDA,_NaiveModel,0.0,HOLD,0.00%,4.56%,10.43%,Fallo,-,-,-,-,-,-,NEUTRO
2026-07-18,ORCL,_NaiveModel,0.0,HOLD,0.00%,-0.45%,16.30%,Acierto,-,-,-,-,-,-,NEUTRO
2026-07-18,PG,_NaiveModel,0.0,HOLD,0.00%,-0.57%,-2.79%,Acierto,-,-,-,-,-,-,NEUTRO
2026-07-18,PLTR,_NaiveModel,0.0,HOLD,0.00%,-5.90%,29.94%,Fallo,-,-,-,-,-,-,NEUTRO
2026-07-18,TSLA,_NaiveModel,0.0,HOLD,0.00%,-1.79%,-13.72%,Fallo,-,-,-,-,-,-,NEUTRO
2026-07-18,TSM,_NaiveModel,0.0,HOLD,0.00%,5.73%,5.44%,Fallo,-,-,-,-,-,-,NEUTRO
2026-07-18,UNH,_NaiveModel,0.0,HOLD,0.00%,1.23%,-4.46%,Fallo,-,-,-,-,-,-,NEUTRO
2026-07-18,V,_NaiveModel,0.0,HOLD,0.00%,-1.43%,1.10%,Fallo,-,-,-,-,-,-,NEUTRO
2026-07-18,WMT,_NaiveModel,0.0,HOLD,0.00%,-4.30%,-2.09%,Fallo,-,-,-,-,-,-,NEUTRO
2026-07-18,XOM,_NaiveModel,0.0,HOLD,0.00%,4.81%,3.85%,Fallo,-,-,-,-,-,-,NEUTRO
2026-07-17,AAPL,_NaiveModel,0.0,HOLD,0.14%,-1.66%,-5.98%,Fallo,-,-,-,-,-,-,NEUTRO
2026-07-17,AMD,_NaiveModel,0.0,HOLD,-1.03%,8.68%,-2.33%,Fallo,-,-,-,-,-,-,NEUTRO
2026-07-17,AMZN,_NaiveModel,0.0,HOLD,-1.06%,-0.94%,8.95%,Acierto,-,-,-,-,-,-,NEUTRO
2026-07-17,ASML,_NaiveModel,0.0,HOLD,-2.09%,0.93%,-4.51%,Acierto,-,-,-,-,-,-,NEUTRO
2026-07-17,AVGO,_NaiveModel,0.0,HOLD,-0.97%,3.22%,12.32%,Fallo,-,-,-,-,-,-,NEUTRO
2026-07-17,BRK-B,_NaiveModel,0.0,HOLD,-0.45%,-0.70%,6.39%,Acierto,-,-,-,-,-,-,NEUTRO
2026-07-17,CAT,_NaiveModel,0.0,HOLD,0.35%,1.46%,-2.30%,Fallo,-,-,-,-,-,-,NEUTRO
2026-07-17,COST,_NaiveModel,0.0,HOLD,-0.50%,-1.73%,0.38%,Fallo,-,-,-,-,-,-,NEUTRO
2026-07-17,CRM,_NaiveModel,0.0,HOLD,-1.11%,-1.52%,8.16%,Fallo,-,-,-,-,-,-,NEUTRO
2026-07-17,GOOGL,_NaiveModel,0.0,HOLD,-2.17%,-2.06%,-0.05%,Fallo,-,-,-,-,-,-,NEUTRO
2026-07-17,JNJ,_NaiveModel,0.0,HOLD,1.23%,0.26%,2.80%,Acierto,-,-,-,-,-,-,NEUTRO
2026-07-17,JPM,_NaiveModel,0.0,HOLD,-0.60%,0.61%,3.83%,Acierto,-,-,-,-,-,-,NEUTRO
2026-07-17,LLY,_NaiveModel,0.0,HOLD,0.85%,0.53%,1.95%,Acierto,-,-,-,-,-,-,NEUTRO
2026-07-17,LMT,_NaiveModel,0.0,HOLD,-0.92%,-1.25%,13.50%,Fallo,-,-,-,-,-,-,NEUTRO
2026-07-17,MA,_NaiveModel,0.0,HOLD,-1.44%,-2.40%,4.43%,Fallo,-,-,-,-,-,-,NEUTRO
2026-07-17,MCD,_NaiveModel,0.0,HOLD,-2.10%,-3.49%,1.02%,Fallo,-,-,-,-,-,-,NEUTRO
2026-07-17,META,_NaiveModel,0.0,HOLD,-2.79%,-3.12%,-10.90%,Fallo,-,-,-,-,-,-,NEUTRO
2026-07-17,MRK,_NaiveModel,0.0,HOLD,-0.10%,-1.07%,0.58%,Fallo,-,-,-,-,-,-,NEUTRO
2026-07-17,MSFT,_NaiveModel,0.0,HOLD,-1.82%,-0.84%,24.62%,Acierto,-,-,-,-,-,-,NEUTRO
2026-07-17,NEE,_NaiveModel,0.0,HOLD,-0.62%,-1.59%,-5.26%,Fallo,-,-,-,-,-,-,NEUTRO
2026-07-17,NVDA,_NaiveModel,0.0,HOLD,-2.21%,-0.05%,5.59%,Acierto,-,-,-,-,-,-,NEUTRO
2026-07-17,ORCL,_NaiveModel,0.0,HOLD,1.77%,2.29%,15.51%,Fallo,-,-,-,-,-,-,NEUTRO
2026-07-17,PG,_NaiveModel,0.0,HOLD,-1.00%,-2.24%,-2.99%,Fallo,-,-,-,-,-,-,NEUTRO
2026-07-17,PLTR,_NaiveModel,0.0,HOLD,-1.53%,-1.32%,15.98%,Fallo,-,-,-,-,-,-,NEUTRO
2026-07-17,TSLA,_NaiveModel,0.0,HOLD,-2.61%,-3.10%,-18.29%,Fallo,-,-,-,-,-,-,NEUTRO
2026-07-17,TSM,_NaiveModel,0.0,HOLD,-2.77%,3.63%,2.06%,Fallo,-,-,-,-,-,-,NEUTRO
2026-07-17,UNH,_NaiveModel,0.0,HOLD,0.64%,3.06%,-4.58%,Fallo,-,-,-,-,-,-,NEUTRO
2026-07-17,V,_NaiveModel,0.0,HOLD,-1.80%,-2.55%,1.46%,Fallo,-,-,-,-,-,-,NEUTRO
2026-07-17,WMT,_NaiveModel,0.0,HOLD,-0.62%,-3.97%,-2.51%,Fallo,-,-,-,-,-,-,NEUTRO
2026-07-17,XOM,_NaiveModel,0.0,HOLD,0.97%,3.95%,4.86%,Fallo,-,-,-,-,-,-,NEUTRO
2026-07-16,AAPL,_NaiveModel,0.0,HOLD,1.76%,-0.28%,-4.61%,Acierto,-,-,-,-,-,-,NEUTRO
2026-07-16,AMD,_NaiveModel,0.0,HOLD,-5.33%,-4.83%,-8.90%,Fallo,-,-,-,-,-,-,NEUTRO
2026-07-16,AMZN,_NaiveModel,0.0,HOLD,-1.99%,-1.95%,6.94%,Fallo,-,-,-,-,-,-,NEUTRO
2026-07-16,ASML,_NaiveModel,0.0,HOLD,-1.67%,-4.20%,-7.55%,Fallo,-,-,-,-,-,-,NEUTRO
2026-07-16,AVGO,_NaiveModel,0.0,HOLD,-5.03%,-4.09%,6.09%,Fallo,-,-,-,-,-,-,NEUTRO
2026-07-16,BRK-B,_NaiveModel,0.0,HOLD,0.98%,0.59%,6.25%,Acierto,-,-,-,-,-,-,NEUTRO
2026-07-16,CAT,_NaiveModel,0.0,HOLD,-4.06%,-5.47%,-4.73%,Fallo,-,-,-,-,-,-,NEUTRO
2026-07-16,COST,_NaiveModel,0.0,HOLD,3.17%,2.10%,2.78%,Fallo,-,-,-,-,-,-,NEUTRO
2026-07-16,CRM,_NaiveModel,0.0,HOLD,3.40%,4.07%,15.56%,Fallo,-,-,-,-,-,-,NEUTRO
2026-07-16,GOOGL,_NaiveModel,0.0,HOLD,-4.44%,-5.10%,-3.55%,Fallo,-,-,-,-,-,-,NEUTRO
2026-07-16,JNJ,_NaiveModel,0.0,HOLD,1.19%,0.73%,4.28%,Acierto,-,-,-,-,-,-,NEUTRO
2026-07-16,JPM,_NaiveModel,0.0,HOLD,-1.08%,-2.32%,3.55%,Fallo,-,-,-,-,-,-,NEUTRO
2026-07-16,LLY,_NaiveModel,0.0,HOLD,1.08%,-0.84%,1.14%,Acierto,-,-,-,-,-,-,NEUTRO
2026-07-16,LMT,_NaiveModel,0.0,HOLD,-0.18%,-0.96%,12.27%,Acierto,-,-,-,-,-,-,NEUTRO
2026-07-16,MA,_NaiveModel,0.0,HOLD,3.05%,2.29%,6.59%,Fallo,-,-,-,-,-,-,NEUTRO
2026-07-16,MCD,_NaiveModel,0.0,HOLD,3.21%,1.02%,3.42%,Fallo,-,-,-,-,-,-,NEUTRO
2026-07-16,META,_NaiveModel,0.0,HOLD,-2.46%,-5.20%,-13.42%,Fallo,-,-,-,-,-,-,NEUTRO
2026-07-16,MRK,_NaiveModel,0.0,HOLD,3.25%,0.64%,3.82%,Acierto,-,-,-,-,-,-,NEUTRO
2026-07-16,MSFT,_NaiveModel,0.0,HOLD,1.38%,1.68%,23.21%,Fallo,-,-,-,-,-,-,NEUTRO
2026-07-16,NEE,_NaiveModel,0.0,HOLD,0.28%,-1.23%,-5.05%,Fallo,-,-,-,-,-,-,NEUTRO
2026-07-16,NVDA,_NaiveModel,0.0,HOLD,-2.40%,-4.34%,3.16%,Fallo,-,-,-,-,-,-,NEUTRO
2026-07-16,ORCL,_NaiveModel,0.0,HOLD,-6.25%,-8.39%,8.98%,Fallo,-,-,-,-,-,-,NEUTRO
2026-07-16,PG,_NaiveModel,0.0,HOLD,2.33%,0.73%,-0.84%,Acierto,-,-,-,-,-,-,NEUTRO
2026-07-16,PLTR,_NaiveModel,0.0,HOLD,0.51%,0.81%,18.44%,Acierto,-,-,-,-,-,-,NEUTRO
2026-07-16,TSLA,_NaiveModel,0.0,HOLD,-0.86%,-6.31%,-18.48%,Fallo,-,-,-,-,-,-,NEUTRO
2026-07-16,TSM,_NaiveModel,0.0,HOLD,-2.32%,-4.10%,-1.31%,Fallo,-,-,-,-,-,-,NEUTRO
2026-07-16,UNH,_NaiveModel,0.0,HOLD,1.16%,0.72%,-1.38%,Acierto,-,-,-,-,-,-,NEUTRO
2026-07-16,V,_NaiveModel,0.0,HOLD,2.82%,1.53%,3.77%,Fallo,-,-,-,-,-,-,NEUTRO
2026-07-16,WMT,_NaiveModel,0.0,HOLD,2.15%,-0.29%,-0.17%,Acierto,-,-,-,-,-,-,NEUTRO
2026-07-16,XOM,_NaiveModel,0.0,HOLD,1.00%,2.66%,7.15%,Fallo,-,-,-,-,-,-,NEUTRO
2026-07-15,AAPL,_NaiveModel,0.0,HOLD,4.01%,6.00%,-1.23%,Fallo,-,-,-,-,-,-,NEUTRO
2026-07-15,AMD,_NaiveModel,0.0,HOLD,-3.46%,-9.55%,-5.39%,Fallo,-,-,-,-,-,-,NEUTRO
2026-07-15,AMZN,_NaiveModel,0.0,HOLD,3.02%,-0.11%,12.09%,Acierto,-,-,-,-,-,-,NEUTRO
2026-07-15,ASML,_NaiveModel,0.0,HOLD,2.23%,-1.58%,-3.59%,Fallo,-,-,-,-,-,-,NEUTRO
2026-07-15,AVGO,_NaiveModel,0.0,HOLD,1.33%,-4.70%,7.47%,Fallo,-,-,-,-,-,-,NEUTRO
2026-07-15,BRK-B,_NaiveModel,0.0,HOLD,-0.56%,-0.04%,5.32%,Acierto,-,-,-,-,-,-,NEUTRO
2026-07-15,CAT,_NaiveModel,0.0,HOLD,-2.04%,-5.68%,-6.09%,Fallo,-,-,-,-,-,-,NEUTRO
2026-07-15,COST,_NaiveModel,0.0,HOLD,-0.57%,2.07%,2.83%,Fallo,-,-,-,-,-,-,NEUTRO
2026-07-15,CRM,_NaiveModel,0.0,HOLD,-0.33%,1.92%,13.98%,Fallo,-,-,-,-,-,-,NEUTRO
2026-07-15,GOOGL,_NaiveModel,0.0,HOLD,3.17%,-3.54%,0.81%,Fallo,-,-,-,-,-,-,NEUTRO
2026-07-15,JNJ,_NaiveModel,0.0,HOLD,-2.69%,-0.32%,0.43%,Acierto,-,-,-,-,-,-,NEUTRO
2026-07-15,JPM,_NaiveModel,0.0,HOLD,1.17%,-0.52%,4.27%,Acierto,-,-,-,-,-,-,NEUTRO
2026-07-15,LLY,_NaiveModel,0.0,HOLD,0.35%,2.31%,-3.20%,Fallo,-,-,-,-,-,-,NEUTRO
2026-07-15,LMT,_NaiveModel,0.0,HOLD,-0.10%,-1.21%,14.44%,Fallo,-,-,-,-,-,-,NEUTRO
2026-07-15,MA,_NaiveModel,0.0,HOLD,-0.52%,1.04%,6.15%,Fallo,-,-,-,-,-,-,NEUTRO
2026-07-15,MCD,_NaiveModel,0.0,HOLD,-1.48%,-0.46%,-0.22%,Acierto,-,-,-,-,-,-,NEUTRO
2026-07-15,META,_NaiveModel,0.0,HOLD,3.07%,-2.27%,-10.93%,Fallo,-,-,-,-,-,-,NEUTRO
2026-07-15,MRK,_NaiveModel,0.0,HOLD,2.34%,5.56%,5.98%,Fallo,-,-,-,-,-,-,NEUTRO
2026-07-15,MSFT,_NaiveModel,0.0,HOLD,2.78%,2.31%,28.03%,Fallo,-,-,-,-,-,-,NEUTRO
2026-07-15,NEE,_NaiveModel,0.0,HOLD,-0.49%,-0.83%,-4.05%,Acierto,-,-,-,-,-,-,NEUTRO
2026-07-15,NVDA,_NaiveModel,0.0,HOLD,0.33%,-4.24%,0.07%,Fallo,-,-,-,-,-,-,NEUTRO
2026-07-15,ORCL,_NaiveModel,0.0,HOLD,3.56%,-1.20%,13.91%,Fallo,-,-,-,-,-,-,NEUTRO
2026-07-15,PG,_NaiveModel,0.0,HOLD,1.35%,2.67%,1.32%,Fallo,-,-,-,-,-,-,NEUTRO
2026-07-15,PLTR,_NaiveModel,0.0,HOLD,0.03%,-1.00%,21.64%,Fallo,-,-,-,-,-,-,NEUTRO
2026-07-15,TSLA,_NaiveModel,0.0,HOLD,-0.43%,-3.87%,-17.37%,Fallo,-,-,-,-,-,-,NEUTRO
2026-07-15,TSM,_NaiveModel,0.0,HOLD,-0.22%,-5.24%,-0.77%,Fallo,-,-,-,-,-,-,NEUTRO
2026-07-15,UNH,_NaiveModel,0.0,HOLD,-1.57%,0.21%,-4.15%,Acierto,-,-,-,-,-,-,NEUTRO
2026-07-15,V,_NaiveModel,0.0,HOLD,-0.25%,0.71%,3.81%,Acierto,-,-,-,-,-,-,NEUTRO
2026-07-15,WMT,_NaiveModel,0.0,HOLD,-1.03%,0.47%,-1.89%,Acierto,-,-,-,-,-,-,NEUTRO
2026-07-15,XOM,_NaiveModel,0.0,HOLD,-0.40%,1.56%,4.51%,Fallo,-,-,-,-,-,-,NEUTRO
2026-07-14,AAPL,_NaiveModel,0.0,HOLD,-0.77%,5.18%,-2.50%,Fallo,-,-,-,-,-,-,NEUTRO
2026-07-14,AMD,_NaiveModel,0.0,HOLD,2.57%,-7.23%,-9.31%,Fallo,-,-,-,-,-,-,NEUTRO
2026-07-14,AMZN,_NaiveModel,0.0,HOLD,0.07%,-0.03%,14.84%,Acierto,-,-,-,-,-,-,NEUTRO
2026-07-14,ASML,_NaiveModel,0.0,HOLD,2.87%,1.25%,-4.84%,Fallo,-,-,-,-,-,-,NEUTRO
2026-07-14,AVGO,_NaiveModel,0.0,HOLD,1.32%,-3.44%,2.13%,Fallo,-,-,-,-,-,-,NEUTRO
2026-07-14,BRK-B,_NaiveModel,0.0,HOLD,-1.16%,-1.20%,3.28%,Fallo,-,-,-,-,-,-,NEUTRO
2026-07-14,CAT,_NaiveModel,0.0,HOLD,0.20%,-5.50%,-10.89%,Fallo,-,-,-,-,-,-,NEUTRO
2026-07-14,COST,_NaiveModel,0.0,HOLD,-0.51%,1.56%,2.98%,Fallo,-,-,-,-,-,-,NEUTRO
2026-07-14,CRM,_NaiveModel,0.0,HOLD,-2.14%,-0.26%,8.60%,Acierto,-,-,-,-,-,-,NEUTRO
2026-07-14,GOOGL,_NaiveModel,0.0,HOLD,1.99%,-1.63%,7.13%,Fallo,-,-,-,-,-,-,NEUTRO
2026-07-14,JNJ,_NaiveModel,0.0,HOLD,-1.52%,-1.83%,-1.30%,Fallo,-,-,-,-,-,-,NEUTRO
2026-07-14,JPM,_NaiveModel,0.0,HOLD,2.50%,1.96%,5.41%,Fallo,-,-,-,-,-,-,NEUTRO
2026-07-14,LLY,_NaiveModel,0.0,HOLD,-2.48%,-0.23%,-5.12%,Acierto,-,-,-,-,-,-,NEUTRO
2026-07-14,LMT,_NaiveModel,0.0,HOLD,-1.09%,-2.29%,12.60%,Fallo,-,-,-,-,-,-,NEUTRO
2026-07-14,MA,_NaiveModel,0.0,HOLD,0.06%,1.10%,6.19%,Fallo,-,-,-,-,-,-,NEUTRO
2026-07-14,MCD,_NaiveModel,0.0,HOLD,-1.35%,-1.80%,-2.71%,Fallo,-,-,-,-,-,-,NEUTRO
2026-07-14,META,_NaiveModel,0.0,HOLD,0.66%,-1.63%,-10.47%,Fallo,-,-,-,-,-,-,NEUTRO
2026-07-14,MRK,_NaiveModel,0.0,HOLD,-2.62%,2.80%,3.02%,Fallo,-,-,-,-,-,-,NEUTRO
2026-07-14,MSFT,_NaiveModel,0.0,HOLD,-1.55%,0.72%,24.72%,Acierto,-,-,-,-,-,-,NEUTRO
2026-07-14,NEE,_NaiveModel,0.0,HOLD,1.31%,0.48%,-1.34%,Acierto,-,-,-,-,-,-,NEUTRO
2026-07-14,NVDA,_NaiveModel,0.0,HOLD,4.06%,-0.35%,1.53%,Acierto,-,-,-,-,-,-,NEUTRO
2026-07-14,ORCL,_NaiveModel,0.0,HOLD,-2.74%,-3.90%,7.84%,Fallo,-,-,-,-,-,-,NEUTRO
2026-07-14,PG,_NaiveModel,0.0,HOLD,-1.54%,1.09%,-2.29%,Fallo,-,-,-,-,-,-,NEUTRO
2026-07-14,PLTR,_NaiveModel,0.0,HOLD,2.83%,1.80%,-3.38%,Fallo,-,-,-,-,-,-,NEUTRO
2026-07-14,TSLA,_NaiveModel,0.0,HOLD,0.36%,-3.53%,-18.41%,Fallo,-,-,-,-,-,-,NEUTRO
2026-07-14,TSM,_NaiveModel,0.0,HOLD,-0.28%,-5.51%,-3.67%,Fallo,-,-,-,-,-,-,NEUTRO
2026-07-14,UNH,_NaiveModel,0.0,HOLD,-0.91%,-0.70%,-3.20%,Acierto,-,-,-,-,-,-,NEUTRO
2026-07-14,V,_NaiveModel,0.0,HOLD,-0.48%,0.23%,2.21%,Acierto,-,-,-,-,-,-,NEUTRO
2026-07-14,WMT,_NaiveModel,0.0,HOLD,-0.94%,-0.47%,-3.55%,Acierto,-,-,-,-,-,-,NEUTRO
2026-07-14,XOM,_NaiveModel,0.0,HOLD,0.40%,1.97%,6.54%,Fallo,-,-,-,-,-,-,NEUTRO
2026-07-13,AAPL,_NaiveModel,0.0,HOLD,0.63%,5.84%,-3.77%,Fallo,-,-,-,-,-,-,NEUTRO
2026-07-13,AMD,_NaiveModel,0.0,HOLD,-4.21%,-11.14%,-14.65%,Fallo,-,-,-,-,-,-,NEUTRO
2026-07-13,AMZN,_NaiveModel,0.0,HOLD,0.80%,0.77%,10.70%,Acierto,-,-,-,-,-,-,NEUTRO
2026-07-13,ASML,_NaiveModel,0.0,HOLD,-3.97%,-2.77%,-9.37%,Fallo,-,-,-,-,-,-,NEUTRO
2026-07-13,AVGO,_NaiveModel,0.0,HOLD,-3.98%,-7.29%,-2.67%,Fallo,-,-,-,-,-,-,NEUTRO
2026-07-13,BRK-B,_NaiveModel,0.0,HOLD,0.64%,-0.57%,3.61%,Acierto,-,-,-,-,-,-,NEUTRO
2026-07-13,CAT,_NaiveModel,0.0,HOLD,-2.20%,-7.57%,-14.45%,Fallo,-,-,-,-,-,-,NEUTRO
2026-07-13,COST,_NaiveModel,0.0,HOLD,1.11%,2.69%,3.89%,Fallo,-,-,-,-,-,-,NEUTRO
2026-07-13,CRM,_NaiveModel,0.0,HOLD,4.84%,4.56%,12.67%,Fallo,-,-,-,-,-,-,NEUTRO
2026-07-13,GOOGL,_NaiveModel,0.0,HOLD,-1.31%,-2.91%,4.57%,Fallo,-,-,-,-,-,-,NEUTRO
2026-07-13,JNJ,_NaiveModel,0.0,HOLD,0.31%,-1.53%,-0.25%,Fallo,-,-,-,-,-,-,NEUTRO
2026-07-13,JPM,_NaiveModel,0.0,HOLD,-0.58%,1.38%,4.55%,Fallo,-,-,-,-,-,-,NEUTRO
2026-07-13,LLY,_NaiveModel,0.0,HOLD,-0.56%,-0.80%,-3.34%,Acierto,-,-,-,-,-,-,NEUTRO
2026-07-13,LMT,_NaiveModel,0.0,HOLD,-0.49%,-2.76%,11.38%,Fallo,-,-,-,-,-,-,NEUTRO
2026-07-13,MA,_NaiveModel,0.0,HOLD,2.08%,3.20%,8.80%,Fallo,-,-,-,-,-,-,NEUTRO
2026-07-13,MCD,_NaiveModel,0.0,HOLD,-0.72%,-2.51%,-1.44%,Fallo,-,-,-,-,-,-,NEUTRO
2026-07-13,META,_NaiveModel,0.0,HOLD,-1.86%,-3.47%,-11.80%,Fallo,-,-,-,-,-,-,NEUTRO
2026-07-13,MRK,_NaiveModel,0.0,HOLD,0.40%,3.21%,5.39%,Fallo,-,-,-,-,-,-,NEUTRO
2026-07-13,MSFT,_NaiveModel,0.0,HOLD,1.53%,2.26%,20.68%,Fallo,-,-,-,-,-,-,NEUTRO
2026-07-13,NEE,_NaiveModel,0.0,HOLD,0.48%,0.95%,-1.60%,Acierto,-,-,-,-,-,-,NEUTRO
2026-07-13,NVDA,_NaiveModel,0.0,HOLD,-3.52%,-3.86%,-4.84%,Fallo,-,-,-,-,-,-,NEUTRO
2026-07-13,ORCL,_NaiveModel,0.0,HOLD,-6.47%,-10.12%,-7.66%,Fallo,-,-,-,-,-,-,NEUTRO
2026-07-13,PG,_NaiveModel,0.0,HOLD,0.90%,2.00%,-1.73%,Fallo,-,-,-,-,-,-,NEUTRO
2026-07-13,PLTR,_NaiveModel,0.0,HOLD,2.56%,4.41%,-2.94%,Fallo,-,-,-,-,-,-,NEUTRO
2026-07-13,TSLA,_NaiveModel,0.0,HOLD,-3.19%,-6.60%,-23.68%,Fallo,-,-,-,-,-,-,NEUTRO
2026-07-13,TSM,_NaiveModel,0.0,HOLD,-2.89%,-8.23%,-6.88%,Fallo,-,-,-,-,-,-,NEUTRO
2026-07-13,UNH,_NaiveModel,0.0,HOLD,1.05%,0.35%,-2.41%,Acierto,-,-,-,-,-,-,NEUTRO
2026-07-13,V,_NaiveModel,0.0,HOLD,2.52%,2.75%,4.92%,Fallo,-,-,-,-,-,-,NEUTRO
2026-07-13,WMT,_NaiveModel,0.0,HOLD,0.77%,0.30%,-2.37%,Acierto,-,-,-,-,-,-,NEUTRO
2026-07-13,XOM,_NaiveModel,0.0,HOLD,4.05%,6.11%,11.65%,Fallo,-,-,-,-,-,-,NEUTRO
2026-07-12,AAPL,_NaiveModel,0.0,HOLD,0.00%,5.69%,-2.03%,Fallo,-,-,-,-,-,-,NEUTRO
2026-07-12,AMD,_NaiveModel,0.0,HOLD,0.00%,-10.21%,-14.65%,Fallo,-,-,-,-,-,-,NEUTRO
2026-07-12,AMZN,_NaiveModel,0.0,HOLD,0.00%,1.85%,10.70%,Fallo,-,-,-,-,-,-,NEUTRO
2026-07-12,ASML,_NaiveModel,0.0,HOLD,0.00%,-0.69%,-9.37%,Acierto,-,-,-,-,-,-,NEUTRO
2026-07-12,AVGO,_NaiveModel,0.0,HOLD,0.00%,-6.38%,-2.67%,Fallo,-,-,-,-,-,-,NEUTRO
2026-07-12,BRK-B,_NaiveModel,0.0,HOLD,0.00%,-0.12%,3.61%,Acierto,-,-,-,-,-,-,NEUTRO
2026-07-12,CAT,_NaiveModel,0.0,HOLD,0.00%,-7.90%,-14.45%,Fallo,-,-,-,-,-,-,NEUTRO
2026-07-12,COST,_NaiveModel,0.0,HOLD,0.00%,3.20%,3.89%,Fallo,-,-,-,-,-,-,NEUTRO
2026-07-12,CRM,_NaiveModel,0.0,HOLD,0.00%,5.73%,12.67%,Fallo,-,-,-,-,-,-,NEUTRO
2026-07-12,GOOGL,_NaiveModel,0.0,HOLD,0.00%,-0.76%,-0.29%,Acierto,-,-,-,-,-,-,NEUTRO
2026-07-12,JNJ,_NaiveModel,0.0,HOLD,0.00%,-2.73%,-0.25%,Fallo,-,-,-,-,-,-,NEUTRO
2026-07-12,JPM,_NaiveModel,0.0,HOLD,0.00%,1.99%,4.55%,Fallo,-,-,-,-,-,-,NEUTRO
2026-07-12,LLY,_NaiveModel,0.0,HOLD,0.00%,-1.63%,-3.34%,Fallo,-,-,-,-,-,-,NEUTRO
2026-07-12,LMT,_NaiveModel,0.0,HOLD,0.00%,-1.85%,11.38%,Fallo,-,-,-,-,-,-,NEUTRO
2026-07-12,MA,_NaiveModel,0.0,HOLD,0.00%,4.71%,8.80%,Fallo,-,-,-,-,-,-,NEUTRO
2026-07-12,MCD,_NaiveModel,0.0,HOLD,0.00%,-0.42%,-1.44%,Acierto,-,-,-,-,-,-,NEUTRO
2026-07-12,META,_NaiveModel,0.0,HOLD,0.00%,-0.70%,-16.81%,Acierto,-,-,-,-,-,-,NEUTRO
2026-07-12,MRK,_NaiveModel,0.0,HOLD,0.00%,3.31%,5.39%,Fallo,-,-,-,-,-,-,NEUTRO
2026-07-12,MSFT,_NaiveModel,0.0,HOLD,0.00%,4.15%,20.68%,Fallo,-,-,-,-,-,-,NEUTRO
2026-07-12,NEE,_NaiveModel,0.0,HOLD,0.00%,1.58%,-1.18%,Fallo,-,-,-,-,-,-,NEUTRO
2026-07-12,NVDA,_NaiveModel,0.0,HOLD,0.00%,-1.69%,-4.84%,Fallo,-,-,-,-,-,-,NEUTRO
2026-07-12,ORCL,_NaiveModel,0.0,HOLD,0.00%,-11.68%,-7.66%,Fallo,-,-,-,-,-,-,NEUTRO
2026-07-12,PG,_NaiveModel,0.0,HOLD,0.00%,3.03%,-1.73%,Fallo,-,-,-,-,-,-,NEUTRO
2026-07-12,PLTR,_NaiveModel,0.0,HOLD,0.00%,6.03%,-2.94%,Fallo,-,-,-,-,-,-,NEUTRO
2026-07-12,TSLA,_NaiveModel,0.0,HOLD,0.00%,-4.10%,-23.68%,Fallo,-,-,-,-,-,-,NEUTRO
2026-07-12,TSM,_NaiveModel,0.0,HOLD,0.00%,-5.61%,-6.88%,Fallo,-,-,-,-,-,-,NEUTRO
2026-07-12,UNH,_NaiveModel,0.0,HOLD,0.00%,-0.29%,-2.41%,Acierto,-,-,-,-,-,-,NEUTRO
2026-07-12,V,_NaiveModel,0.0,HOLD,0.00%,4.63%,4.92%,Fallo,-,-,-,-,-,-,NEUTRO
2026-07-12,WMT,_NaiveModel,0.0,HOLD,0.00%,0.92%,-2.37%,Acierto,-,-,-,-,-,-,NEUTRO
2026-07-12,XOM,_NaiveModel,0.0,HOLD,0.00%,5.09%,11.92%,Fallo,-,-,-,-,-,-,NEUTRO
2026-07-11,AAPL,_NaiveModel,0.0,HOLD,0.00%,3.86%,-2.03%,Fallo,-,-,-,-,-,-,NEUTRO
2026-07-11,AMD,_NaiveModel,0.0,HOLD,0.00%,-5.15%,-14.65%,Fallo,-,-,-,-,-,-,NEUTRO
2026-07-11,AMZN,_NaiveModel,0.0,HOLD,0.00%,3.92%,10.70%,Fallo,-,-,-,-,-,-,NEUTRO
2026-07-11,ASML,_NaiveModel,0.0,HOLD,0.00%,1.00%,-9.37%,Acierto,-,-,-,-,-,-,NEUTRO
2026-07-11,AVGO,_NaiveModel,0.0,HOLD,0.00%,-1.42%,-2.67%,Fallo,-,-,-,-,-,-,NEUTRO
2026-07-11,BRK-B,_NaiveModel,0.0,HOLD,0.00%,-1.09%,3.61%,Fallo,-,-,-,-,-,-,NEUTRO
2026-07-11,CAT,_NaiveModel,0.0,HOLD,0.00%,-4.00%,-14.45%,Fallo,-,-,-,-,-,-,NEUTRO
2026-07-11,COST,_NaiveModel,0.0,HOLD,0.00%,0.03%,3.89%,Acierto,-,-,-,-,-,-,NEUTRO
2026-07-11,CRM,_NaiveModel,0.0,HOLD,0.00%,2.25%,12.67%,Fallo,-,-,-,-,-,-,NEUTRO
2026-07-11,GOOGL,_NaiveModel,0.0,HOLD,0.00%,3.85%,-0.29%,Fallo,-,-,-,-,-,-,NEUTRO
2026-07-11,JNJ,_NaiveModel,0.0,HOLD,0.00%,-3.88%,-0.25%,Fallo,-,-,-,-,-,-,NEUTRO
2026-07-11,JPM,_NaiveModel,0.0,HOLD,0.00%,3.10%,4.55%,Fallo,-,-,-,-,-,-,NEUTRO
2026-07-11,LLY,_NaiveModel,0.0,HOLD,0.00%,-2.69%,-3.34%,Fallo,-,-,-,-,-,-,NEUTRO
2026-07-11,LMT,_NaiveModel,0.0,HOLD,0.00%,-1.67%,11.38%,Fallo,-,-,-,-,-,-,NEUTRO
2026-07-11,MA,_NaiveModel,0.0,HOLD,0.00%,1.61%,8.80%,Fallo,-,-,-,-,-,-,NEUTRO
2026-07-11,MCD,_NaiveModel,0.0,HOLD,0.00%,-3.51%,-1.44%,Fallo,-,-,-,-,-,-,NEUTRO
2026-07-11,META,_NaiveModel,0.0,HOLD,0.00%,1.81%,-16.81%,Fallo,-,-,-,-,-,-,NEUTRO
2026-07-11,MRK,_NaiveModel,0.0,HOLD,0.00%,0.06%,5.39%,Acierto,-,-,-,-,-,-,NEUTRO
2026-07-11,MSFT,_NaiveModel,0.0,HOLD,0.00%,2.73%,20.68%,Fallo,-,-,-,-,-,-,NEUTRO
2026-07-11,NEE,_NaiveModel,0.0,HOLD,0.00%,1.30%,-1.18%,Fallo,-,-,-,-,-,-,NEUTRO
2026-07-11,NVDA,_NaiveModel,0.0,HOLD,0.00%,0.73%,-4.84%,Acierto,-,-,-,-,-,-,NEUTRO
2026-07-11,ORCL,_NaiveModel,0.0,HOLD,0.00%,-5.79%,-7.66%,Fallo,-,-,-,-,-,-,NEUTRO
2026-07-11,PG,_NaiveModel,0.0,HOLD,0.00%,0.69%,-1.73%,Acierto,-,-,-,-,-,-,NEUTRO
2026-07-11,PLTR,_NaiveModel,0.0,HOLD,0.00%,5.50%,-2.94%,Fallo,-,-,-,-,-,-,NEUTRO
2026-07-11,TSLA,_NaiveModel,0.0,HOLD,0.00%,-3.26%,-23.68%,Fallo,-,-,-,-,-,-,NEUTRO
2026-07-11,TSM,_NaiveModel,0.0,HOLD,0.00%,-3.37%,-6.88%,Fallo,-,-,-,-,-,-,NEUTRO
2026-07-11,UNH,_NaiveModel,0.0,HOLD,0.00%,-1.44%,-2.41%,Fallo,-,-,-,-,-,-,NEUTRO
2026-07-11,V,_NaiveModel,0.0,HOLD,0.00%,1.77%,4.92%,Fallo,-,-,-,-,-,-,NEUTRO
2026-07-11,WMT,_NaiveModel,0.0,HOLD,0.00%,-1.20%,-2.37%,Fallo,-,-,-,-,-,-,NEUTRO
2026-07-11,XOM,_NaiveModel,0.0,HOLD,0.00%,4.05%,11.92%,Fallo,-,-,-,-,-,-,NEUTRO
2026-07-10,AAPL,_NaiveModel,0.0,HOLD,-0.28%,-0.43%,-2.31%,Acierto,-,-,-,-,-,-,NEUTRO
2026-07-10,AMD,_NaiveModel,0.0,HOLD,2.04%,0.26%,-11.22%,Acierto,-,-,-,-,-,-,NEUTRO
2026-07-10,AMZN,_NaiveModel,0.0,HOLD,-0.69%,0.18%,-4.67%,Acierto,-,-,-,-,-,-,NEUTRO
2026-07-10,ASML,_NaiveModel,0.0,HOLD,-0.38%,-1.59%,-8.47%,Fallo,-,-,-,-,-,-,NEUTRO
2026-07-10,AVGO,_NaiveModel,0.0,HOLD,-0.28%,-2.99%,-3.31%,Fallo,-,-,-,-,-,-,NEUTRO
2026-07-10,BRK-B,_NaiveModel,0.0,HOLD,-0.35%,-0.88%,2.87%,Acierto,-,-,-,-,-,-,NEUTRO
2026-07-10,CAT,_NaiveModel,0.0,HOLD,1.49%,-0.54%,-13.77%,Acierto,-,-,-,-,-,-,NEUTRO
2026-07-10,COST,_NaiveModel,0.0,HOLD,0.36%,0.96%,4.51%,Acierto,-,-,-,-,-,-,NEUTRO
2026-07-10,CRM,_NaiveModel,0.0,HOLD,0.50%,3.11%,11.21%,Fallo,-,-,-,-,-,-,NEUTRO
2026-07-10,GOOGL,_NaiveModel,0.0,HOLD,-0.48%,0.17%,-0.77%,Acierto,-,-,-,-,-,-,NEUTRO
2026-07-10,JNJ,_NaiveModel,0.0,HOLD,-0.82%,-2.03%,-1.27%,Fallo,-,-,-,-,-,-,NEUTRO
2026-07-10,JPM,_NaiveModel,0.0,HOLD,0.30%,2.21%,4.58%,Fallo,-,-,-,-,-,-,NEUTRO
2026-07-10,LLY,_NaiveModel,0.0,HOLD,-2.33%,-5.29%,-5.09%,Fallo,-,-,-,-,-,-,NEUTRO
2026-07-10,LMT,_NaiveModel,0.0,HOLD,0.96%,-0.63%,10.78%,Acierto,-,-,-,-,-,-,NEUTRO
2026-07-10,MA,_NaiveModel,0.0,HOLD,0.68%,2.83%,10.35%,Fallo,-,-,-,-,-,-,NEUTRO
2026-07-10,MCD,_NaiveModel,0.0,HOLD,-0.68%,-2.73%,-2.91%,Fallo,-,-,-,-,-,-,NEUTRO
2026-07-10,META,_NaiveModel,0.0,HOLD,5.97%,4.68%,-11.84%,Fallo,-,-,-,-,-,-,NEUTRO
2026-07-10,MRK,_NaiveModel,0.0,HOLD,-1.22%,-3.43%,3.77%,Fallo,-,-,-,-,-,-,NEUTRO
2026-07-10,MSFT,_NaiveModel,0.0,HOLD,0.19%,0.15%,17.36%,Acierto,-,-,-,-,-,-,NEUTRO
2026-07-10,NEE,_NaiveModel,0.0,HOLD,0.99%,2.80%,-0.21%,Fallo,-,-,-,-,-,-,NEUTRO
2026-07-10,NVDA,_NaiveModel,0.0,HOLD,4.03%,4.45%,-3.82%,Fallo,-,-,-,-,-,-,NEUTRO
2026-07-10,ORCL,_NaiveModel,0.0,HOLD,-2.48%,-11.29%,-11.55%,Fallo,-,-,-,-,-,-,NEUTRO
2026-07-10,PG,_NaiveModel,0.0,HOLD,0.13%,-0.52%,-1.97%,Acierto,-,-,-,-,-,-,NEUTRO
2026-07-10,PLTR,_NaiveModel,0.0,HOLD,-1.74%,3.63%,-5.25%,Fallo,-,-,-,-,-,-,NEUTRO
2026-07-10,TSLA,_NaiveModel,0.0,HOLD,0.30%,-2.55%,-24.03%,Fallo,-,-,-,-,-,-,NEUTRO
2026-07-10,TSM,_NaiveModel,0.0,HOLD,-0.65%,-3.79%,-7.70%,Fallo,-,-,-,-,-,-,NEUTRO
2026-07-10,UNH,_NaiveModel,0.0,HOLD,-1.64%,-1.50%,-2.37%,Fallo,-,-,-,-,-,-,NEUTRO
2026-07-10,V,_NaiveModel,0.0,HOLD,0.22%,2.25%,5.19%,Fallo,-,-,-,-,-,-,NEUTRO
2026-07-10,WMT,_NaiveModel,0.0,HOLD,1.51%,1.33%,-0.99%,Fallo,-,-,-,-,-,-,NEUTRO
2026-07-10,XOM,_NaiveModel,0.0,HOLD,1.03%,5.55%,13.08%,Fallo,-,-,-,-,-,-,NEUTRO
2026-07-09,AAPL,_NaiveModel,0.0,HOLD,0.90%,1.25%,6.39%,Fallo,-,-,-,-,-,-,NEUTRO
2026-07-09,AMD,_NaiveModel,0.0,HOLD,5.66%,3.28%,-16.98%,Fallo,-,-,-,-,-,-,NEUTRO
2026-07-09,AMZN,_NaiveModel,0.0,HOLD,1.40%,1.51%,-6.97%,Fallo,-,-,-,-,-,-,NEUTRO
2026-07-09,ASML,_NaiveModel,0.0,HOLD,2.01%,-2.41%,-12.32%,Fallo,-,-,-,-,-,-,NEUTRO
2026-07-09,AVGO,_NaiveModel,0.0,HOLD,3.20%,-1.19%,-4.73%,Fallo,-,-,-,-,-,-,NEUTRO
2026-07-09,BRK-B,_NaiveModel,0.0,HOLD,0.13%,0.42%,2.90%,Acierto,-,-,-,-,-,-,NEUTRO
2026-07-09,CAT,_NaiveModel,0.0,HOLD,-1.02%,-1.75%,-17.44%,Fallo,-,-,-,-,-,-,NEUTRO
2026-07-09,COST,_NaiveModel,0.0,HOLD,-4.21%,-2.80%,2.19%,Fallo,-,-,-,-,-,-,NEUTRO
2026-07-09,CRM,_NaiveModel,0.0,HOLD,-2.45%,2.79%,13.09%,Fallo,-,-,-,-,-,-,NEUTRO
2026-07-09,GOOGL,_NaiveModel,0.0,HOLD,-0.84%,-2.60%,-7.81%,Fallo,-,-,-,-,-,-,NEUTRO
2026-07-09,JNJ,_NaiveModel,0.0,HOLD,-1.63%,-2.14%,0.81%,Fallo,-,-,-,-,-,-,NEUTRO
2026-07-09,JPM,_NaiveModel,0.0,HOLD,1.47%,1.18%,4.26%,Fallo,-,-,-,-,-,-,NEUTRO
2026-07-09,LLY,_NaiveModel,0.0,HOLD,0.09%,-2.79%,-0.48%,Fallo,-,-,-,-,-,-,NEUTRO
2026-07-09,LMT,_NaiveModel,0.0,HOLD,-1.84%,-1.38%,7.81%,Fallo,-,-,-,-,-,-,NEUTRO
2026-07-09,MA,_NaiveModel,0.0,HOLD,0.64%,3.43%,8.36%,Fallo,-,-,-,-,-,-,NEUTRO
2026-07-09,MCD,_NaiveModel,0.0,HOLD,-0.63%,-2.03%,-2.42%,Fallo,-,-,-,-,-,-,NEUTRO
2026-07-09,META,_NaiveModel,0.0,HOLD,4.70%,8.89%,-10.63%,Fallo,-,-,-,-,-,-,NEUTRO
2026-07-09,MRK,_NaiveModel,0.0,HOLD,-0.73%,-1.56%,3.47%,Fallo,-,-,-,-,-,-,NEUTRO
2026-07-09,MSFT,_NaiveModel,0.0,HOLD,0.27%,2.00%,1.88%,Fallo,-,-,-,-,-,-,NEUTRO
2026-07-09,NEE,_NaiveModel,0.0,HOLD,-0.39%,1.08%,0.56%,Fallo,-,-,-,-,-,-,NEUTRO
2026-07-09,NVDA,_NaiveModel,0.0,HOLD,-0.66%,-0.29%,-6.91%,Acierto,-,-,-,-,-,-,NEUTRO
2026-07-09,ORCL,_NaiveModel,0.0,HOLD,2.65%,-6.37%,-16.19%,Fallo,-,-,-,-,-,-,NEUTRO
2026-07-09,PG,_NaiveModel,0.0,HOLD,-1.04%,-0.02%,-1.55%,Acierto,-,-,-,-,-,-,NEUTRO
2026-07-09,PLTR,_NaiveModel,0.0,HOLD,-2.41%,-1.65%,-6.97%,Fallo,-,-,-,-,-,-,NEUTRO
2026-07-09,TSLA,_NaiveModel,0.0,HOLD,3.17%,0.18%,-24.30%,Acierto,-,-,-,-,-,-,NEUTRO
2026-07-09,TSM,_NaiveModel,0.0,HOLD,-0.00%,-3.52%,-14.26%,Fallo,-,-,-,-,-,-,NEUTRO
2026-07-09,UNH,_NaiveModel,0.0,HOLD,1.43%,0.82%,-1.18%,Acierto,-,-,-,-,-,-,NEUTRO
2026-07-09,V,_NaiveModel,0.0,HOLD,0.19%,2.94%,6.10%,Fallo,-,-,-,-,-,-,NEUTRO
2026-07-09,WMT,_NaiveModel,0.0,HOLD,-0.79%,1.49%,0.99%,Fallo,-,-,-,-,-,-,NEUTRO
2026-07-09,XOM,_NaiveModel,0.0,HOLD,-2.60%,2.39%,11.22%,Fallo,-,-,-,-,-,-,NEUTRO
2026-07-08,AAPL,_NaiveModel,0.0,HOLD,0.88%,1.50%,8.86%,Fallo,-,-,-,-,-,-,NEUTRO
2026-07-08,AMD,_NaiveModel,0.0,HOLD,0.25%,8.10%,-11.91%,Fallo,-,-,-,-,-,-,NEUTRO
2026-07-08,AMZN,_NaiveModel,0.0,HOLD,-0.96%,-0.26%,-6.15%,Acierto,-,-,-,-,-,-,NEUTRO
2026-07-08,ASML,_NaiveModel,0.0,HOLD,1.22%,2.86%,-9.40%,Fallo,-,-,-,-,-,-,NEUTRO
2026-07-08,AVGO,_NaiveModel,0.0,HOLD,4.83%,7.87%,2.73%,Fallo,-,-,-,-,-,-,NEUTRO
2026-07-08,BRK-B,_NaiveModel,0.0,HOLD,-1.83%,-2.04%,1.66%,Fallo,-,-,-,-,-,-,NEUTRO
2026-07-08,CAT,_NaiveModel,0.0,HOLD,0.85%,1.31%,-10.56%,Fallo,-,-,-,-,-,-,NEUTRO
2026-07-08,COST,_NaiveModel,0.0,HOLD,0.59%,-3.30%,2.01%,Fallo,-,-,-,-,-,-,NEUTRO
2026-07-08,CRM,_NaiveModel,0.0,HOLD,-1.73%,-3.66%,7.07%,Fallo,-,-,-,-,-,-,NEUTRO
2026-07-08,GOOGL,_NaiveModel,0.0,HOLD,-1.39%,-2.68%,-8.26%,Fallo,-,-,-,-,-,-,NEUTRO
2026-07-08,JNJ,_NaiveModel,0.0,HOLD,-1.44%,-3.84%,-0.19%,Fallo,-,-,-,-,-,-,NEUTRO
2026-07-08,JPM,_NaiveModel,0.0,HOLD,-2.54%,-0.81%,5.33%,Acierto,-,-,-,-,-,-,NEUTRO
2026-07-08,LLY,_NaiveModel,0.0,HOLD,-1.60%,-3.80%,-1.21%,Fallo,-,-,-,-,-,-,NEUTRO
2026-07-08,LMT,_NaiveModel,0.0,HOLD,-1.39%,-2.27%,8.58%,Fallo,-,-,-,-,-,-,NEUTRO
2026-07-08,MA,_NaiveModel,0.0,HOLD,-2.21%,-0.92%,5.86%,Acierto,-,-,-,-,-,-,NEUTRO
2026-07-08,MCD,_NaiveModel,0.0,HOLD,-1.40%,-2.70%,-3.26%,Fallo,-,-,-,-,-,-,NEUTRO
2026-07-08,META,_NaiveModel,0.0,HOLD,-2.02%,8.71%,-4.87%,Fallo,-,-,-,-,-,-,NEUTRO
2026-07-08,MRK,_NaiveModel,0.0,HOLD,-2.23%,-4.13%,2.30%,Fallo,-,-,-,-,-,-,NEUTRO
2026-07-08,MSFT,_NaiveModel,0.0,HOLD,-1.41%,-0.96%,1.16%,Acierto,-,-,-,-,-,-,NEUTRO
2026-07-08,NEE,_NaiveModel,0.0,HOLD,-1.16%,-0.58%,-0.01%,Acierto,-,-,-,-,-,-,NEUTRO
2026-07-08,NVDA,_NaiveModel,0.0,HOLD,3.65%,7.12%,0.04%,Fallo,-,-,-,-,-,-,NEUTRO
2026-07-08,ORCL,_NaiveModel,0.0,HOLD,-0.78%,-0.68%,-15.28%,Acierto,-,-,-,-,-,-,NEUTRO
2026-07-08,PG,_NaiveModel,0.0,HOLD,-2.85%,-3.74%,-2.53%,Fallo,-,-,-,-,-,-,NEUTRO
2026-07-08,PLTR,_NaiveModel,0.0,HOLD,-1.60%,-5.64%,-8.07%,Fallo,-,-,-,-,-,-,NEUTRO
2026-07-08,TSLA,_NaiveModel,0.0,HOLD,-2.19%,1.21%,-23.69%,Fallo,-,-,-,-,-,-,NEUTRO
2026-07-08,TSM,_NaiveModel,0.0,HOLD,1.02%,0.36%,-9.31%,Acierto,-,-,-,-,-,-,NEUTRO
2026-07-08,UNH,_NaiveModel,0.0,HOLD,-0.60%,-0.83%,0.14%,Acierto,-,-,-,-,-,-,NEUTRO
2026-07-08,V,_NaiveModel,0.0,HOLD,-1.33%,-0.92%,4.09%,Acierto,-,-,-,-,-,-,NEUTRO
2026-07-08,WMT,_NaiveModel,0.0,HOLD,1.40%,2.12%,1.40%,Fallo,-,-,-,-,-,-,NEUTRO
2026-07-08,XOM,_NaiveModel,0.0,HOLD,-0.40%,-1.98%,10.63%,Fallo,-,-,-,-,-,-,NEUTRO
2026-07-07,AAPL,_NaiveModel,0.0,HOLD,-0.64%,0.85%,8.77%,Acierto,-,-,-,-,-,-,NEUTRO
2026-07-07,AMD,_NaiveModel,0.0,HOLD,-6.51%,1.06%,-10.34%,Fallo,-,-,-,-,-,-,NEUTRO
2026-07-07,AMZN,_NaiveModel,0.0,HOLD,0.75%,0.48%,-5.23%,Acierto,-,-,-,-,-,-,NEUTRO
2026-07-07,ASML,_NaiveModel,0.0,HOLD,-4.26%,-1.52%,-9.30%,Fallo,-,-,-,-,-,-,NEUTRO
2026-07-07,AVGO,_NaiveModel,0.0,HOLD,-0.83%,6.97%,2.49%,Fallo,-,-,-,-,-,-,NEUTRO
2026-07-07,BRK-B,_NaiveModel,0.0,HOLD,-0.51%,-2.54%,-1.86%,Fallo,-,-,-,-,-,-,NEUTRO
2026-07-07,CAT,_NaiveModel,0.0,HOLD,-3.07%,-1.81%,-9.96%,Fallo,-,-,-,-,-,-,NEUTRO
2026-07-07,COST,_NaiveModel,0.0,HOLD,-0.29%,-3.58%,0.14%,Fallo,-,-,-,-,-,-,NEUTRO
2026-07-07,CRM,_NaiveModel,0.0,HOLD,2.34%,-1.41%,4.80%,Fallo,-,-,-,-,-,-,NEUTRO
2026-07-07,GOOGL,_NaiveModel,0.0,HOLD,0.16%,-2.53%,-8.94%,Fallo,-,-,-,-,-,-,NEUTRO
2026-07-07,JNJ,_NaiveModel,0.0,HOLD,3.05%,-0.91%,2.55%,Acierto,-,-,-,-,-,-,NEUTRO
2026-07-07,JPM,_NaiveModel,0.0,HOLD,0.44%,-0.37%,5.47%,Acierto,-,-,-,-,-,-,NEUTRO
2026-07-07,LLY,_NaiveModel,0.0,HOLD,2.96%,-0.96%,-0.21%,Acierto,-,-,-,-,-,-,NEUTRO
2026-07-07,LMT,_NaiveModel,0.0,HOLD,-0.49%,-2.75%,7.81%,Fallo,-,-,-,-,-,-,NEUTRO
2026-07-07,MA,_NaiveModel,0.0,HOLD,-0.28%,-1.19%,3.49%,Fallo,-,-,-,-,-,-,NEUTRO
2026-07-07,MCD,_NaiveModel,0.0,HOLD,0.97%,-1.75%,-3.16%,Fallo,-,-,-,-,-,-,NEUTRO
2026-07-07,META,_NaiveModel,0.0,HOLD,2.55%,11.48%,-1.15%,Fallo,-,-,-,-,-,-,NEUTRO
2026-07-07,MRK,_NaiveModel,0.0,HOLD,1.64%,-2.56%,3.14%,Fallo,-,-,-,-,-,-,NEUTRO
2026-07-07,MSFT,_NaiveModel,0.0,HOLD,0.54%,-0.42%,0.61%,Acierto,-,-,-,-,-,-,NEUTRO
2026-07-07,NEE,_NaiveModel,0.0,HOLD,1.18%,0.59%,2.10%,Acierto,-,-,-,-,-,-,NEUTRO
2026-07-07,NVDA,_NaiveModel,0.0,HOLD,0.71%,7.88%,0.49%,Fallo,-,-,-,-,-,-,NEUTRO
2026-07-07,ORCL,_NaiveModel,0.0,HOLD,-1.50%,-2.17%,-16.60%,Fallo,-,-,-,-,-,-,NEUTRO
2026-07-07,PG,_NaiveModel,0.0,HOLD,2.30%,-1.52%,-0.46%,Fallo,-,-,-,-,-,-,NEUTRO
2026-07-07,PLTR,_NaiveModel,0.0,HOLD,1.38%,-4.34%,-0.76%,Fallo,-,-,-,-,-,-,NEUTRO
2026-07-07,TSLA,_NaiveModel,0.0,HOLD,-4.02%,-2.86%,-26.34%,Fallo,-,-,-,-,-,-,NEUTRO
2026-07-07,TSM,_NaiveModel,0.0,HOLD,-4.25%,-3.91%,-11.66%,Fallo,-,-,-,-,-,-,NEUTRO
2026-07-07,UNH,_NaiveModel,0.0,HOLD,2.44%,1.59%,-0.08%,Fallo,-,-,-,-,-,-,NEUTRO
2026-07-07,V,_NaiveModel,0.0,HOLD,-1.41%,-2.32%,1.48%,Fallo,-,-,-,-,-,-,NEUTRO
2026-07-07,WMT,_NaiveModel,0.0,HOLD,0.80%,2.94%,0.99%,Fallo,-,-,-,-,-,-,NEUTRO
2026-07-07,XOM,_NaiveModel,0.0,HOLD,3.85%,1.79%,12.17%,Fallo,-,-,-,-,-,-,NEUTRO
2026-07-06,AAPL,_NaiveModel,0.0,HOLD,1.31%,2.17%,9.16%,Fallo,-,-,-,-,-,-,NEUTRO
2026-07-06,AMD,_NaiveModel,0.0,HOLD,6.61%,7.74%,0.80%,Fallo,-,-,-,-,-,-,NEUTRO
2026-07-06,AMZN,_NaiveModel,0.0,HOLD,0.61%,1.10%,-4.35%,Fallo,-,-,-,-,-,-,NEUTRO
2026-07-06,ASML,_NaiveModel,0.0,HOLD,3.15%,1.58%,-0.69%,Fallo,-,-,-,-,-,-,NEUTRO
2026-07-06,AVGO,_NaiveModel,0.0,HOLD,3.73%,10.96%,5.96%,Fallo,-,-,-,-,-,-,NEUTRO
2026-07-06,BRK-B,_NaiveModel,0.0,HOLD,-0.24%,-2.77%,-2.53%,Fallo,-,-,-,-,-,-,NEUTRO
2026-07-06,CAT,_NaiveModel,0.0,HOLD,0.66%,-1.15%,-7.76%,Fallo,-,-,-,-,-,-,NEUTRO
2026-07-06,COST,_NaiveModel,0.0,HOLD,-0.15%,-3.72%,-1.75%,Fallo,-,-,-,-,-,-,NEUTRO
2026-07-06,CRM,_NaiveModel,0.0,HOLD,-0.28%,-1.68%,-1.47%,Fallo,-,-,-,-,-,-,NEUTRO
2026-07-06,GOOGL,_NaiveModel,0.0,HOLD,1.82%,-0.76%,-9.27%,Acierto,-,-,-,-,-,-,NEUTRO
2026-07-06,JNJ,_NaiveModel,0.0,HOLD,-1.41%,-2.30%,0.14%,Fallo,-,-,-,-,-,-,NEUTRO
2026-07-06,JPM,_NaiveModel,0.0,HOLD,0.97%,0.60%,5.60%,Acierto,-,-,-,-,-,-,NEUTRO
2026-07-06,LLY,_NaiveModel,0.0,HOLD,-1.14%,-2.09%,-1.47%,Fallo,-,-,-,-,-,-,NEUTRO
2026-07-06,LMT,_NaiveModel,0.0,HOLD,-1.45%,-4.16%,6.72%,Fallo,-,-,-,-,-,-,NEUTRO
2026-07-06,MA,_NaiveModel,0.0,HOLD,-1.17%,-2.35%,0.05%,Fallo,-,-,-,-,-,-,NEUTRO
2026-07-06,MCD,_NaiveModel,0.0,HOLD,-0.40%,-2.15%,-5.66%,Fallo,-,-,-,-,-,-,NEUTRO
2026-07-06,META,_NaiveModel,0.0,HOLD,2.98%,14.81%,1.88%,Fallo,-,-,-,-,-,-,NEUTRO
2026-07-06,MRK,_NaiveModel,0.0,HOLD,-2.15%,-4.65%,1.17%,Fallo,-,-,-,-,-,-,NEUTRO
2026-07-06,MSFT,_NaiveModel,0.0,HOLD,-0.96%,-1.38%,-2.25%,Fallo,-,-,-,-,-,-,NEUTRO
2026-07-06,NEE,_NaiveModel,0.0,HOLD,-1.02%,-0.43%,0.55%,Acierto,-,-,-,-,-,-,NEUTRO
2026-07-06,NVDA,_NaiveModel,0.0,HOLD,0.37%,8.28%,6.16%,Fallo,-,-,-,-,-,-,NEUTRO
2026-07-06,ORCL,_NaiveModel,0.0,HOLD,2.49%,0.26%,-18.02%,Acierto,-,-,-,-,-,-,NEUTRO
2026-07-06,PG,_NaiveModel,0.0,HOLD,-1.39%,-2.89%,-2.64%,Fallo,-,-,-,-,-,-,NEUTRO
2026-07-06,PLTR,_NaiveModel,0.0,HOLD,2.51%,-1.94%,-4.93%,Fallo,-,-,-,-,-,-,NEUTRO
2026-07-06,TSLA,_NaiveModel,0.0,HOLD,6.69%,3.64%,-20.44%,Fallo,-,-,-,-,-,-,NEUTRO
2026-07-06,TSM,_NaiveModel,0.0,HOLD,4.06%,-0.01%,-7.08%,Acierto,-,-,-,-,-,-,NEUTRO
2026-07-06,UNH,_NaiveModel,0.0,HOLD,-1.73%,-0.17%,-1.09%,Acierto,-,-,-,-,-,-,NEUTRO
2026-07-06,V,_NaiveModel,0.0,HOLD,-1.35%,-3.63%,-1.76%,Fallo,-,-,-,-,-,-,NEUTRO
2026-07-06,WMT,_NaiveModel,0.0,HOLD,-1.06%,1.84%,-2.12%,Fallo,-,-,-,-,-,-,NEUTRO
2026-07-06,XOM,_NaiveModel,0.0,HOLD,-0.47%,1.31%,12.90%,Fallo,-,-,-,-,-,-,NEUTRO
2026-07-05,AAPL,_NaiveModel,0.0,HOLD,0.00%,2.46%,7.90%,Fallo,-,-,-,-,-,-,NEUTRO
2026-07-05,AMD,_NaiveModel,0.0,HOLD,0.00%,5.58%,0.80%,Fallo,-,-,-,-,-,-,NEUTRO
2026-07-05,AMZN,_NaiveModel,0.0,HOLD,0.00%,1.80%,-4.35%,Fallo,-,-,-,-,-,-,NEUTRO
2026-07-05,ASML,_NaiveModel,0.0,HOLD,0.00%,1.97%,-0.69%,Fallo,-,-,-,-,-,-,NEUTRO
2026-07-05,AVGO,_NaiveModel,0.0,HOLD,0.00%,11.28%,5.96%,Fallo,-,-,-,-,-,-,NEUTRO
2026-07-05,BRK-B,_NaiveModel,0.0,HOLD,0.00%,-2.43%,-2.53%,Fallo,-,-,-,-,-,-,NEUTRO
2026-07-05,CAT,_NaiveModel,0.0,HOLD,0.00%,-2.61%,-7.76%,Fallo,-,-,-,-,-,-,NEUTRO
2026-07-05,COST,_NaiveModel,0.0,HOLD,0.00%,-4.07%,-1.75%,Fallo,-,-,-,-,-,-,NEUTRO
2026-07-05,CRM,_NaiveModel,0.0,HOLD,0.00%,-2.17%,-1.47%,Fallo,-,-,-,-,-,-,NEUTRO
2026-07-05,GOOGL,_NaiveModel,0.0,HOLD,0.00%,-0.28%,-11.16%,Acierto,-,-,-,-,-,-,NEUTRO
2026-07-05,JNJ,_NaiveModel,0.0,HOLD,0.00%,-1.50%,0.14%,Fallo,-,-,-,-,-,-,NEUTRO
2026-07-05,JPM,_NaiveModel,0.0,HOLD,0.00%,0.30%,5.60%,Acierto,-,-,-,-,-,-,NEUTRO
2026-07-05,LLY,_NaiveModel,0.0,HOLD,0.00%,0.25%,-1.47%,Acierto,-,-,-,-,-,-,NEUTRO
2026-07-05,LMT,_NaiveModel,0.0,HOLD,0.00%,-5.06%,6.72%,Fallo,-,-,-,-,-,-,NEUTRO
2026-07-05,MA,_NaiveModel,0.0,HOLD,0.00%,-3.00%,0.05%,Fallo,-,-,-,-,-,-,NEUTRO
2026-07-05,MCD,_NaiveModel,0.0,HOLD,0.00%,-1.48%,-5.66%,Fallo,-,-,-,-,-,-,NEUTRO
2026-07-05,META,_NaiveModel,0.0,HOLD,0.00%,8.33%,2.11%,Fallo,-,-,-,-,-,-,NEUTRO
2026-07-05,MRK,_NaiveModel,0.0,HOLD,0.00%,-3.47%,1.17%,Fallo,-,-,-,-,-,-,NEUTRO
2026-07-05,MSFT,_NaiveModel,0.0,HOLD,0.00%,-1.57%,-2.25%,Fallo,-,-,-,-,-,-,NEUTRO
2026-07-05,NEE,_NaiveModel,0.0,HOLD,0.00%,-1.40%,1.63%,Fallo,-,-,-,-,-,-,NEUTRO
2026-07-05,NVDA,_NaiveModel,0.0,HOLD,0.00%,4.08%,6.16%,Fallo,-,-,-,-,-,-,NEUTRO
2026-07-05,ORCL,_NaiveModel,0.0,HOLD,0.00%,2.82%,-18.02%,Fallo,-,-,-,-,-,-,NEUTRO
2026-07-05,PG,_NaiveModel,0.0,HOLD,0.00%,-3.01%,-2.64%,Fallo,-,-,-,-,-,-,NEUTRO
2026-07-05,PLTR,_NaiveModel,0.0,HOLD,0.00%,-0.20%,-4.93%,Acierto,-,-,-,-,-,-,NEUTRO
2026-07-05,TSLA,_NaiveModel,0.0,HOLD,0.00%,3.33%,-20.44%,Fallo,-,-,-,-,-,-,NEUTRO
2026-07-05,TSM,_NaiveModel,0.0,HOLD,0.00%,0.64%,-7.08%,Acierto,-,-,-,-,-,-,NEUTRO
2026-07-05,UNH,_NaiveModel,0.0,HOLD,0.00%,1.49%,-1.09%,Fallo,-,-,-,-,-,-,NEUTRO
2026-07-05,V,_NaiveModel,0.0,HOLD,0.00%,-3.85%,-1.76%,Fallo,-,-,-,-,-,-,NEUTRO
2026-07-05,WMT,_NaiveModel,0.0,HOLD,0.00%,0.33%,-2.12%,Acierto,-,-,-,-,-,-,NEUTRO
2026-07-05,XOM,_NaiveModel,0.0,HOLD,0.00%,0.27%,14.48%,Acierto,-,-,-,-,-,-,NEUTRO
2026-07-04,AAPL,_NaiveModel,0.0,HOLD,0.00%,1.54%,4.22%,Fallo,-,-,-,-,-,-,NEUTRO
2026-07-04,AMD,_NaiveModel,0.0,HOLD,0.00%,-0.08%,4.22%,Acierto,-,-,-,-,-,-,NEUTRO
2026-07-04,AMZN,_NaiveModel,0.0,HOLD,0.00%,0.39%,-3.71%,Acierto,-,-,-,-,-,-,NEUTRO
2026-07-04,ASML,_NaiveModel,0.0,HOLD,0.00%,-0.04%,1.90%,Acierto,-,-,-,-,-,-,NEUTRO
2026-07-04,AVGO,_NaiveModel,0.0,HOLD,0.00%,7.83%,8.88%,Fallo,-,-,-,-,-,-,NEUTRO
2026-07-04,BRK-B,_NaiveModel,0.0,HOLD,0.00%,-2.56%,-3.33%,Fallo,-,-,-,-,-,-,NEUTRO
2026-07-04,CAT,_NaiveModel,0.0,HOLD,0.00%,-1.60%,-7.16%,Fallo,-,-,-,-,-,-,NEUTRO
2026-07-04,COST,_NaiveModel,0.0,HOLD,0.00%,0.15%,-2.69%,Acierto,-,-,-,-,-,-,NEUTRO
2026-07-04,CRM,_NaiveModel,0.0,HOLD,0.00%,0.28%,-5.53%,Acierto,-,-,-,-,-,-,NEUTRO
2026-07-04,GOOGL,_NaiveModel,0.0,HOLD,0.00%,0.56%,-11.73%,Acierto,-,-,-,-,-,-,NEUTRO
2026-07-04,JNJ,_NaiveModel,0.0,HOLD,0.00%,0.14%,-1.43%,Acierto,-,-,-,-,-,-,NEUTRO
2026-07-04,JPM,_NaiveModel,0.0,HOLD,0.00%,-1.15%,4.61%,Fallo,-,-,-,-,-,-,NEUTRO
2026-07-04,LLY,_NaiveModel,0.0,HOLD,0.00%,0.16%,-2.31%,Acierto,-,-,-,-,-,-,NEUTRO
2026-07-04,LMT,_NaiveModel,0.0,HOLD,0.00%,-3.29%,4.15%,Fallo,-,-,-,-,-,-,NEUTRO
2026-07-04,MA,_NaiveModel,0.0,HOLD,0.00%,-3.62%,-1.69%,Fallo,-,-,-,-,-,-,NEUTRO
2026-07-04,MCD,_NaiveModel,0.0,HOLD,0.00%,-0.85%,-6.35%,Acierto,-,-,-,-,-,-,NEUTRO
2026-07-04,META,_NaiveModel,0.0,HOLD,0.00%,3.47%,3.98%,Fallo,-,-,-,-,-,-,NEUTRO
2026-07-04,MRK,_NaiveModel,0.0,HOLD,0.00%,-2.76%,0.71%,Fallo,-,-,-,-,-,-,NEUTRO
2026-07-04,MSFT,_NaiveModel,0.0,HOLD,0.00%,-1.83%,-2.28%,Fallo,-,-,-,-,-,-,NEUTRO
2026-07-04,NEE,_NaiveModel,0.0,HOLD,0.00%,-1.02%,1.64%,Fallo,-,-,-,-,-,-,NEUTRO
2026-07-04,NVDA,_NaiveModel,0.0,HOLD,0.00%,4.77%,7.15%,Fallo,-,-,-,-,-,-,NEUTRO
2026-07-04,ORCL,_NaiveModel,0.0,HOLD,0.00%,0.16%,-14.42%,Acierto,-,-,-,-,-,-,NEUTRO
2026-07-04,PG,_NaiveModel,0.0,HOLD,0.00%,-1.99%,-2.93%,Fallo,-,-,-,-,-,-,NEUTRO
2026-07-04,PLTR,_NaiveModel,0.0,HOLD,0.00%,2.26%,-4.59%,Fallo,-,-,-,-,-,-,NEUTRO
2026-07-04,TSLA,_NaiveModel,0.0,HOLD,0.00%,0.16%,-18.75%,Acierto,-,-,-,-,-,-,NEUTRO
2026-07-04,TSM,_NaiveModel,0.0,HOLD,0.00%,0.65%,-4.28%,Acierto,-,-,-,-,-,-,NEUTRO
2026-07-04,UNH,_NaiveModel,0.0,HOLD,0.00%,0.06%,-0.42%,Acierto,-,-,-,-,-,-,NEUTRO
2026-07-04,V,_NaiveModel,0.0,HOLD,0.00%,-4.03%,-2.91%,Fallo,-,-,-,-,-,-,NEUTRO
2026-07-04,WMT,_NaiveModel,0.0,HOLD,0.00%,1.13%,-3.08%,Fallo,-,-,-,-,-,-,NEUTRO
2026-07-04,XOM,_NaiveModel,0.0,HOLD,0.00%,2.95%,14.44%,Fallo,-,-,-,-,-,-,NEUTRO
2026-07-03,AAPL,_NaiveModel,0.0,HOLD,0.00%,0.66%,5.59%,Acierto,-,-,-,-,-,-,NEUTRO
2026-07-03,AMD,_NaiveModel,0.0,HOLD,0.00%,-0.33%,6.66%,Acierto,-,-,-,-,-,-,NEUTRO
2026-07-03,AMZN,_NaiveModel,0.0,HOLD,0.00%,1.36%,0.90%,Fallo,-,-,-,-,-,-,NEUTRO
2026-07-03,ASML,_NaiveModel,0.0,HOLD,0.00%,-1.25%,1.84%,Fallo,-,-,-,-,-,-,NEUTRO
2026-07-03,AVGO,_NaiveModel,0.0,HOLD,0.00%,2.87%,10.09%,Fallo,-,-,-,-,-,-,NEUTRO
2026-07-03,BRK-B,_NaiveModel,0.0,HOLD,0.00%,-0.74%,-3.62%,Acierto,-,-,-,-,-,-,NEUTRO
2026-07-03,CAT,_NaiveModel,0.0,HOLD,0.00%,-2.43%,-7.70%,Fallo,-,-,-,-,-,-,NEUTRO
2026-07-03,COST,_NaiveModel,0.0,HOLD,0.00%,-0.44%,-2.56%,Acierto,-,-,-,-,-,-,NEUTRO
2026-07-03,CRM,_NaiveModel,0.0,HOLD,0.00%,2.05%,-1.87%,Fallo,-,-,-,-,-,-,NEUTRO
2026-07-03,GOOGL,_NaiveModel,0.0,HOLD,0.00%,1.98%,-4.95%,Fallo,-,-,-,-,-,-,NEUTRO
2026-07-03,JNJ,_NaiveModel,0.0,HOLD,0.00%,1.60%,-2.82%,Fallo,-,-,-,-,-,-,NEUTRO
2026-07-03,JPM,_NaiveModel,0.0,HOLD,0.00%,1.42%,4.11%,Fallo,-,-,-,-,-,-,NEUTRO
2026-07-03,LLY,_NaiveModel,0.0,HOLD,0.00%,1.78%,-4.19%,Fallo,-,-,-,-,-,-,NEUTRO
2026-07-03,LMT,_NaiveModel,0.0,HOLD,0.00%,-1.93%,-5.78%,Fallo,-,-,-,-,-,-,NEUTRO
2026-07-03,MA,_NaiveModel,0.0,HOLD,0.00%,-1.44%,-1.37%,Fallo,-,-,-,-,-,-,NEUTRO
2026-07-03,MCD,_NaiveModel,0.0,HOLD,0.00%,0.56%,-6.08%,Acierto,-,-,-,-,-,-,NEUTRO
2026-07-03,META,_NaiveModel,0.0,HOLD,0.00%,5.61%,7.59%,Fallo,-,-,-,-,-,-,NEUTRO
2026-07-03,MRK,_NaiveModel,0.0,HOLD,0.00%,-0.54%,-1.61%,Acierto,-,-,-,-,-,-,NEUTRO
2026-07-03,MSFT,_NaiveModel,0.0,HOLD,0.00%,-0.42%,-0.04%,Acierto,-,-,-,-,-,-,NEUTRO
2026-07-03,NEE,_NaiveModel,0.0,HOLD,0.00%,0.15%,1.21%,Acierto,-,-,-,-,-,-,NEUTRO
2026-07-03,NVDA,_NaiveModel,0.0,HOLD,0.00%,1.08%,8.84%,Fallo,-,-,-,-,-,-,NEUTRO
2026-07-03,ORCL,_NaiveModel,0.0,HOLD,0.00%,0.95%,-10.29%,Acierto,-,-,-,-,-,-,NEUTRO
2026-07-03,PG,_NaiveModel,0.0,HOLD,0.00%,0.89%,-1.51%,Acierto,-,-,-,-,-,-,NEUTRO
2026-07-03,PLTR,_NaiveModel,0.0,HOLD,0.00%,3.92%,-3.66%,Fallo,-,-,-,-,-,-,NEUTRO
2026-07-03,TSLA,_NaiveModel,0.0,HOLD,0.00%,2.40%,-4.94%,Fallo,-,-,-,-,-,-,NEUTRO
2026-07-03,TSM,_NaiveModel,0.0,HOLD,0.00%,-0.37%,-2.98%,Acierto,-,-,-,-,-,-,NEUTRO
2026-07-03,UNH,_NaiveModel,0.0,HOLD,0.00%,0.67%,1.40%,Acierto,-,-,-,-,-,-,NEUTRO
2026-07-03,V,_NaiveModel,0.0,HOLD,0.00%,-2.74%,-2.41%,Fallo,-,-,-,-,-,-,NEUTRO
2026-07-03,WMT,_NaiveModel,0.0,HOLD,0.00%,-0.27%,-2.24%,Acierto,-,-,-,-,-,-,NEUTRO
2026-07-03,XOM,_NaiveModel,0.0,HOLD,0.00%,3.36%,12.66%,Fallo,-,-,-,-,-,-,NEUTRO
2026-07-02,AAPL,_NaiveModel,0.0,HOLD,4.84%,6.21%,11.33%,Fallo,-,-,-,-,-,-,NEUTRO
2026-07-02,AMD,_NaiveModel,0.0,HOLD,-4.26%,2.07%,0.66%,Fallo,-,-,-,-,-,-,NEUTRO
2026-07-02,AMZN,_NaiveModel,0.0,HOLD,0.40%,1.02%,2.42%,Fallo,-,-,-,-,-,-,NEUTRO
2026-07-02,ASML,_NaiveModel,0.0,HOLD,-4.00%,-0.98%,-2.25%,Acierto,-,-,-,-,-,-,NEUTRO
2026-07-02,AVGO,_NaiveModel,0.0,HOLD,-2.41%,1.23%,4.65%,Fallo,-,-,-,-,-,-,NEUTRO
2026-07-02,BRK-B,_NaiveModel,0.0,HOLD,1.61%,1.37%,-2.02%,Fallo,-,-,-,-,-,-,NEUTRO
2026-07-02,CAT,_NaiveModel,0.0,HOLD,-2.81%,-2.17%,-10.23%,Fallo,-,-,-,-,-,-,NEUTRO
2026-07-02,COST,_NaiveModel,0.0,HOLD,2.92%,2.77%,0.49%,Fallo,-,-,-,-,-,-,NEUTRO
2026-07-02,CRM,_NaiveModel,0.0,HOLD,1.76%,1.48%,4.18%,Fallo,-,-,-,-,-,-,NEUTRO
2026-07-02,GOOGL,_NaiveModel,0.0,HOLD,-0.36%,1.45%,-3.89%,Fallo,-,-,-,-,-,-,NEUTRO
2026-07-02,JNJ,_NaiveModel,0.0,HOLD,3.57%,2.11%,-1.33%,Fallo,-,-,-,-,-,-,NEUTRO
2026-07-02,JPM,_NaiveModel,0.0,HOLD,0.12%,1.09%,3.34%,Fallo,-,-,-,-,-,-,NEUTRO
2026-07-02,LLY,_NaiveModel,0.0,HOLD,1.86%,0.70%,-1.37%,Acierto,-,-,-,-,-,-,NEUTRO
2026-07-02,LMT,_NaiveModel,0.0,HOLD,4.62%,3.10%,-2.82%,Fallo,-,-,-,-,-,-,NEUTRO
2026-07-02,MA,_NaiveModel,0.0,HOLD,3.24%,2.04%,3.04%,Fallo,-,-,-,-,-,-,NEUTRO
2026-07-02,MCD,_NaiveModel,0.0,HOLD,4.16%,3.74%,-2.05%,Fallo,-,-,-,-,-,-,NEUTRO
2026-07-02,META,_NaiveModel,0.0,HOLD,-4.90%,-2.06%,5.04%,Fallo,-,-,-,-,-,-,NEUTRO
2026-07-02,MRK,_NaiveModel,0.0,HOLD,3.34%,1.12%,0.71%,Fallo,-,-,-,-,-,-,NEUTRO
2026-07-02,MSFT,_NaiveModel,0.0,HOLD,1.62%,0.64%,3.51%,Acierto,-,-,-,-,-,-,NEUTRO
2026-07-02,NEE,_NaiveModel,0.0,HOLD,2.28%,1.24%,1.81%,Fallo,-,-,-,-,-,-,NEUTRO
2026-07-02,NVDA,_NaiveModel,0.0,HOLD,-1.39%,-1.03%,4.91%,Fallo,-,-,-,-,-,-,NEUTRO
2026-07-02,ORCL,_NaiveModel,0.0,HOLD,-1.56%,0.88%,-10.84%,Acierto,-,-,-,-,-,-,NEUTRO
2026-07-02,PG,_NaiveModel,0.0,HOLD,2.70%,1.28%,0.45%,Fallo,-,-,-,-,-,-,NEUTRO
2026-07-02,PLTR,_NaiveModel,0.0,HOLD,2.84%,5.42%,5.51%,Fallo,-,-,-,-,-,-,NEUTRO
2026-07-02,TSLA,_NaiveModel,0.0,HOLD,-7.49%,-1.30%,-10.90%,Fallo,-,-,-,-,-,-,NEUTRO
2026-07-02,TSM,_NaiveModel,0.0,HOLD,-2.27%,1.70%,-4.42%,Fallo,-,-,-,-,-,-,NEUTRO
2026-07-02,UNH,_NaiveModel,0.0,HOLD,-0.28%,-2.00%,2.30%,Fallo,-,-,-,-,-,-,NEUTRO
2026-07-02,V,_NaiveModel,0.0,HOLD,3.15%,1.76%,1.35%,Fallo,-,-,-,-,-,-,NEUTRO
2026-07-02,WMT,_NaiveModel,0.0,HOLD,2.78%,1.68%,1.44%,Fallo,-,-,-,-,-,-,NEUTRO
2026-07-02,XOM,_NaiveModel,0.0,HOLD,0.59%,0.12%,11.32%,Acierto,-,-,-,-,-,-,NEUTRO
2026-07-01,AAPL,_NaiveModel,0.0,HOLD,1.73%,6.66%,12.87%,Fallo,-,-,-,-,-,-,NEUTRO
2026-07-01,AMD,_NaiveModel,0.0,HOLD,-6.89%,-10.86%,-13.31%,Fallo,-,-,-,-,-,-,NEUTRO
2026-07-01,AMZN,_NaiveModel,0.0,HOLD,1.41%,1.82%,4.89%,Fallo,-,-,-,-,-,-,NEUTRO
2026-07-01,ASML,_NaiveModel,0.0,HOLD,-7.36%,-11.06%,-12.59%,Fallo,-,-,-,-,-,-,NEUTRO
2026-07-01,AVGO,_NaiveModel,0.0,HOLD,-2.23%,-4.58%,0.11%,Fallo,-,-,-,-,-,-,NEUTRO
2026-07-01,BRK-B,_NaiveModel,0.0,HOLD,-0.13%,1.48%,-1.83%,Fallo,-,-,-,-,-,-,NEUTRO
2026-07-01,CAT,_NaiveModel,0.0,HOLD,-6.90%,-9.52%,-18.84%,Fallo,-,-,-,-,-,-,NEUTRO
2026-07-01,COST,_NaiveModel,0.0,HOLD,-1.15%,1.73%,0.04%,Fallo,-,-,-,-,-,-,NEUTRO
2026-07-01,CRM,_NaiveModel,0.0,HOLD,4.19%,6.03%,10.93%,Fallo,-,-,-,-,-,-,NEUTRO
2026-07-01,GOOGL,_NaiveModel,0.0,HOLD,1.07%,0.71%,-1.51%,Acierto,-,-,-,-,-,-,NEUTRO
2026-07-01,JNJ,_NaiveModel,0.0,HOLD,0.00%,3.57%,-2.03%,Fallo,-,-,-,-,-,-,NEUTRO
2026-07-01,JPM,_NaiveModel,0.0,HOLD,2.06%,2.18%,3.53%,Fallo,-,-,-,-,-,-,NEUTRO
2026-07-01,LLY,_NaiveModel,0.0,HOLD,-0.64%,1.21%,-4.38%,Fallo,-,-,-,-,-,-,NEUTRO
2026-07-01,LMT,_NaiveModel,0.0,HOLD,2.43%,7.15%,0.02%,Fallo,-,-,-,-,-,-,NEUTRO
2026-07-01,MA,_NaiveModel,0.0,HOLD,1.72%,5.02%,6.59%,Fallo,-,-,-,-,-,-,NEUTRO
2026-07-01,MCD,_NaiveModel,0.0,HOLD,-0.33%,3.82%,-0.99%,Fallo,-,-,-,-,-,-,NEUTRO
2026-07-01,META,_NaiveModel,0.0,HOLD,8.81%,3.48%,14.66%,Fallo,-,-,-,-,-,-,NEUTRO
2026-07-01,MRK,_NaiveModel,0.0,HOLD,-2.44%,0.82%,-3.19%,Acierto,-,-,-,-,-,-,NEUTRO
2026-07-01,MSFT,_NaiveModel,0.0,HOLD,3.02%,4.68%,7.85%,Fallo,-,-,-,-,-,-,NEUTRO
2026-07-01,NEE,_NaiveModel,0.0,HOLD,-1.60%,0.65%,0.26%,Acierto,-,-,-,-,-,-,NEUTRO
2026-07-01,NVDA,_NaiveModel,0.0,HOLD,-1.25%,-2.63%,1.59%,Fallo,-,-,-,-,-,-,NEUTRO
2026-07-01,ORCL,_NaiveModel,0.0,HOLD,-2.76%,-4.29%,-17.18%,Fallo,-,-,-,-,-,-,NEUTRO
2026-07-01,PG,_NaiveModel,0.0,HOLD,0.54%,3.25%,1.70%,Fallo,-,-,-,-,-,-,NEUTRO
2026-07-01,PLTR,_NaiveModel,0.0,HOLD,7.77%,10.83%,15.58%,Fallo,-,-,-,-,-,-,NEUTRO
2026-07-01,TSLA,_NaiveModel,0.0,HOLD,1.12%,-6.46%,-12.13%,Fallo,-,-,-,-,-,-,NEUTRO
2026-07-01,TSM,_NaiveModel,0.0,HOLD,-6.98%,-9.09%,-15.76%,Fallo,-,-,-,-,-,-,NEUTRO
2026-07-01,UNH,_NaiveModel,0.0,HOLD,2.62%,2.34%,1.42%,Fallo,-,-,-,-,-,-,NEUTRO
2026-07-01,V,_NaiveModel,0.0,HOLD,2.33%,5.55%,5.09%,Fallo,-,-,-,-,-,-,NEUTRO
2026-07-01,WMT,_NaiveModel,0.0,HOLD,-3.92%,-1.25%,-0.94%,Fallo,-,-,-,-,-,-,NEUTRO
2026-07-01,XOM,_NaiveModel,0.0,HOLD,-0.32%,0.27%,8.51%,Acierto,-,-,-,-,-,-,NEUTRO
2026-06-30,AAPL,_NaiveModel,0.0,HOLD,2.70%,9.54%,18.46%,Fallo,-,-,-,-,-,-,NEUTRO
2026-06-30,AMD,_NaiveModel,0.0,HOLD,7.68%,-4.02%,-8.11%,Fallo,-,-,-,-,-,-,NEUTRO
2026-06-30,AMZN,_NaiveModel,0.0,HOLD,-0.75%,1.05%,2.95%,Fallo,-,-,-,-,-,-,NEUTRO
2026-06-30,ASML,_NaiveModel,0.0,HOLD,5.65%,-6.04%,-7.20%,Fallo,-,-,-,-,-,-,NEUTRO
2026-06-30,AVGO,_NaiveModel,0.0,HOLD,1.42%,-3.22%,-0.43%,Fallo,-,-,-,-,-,-,NEUTRO
2026-06-30,BRK-B,_NaiveModel,0.0,HOLD,0.89%,2.37%,-1.03%,Fallo,-,-,-,-,-,-,NEUTRO
2026-06-30,CAT,_NaiveModel,0.0,HOLD,3.07%,-6.74%,-14.80%,Fallo,-,-,-,-,-,-,NEUTRO
2026-06-30,COST,_NaiveModel,0.0,HOLD,-1.18%,0.53%,-0.61%,Acierto,-,-,-,-,-,-,NEUTRO
2026-06-30,CRM,_NaiveModel,0.0,HOLD,-0.80%,5.18%,8.13%,Fallo,-,-,-,-,-,-,NEUTRO
2026-06-30,GOOGL,_NaiveModel,0.0,HOLD,1.05%,1.77%,-1.95%,Fallo,-,-,-,-,-,-,NEUTRO
2026-06-30,JNJ,_NaiveModel,0.0,HOLD,-1.76%,1.75%,-2.12%,Fallo,-,-,-,-,-,-,NEUTRO
2026-06-30,JPM,_NaiveModel,0.0,HOLD,-0.63%,1.54%,3.56%,Fallo,-,-,-,-,-,-,NEUTRO
2026-06-30,LLY,_NaiveModel,0.0,HOLD,-2.48%,-1.30%,-4.13%,Fallo,-,-,-,-,-,-,NEUTRO
2026-06-30,LMT,_NaiveModel,0.0,HOLD,1.47%,8.73%,1.33%,Fallo,-,-,-,-,-,-,NEUTRO
2026-06-30,MA,_NaiveModel,0.0,HOLD,0.78%,5.84%,6.66%,Fallo,-,-,-,-,-,-,NEUTRO
2026-06-30,MCD,_NaiveModel,0.0,HOLD,1.17%,5.03%,0.20%,Fallo,-,-,-,-,-,-,NEUTRO
2026-06-30,META,_NaiveModel,0.0,HOLD,0.12%,3.61%,14.83%,Fallo,-,-,-,-,-,-,NEUTRO
2026-06-30,MRK,_NaiveModel,0.0,HOLD,-0.68%,0.14%,-1.45%,Acierto,-,-,-,-,-,-,NEUTRO
2026-06-30,MSFT,_NaiveModel,0.0,HOLD,1.21%,5.95%,6.85%,Fallo,-,-,-,-,-,-,NEUTRO
2026-06-30,NEE,_NaiveModel,0.0,HOLD,-1.00%,-0.36%,0.16%,Acierto,-,-,-,-,-,-,NEUTRO
2026-06-30,NVDA,_NaiveModel,0.0,HOLD,2.63%,-0.07%,4.02%,Acierto,-,-,-,-,-,-,NEUTRO
2026-06-30,ORCL,_NaiveModel,0.0,HOLD,-0.82%,-5.07%,-14.45%,Fallo,-,-,-,-,-,-,NEUTRO
2026-06-30,PG,_NaiveModel,0.0,HOLD,-1.22%,1.99%,1.03%,Fallo,-,-,-,-,-,-,NEUTRO
2026-06-30,PLTR,_NaiveModel,0.0,HOLD,0.84%,11.75%,14.42%,Fallo,-,-,-,-,-,-,NEUTRO
2026-06-30,TSLA,_NaiveModel,0.0,HOLD,2.13%,-4.47%,-7.53%,Fallo,-,-,-,-,-,-,NEUTRO
2026-06-30,TSM,_NaiveModel,0.0,HOLD,4.94%,-4.60%,-12.47%,Fallo,-,-,-,-,-,-,NEUTRO
2026-06-30,UNH,_NaiveModel,0.0,HOLD,-1.00%,1.32%,1.49%,Fallo,-,-,-,-,-,-,NEUTRO
2026-06-30,V,_NaiveModel,0.0,HOLD,0.42%,5.99%,4.95%,Fallo,-,-,-,-,-,-,NEUTRO
2026-06-30,WMT,_NaiveModel,0.0,HOLD,-1.17%,-2.41%,-0.31%,Fallo,-,-,-,-,-,-,NEUTRO
2026-06-30,XOM,_NaiveModel,0.0,HOLD,0.49%,0.76%,8.31%,Acierto,-,-,-,-,-,-,NEUTRO
2026-06-29,AAPL,_NaiveModel,0.0,HOLD,-0.72%,8.76%,17.61%,Fallo,-,-,-,-,-,-,NEUTRO
2026-06-29,AMD,_NaiveModel,0.0,HOLD,3.43%,-0.72%,-4.95%,Acierto,-,-,-,-,-,-,NEUTRO
2026-06-29,AMZN,_NaiveModel,0.0,HOLD,3.20%,4.29%,6.25%,Fallo,-,-,-,-,-,-,NEUTRO
2026-06-29,ASML,_NaiveModel,0.0,HOLD,4.93%,-1.41%,-2.62%,Fallo,-,-,-,-,-,-,NEUTRO
2026-06-29,AVGO,_NaiveModel,0.0,HOLD,2.04%,-1.25%,1.59%,Fallo,-,-,-,-,-,-,NEUTRO
2026-06-29,BRK-B,_NaiveModel,0.0,HOLD,-0.53%,1.83%,-1.55%,Fallo,-,-,-,-,-,-,NEUTRO
2026-06-29,CAT,_NaiveModel,0.0,HOLD,3.58%,-3.40%,-11.75%,Fallo,-,-,-,-,-,-,NEUTRO
2026-06-29,COST,_NaiveModel,0.0,HOLD,-0.62%,-0.09%,-1.23%,Acierto,-,-,-,-,-,-,NEUTRO
2026-06-29,CRM,_NaiveModel,0.0,HOLD,-0.28%,4.89%,7.83%,Fallo,-,-,-,-,-,-,NEUTRO
2026-06-29,GOOGL,_NaiveModel,0.0,HOLD,4.82%,6.67%,2.78%,Fallo,-,-,-,-,-,-,NEUTRO
2026-06-29,JNJ,_NaiveModel,0.0,HOLD,1.51%,3.29%,-0.64%,Fallo,-,-,-,-,-,-,NEUTRO
2026-06-29,JPM,_NaiveModel,0.0,HOLD,0.10%,1.65%,3.66%,Fallo,-,-,-,-,-,-,NEUTRO
2026-06-29,LLY,_NaiveModel,0.0,HOLD,1.81%,0.48%,-2.40%,Acierto,-,-,-,-,-,-,NEUTRO
2026-06-29,LMT,_NaiveModel,0.0,HOLD,-1.05%,7.59%,0.27%,Fallo,-,-,-,-,-,-,NEUTRO
2026-06-29,MA,_NaiveModel,0.0,HOLD,2.13%,8.09%,8.93%,Fallo,-,-,-,-,-,-,NEUTRO
2026-06-29,MCD,_NaiveModel,0.0,HOLD,-0.96%,4.03%,-0.76%,Fallo,-,-,-,-,-,-,NEUTRO
2026-06-29,META,_NaiveModel,0.0,HOLD,2.24%,5.93%,17.40%,Fallo,-,-,-,-,-,-,NEUTRO
2026-06-29,MRK,_NaiveModel,0.0,HOLD,0.56%,0.70%,-0.90%,Acierto,-,-,-,-,-,-,NEUTRO
2026-06-29,MSFT,_NaiveModel,0.0,HOLD,-1.18%,4.70%,5.59%,Fallo,-,-,-,-,-,-,NEUTRO
2026-06-29,NEE,_NaiveModel,0.0,HOLD,0.11%,-0.25%,0.27%,Acierto,-,-,-,-,-,-,NEUTRO
2026-06-29,NVDA,_NaiveModel,0.0,HOLD,1.27%,1.19%,5.34%,Fallo,-,-,-,-,-,-,NEUTRO
2026-06-29,ORCL,_NaiveModel,0.0,HOLD,-0.52%,-5.56%,-14.89%,Fallo,-,-,-,-,-,-,NEUTRO
2026-06-29,PG,_NaiveModel,0.0,HOLD,-0.38%,1.60%,0.64%,Fallo,-,-,-,-,-,-,NEUTRO
2026-06-29,PLTR,_NaiveModel,0.0,HOLD,2.45%,14.50%,17.22%,Fallo,-,-,-,-,-,-,NEUTRO
2026-06-29,TSLA,_NaiveModel,0.0,HOLD,8.46%,3.62%,0.30%,Fallo,-,-,-,-,-,-,NEUTRO
2026-06-29,TSM,_NaiveModel,0.0,HOLD,5.26%,0.42%,-7.86%,Acierto,-,-,-,-,-,-,NEUTRO
2026-06-29,UNH,_NaiveModel,0.0,HOLD,-1.89%,-0.59%,-0.42%,Acierto,-,-,-,-,-,-,NEUTRO
2026-06-29,V,_NaiveModel,0.0,HOLD,1.61%,7.70%,6.64%,Fallo,-,-,-,-,-,-,NEUTRO
2026-06-29,WMT,_NaiveModel,0.0,HOLD,-0.94%,-3.33%,-1.25%,Fallo,-,-,-,-,-,-,NEUTRO
2026-06-29,XOM,_NaiveModel,0.0,HOLD,-0.35%,0.40%,7.92%,Acierto,-,-,-,-,-,-,NEUTRO
2026-06-28,AAPL,_NaiveModel,0.0,HOLD,0.00%,8.76%,17.61%,Fallo,-,-,-,-,-,-,NEUTRO
2026-06-28,AMD,_NaiveModel,0.0,HOLD,0.00%,-0.72%,-4.95%,Acierto,-,-,-,-,-,-,NEUTRO
2026-06-28,AMZN,_NaiveModel,0.0,HOLD,0.00%,4.29%,6.25%,Fallo,-,-,-,-,-,-,NEUTRO
2026-06-28,ASML,_NaiveModel,0.0,HOLD,0.00%,-1.41%,-2.62%,Fallo,-,-,-,-,-,-,NEUTRO
2026-06-28,AVGO,_NaiveModel,0.0,HOLD,0.00%,-1.25%,1.59%,Fallo,-,-,-,-,-,-,NEUTRO
2026-06-28,BRK-B,_NaiveModel,0.0,HOLD,0.00%,1.83%,-1.55%,Fallo,-,-,-,-,-,-,NEUTRO
2026-06-28,CAT,_NaiveModel,0.0,HOLD,0.00%,-3.40%,-11.75%,Fallo,-,-,-,-,-,-,NEUTRO
2026-06-28,COST,_NaiveModel,0.0,HOLD,0.00%,-0.09%,-1.23%,Acierto,-,-,-,-,-,-,NEUTRO
2026-06-28,CRM,_NaiveModel,0.0,HOLD,0.00%,4.89%,7.83%,Fallo,-,-,-,-,-,-,NEUTRO
2026-06-28,GOOGL,_NaiveModel,0.0,HOLD,0.00%,6.67%,2.78%,Fallo,-,-,-,-,-,-,NEUTRO
2026-06-28,JNJ,_NaiveModel,0.0,HOLD,0.00%,3.29%,-0.64%,Fallo,-,-,-,-,-,-,NEUTRO
2026-06-28,JPM,_NaiveModel,0.0,HOLD,0.00%,1.65%,3.66%,Fallo,-,-,-,-,-,-,NEUTRO
2026-06-28,LLY,_NaiveModel,0.0,HOLD,0.00%,0.48%,-2.40%,Acierto,-,-,-,-,-,-,NEUTRO
2026-06-28,LMT,_NaiveModel,0.0,HOLD,0.00%,7.59%,0.27%,Fallo,-,-,-,-,-,-,NEUTRO
2026-06-28,MA,_NaiveModel,0.0,HOLD,0.00%,8.09%,8.93%,Fallo,-,-,-,-,-,-,NEUTRO
2026-06-28,MCD,_NaiveModel,0.0,HOLD,0.00%,4.03%,-0.76%,Fallo,-,-,-,-,-,-,NEUTRO
2026-06-28,META,_NaiveModel,0.0,HOLD,0.00%,5.93%,17.40%,Fallo,-,-,-,-,-,-,NEUTRO
2026-06-28,MRK,_NaiveModel,0.0,HOLD,0.00%,0.70%,-0.90%,Acierto,-,-,-,-,-,-,NEUTRO
2026-06-28,MSFT,_NaiveModel,0.0,HOLD,0.00%,4.70%,5.59%,Fallo,-,-,-,-,-,-,NEUTRO
2026-06-28,NEE,_NaiveModel,0.0,HOLD,0.00%,-0.25%,0.27%,Acierto,-,-,-,-,-,-,NEUTRO
2026-06-28,NVDA,_NaiveModel,0.0,HOLD,0.00%,1.19%,5.34%,Fallo,-,-,-,-,-,-,NEUTRO
2026-06-28,ORCL,_NaiveModel,0.0,HOLD,0.00%,-5.56%,-14.89%,Fallo,-,-,-,-,-,-,NEUTRO
2026-06-28,PG,_NaiveModel,0.0,HOLD,0.00%,1.60%,0.64%,Fallo,-,-,-,-,-,-,NEUTRO
2026-06-28,PLTR,_NaiveModel,0.0,HOLD,0.00%,14.50%,17.22%,Fallo,-,-,-,-,-,-,NEUTRO
2026-06-28,TSLA,_NaiveModel,0.0,HOLD,0.00%,3.62%,0.30%,Fallo,-,-,-,-,-,-,NEUTRO
2026-06-28,TSM,_NaiveModel,0.0,HOLD,0.00%,0.42%,-7.86%,Acierto,-,-,-,-,-,-,NEUTRO
2026-06-28,UNH,_NaiveModel,0.0,HOLD,0.00%,-0.59%,-0.42%,Acierto,-,-,-,-,-,-,NEUTRO
2026-06-28,V,_NaiveModel,0.0,HOLD,0.00%,7.70%,6.64%,Fallo,-,-,-,-,-,-,NEUTRO
2026-06-28,WMT,_NaiveModel,0.0,HOLD,0.00%,-3.33%,-1.25%,Fallo,-,-,-,-,-,-,NEUTRO
2026-06-28,XOM,_NaiveModel,0.0,HOLD,0.00%,0.40%,7.92%,Acierto,-,-,-,-,-,-,NEUTRO
2026-06-26,AAPL,_NaiveModel,0.0,HOLD,3.14%,6.99%,21.12%,Fallo,-,-,-,-,-,-,NEUTRO
2026-06-26,AMD,_NaiveModel,0.0,HOLD,-2.06%,1.56%,-5.94%,Fallo,-,-,-,-,-,-,NEUTRO
2026-06-26,AMZN,_NaiveModel,0.0,HOLD,2.50%,6.47%,10.08%,Fallo,-,-,-,-,-,-,NEUTRO
2026-06-26,ASML,_NaiveModel,0.0,HOLD,-2.53%,0.10%,-3.06%,Acierto,-,-,-,-,-,-,NEUTRO
2026-06-26,AVGO,_NaiveModel,0.0,HOLD,-3.67%,-2.53%,-1.18%,Fallo,-,-,-,-,-,-,NEUTRO
2026-06-26,BRK-B,_NaiveModel,0.0,HOLD,2.22%,2.45%,1.09%,Fallo,-,-,-,-,-,-,NEUTRO
2026-06-26,CAT,_NaiveModel,0.0,HOLD,-5.63%,-6.21%,-17.01%,Fallo,-,-,-,-,-,-,NEUTRO
2026-06-26,COST,_NaiveModel,0.0,HOLD,1.09%,-1.86%,0.35%,Fallo,-,-,-,-,-,-,NEUTRO
2026-06-26,CRM,_NaiveModel,0.0,HOLD,5.45%,8.68%,14.97%,Fallo,-,-,-,-,-,-,NEUTRO
2026-06-26,GOOGL,_NaiveModel,0.0,HOLD,-1.84%,5.09%,3.13%,Fallo,-,-,-,-,-,-,NEUTRO
2026-06-26,JNJ,_NaiveModel,0.0,HOLD,3.99%,3.72%,2.08%,Fallo,-,-,-,-,-,-,NEUTRO
2026-06-26,JPM,_NaiveModel,0.0,HOLD,-1.81%,-0.31%,2.40%,Acierto,-,-,-,-,-,-,NEUTRO
2026-06-26,LLY,_NaiveModel,0.0,HOLD,7.13%,5.68%,3.68%,Fallo,-,-,-,-,-,-,NEUTRO
2026-06-26,LMT,_NaiveModel,0.0,HOLD,0.47%,3.33%,1.68%,Fallo,-,-,-,-,-,-,NEUTRO
2026-06-26,MA,_NaiveModel,0.0,HOLD,2.07%,6.86%,12.81%,Fallo,-,-,-,-,-,-,NEUTRO
2026-06-26,MCD,_NaiveModel,0.0,HOLD,1.97%,1.85%,3.37%,Fallo,-,-,-,-,-,-,NEUTRO
2026-06-26,META,_NaiveModel,0.0,HOLD,1.36%,12.90%,22.41%,Fallo,-,-,-,-,-,-,NEUTRO
2026-06-26,MRK,_NaiveModel,0.0,HOLD,2.56%,-0.06%,1.74%,Acierto,-,-,-,-,-,-,NEUTRO
2026-06-26,MSFT,_NaiveModel,0.0,HOLD,5.71%,8.91%,13.68%,Fallo,-,-,-,-,-,-,NEUTRO
2026-06-26,NEE,_NaiveModel,0.0,HOLD,0.98%,-1.52%,1.88%,Fallo,-,-,-,-,-,-,NEUTRO
2026-06-26,NVDA,_NaiveModel,0.0,HOLD,-1.64%,0.94%,5.96%,Acierto,-,-,-,-,-,-,NEUTRO
2026-06-26,ORCL,_NaiveModel,0.0,HOLD,-2.58%,-6.53%,-18.53%,Fallo,-,-,-,-,-,-,NEUTRO
2026-06-26,PG,_NaiveModel,0.0,HOLD,0.35%,-0.72%,2.02%,Acierto,-,-,-,-,-,-,NEUTRO
2026-06-26,PLTR,_NaiveModel,0.0,HOLD,5.28%,17.21%,25.33%,Fallo,-,-,-,-,-,-,NEUTRO
2026-06-26,TSLA,_NaiveModel,0.0,HOLD,1.22%,13.38%,4.25%,Fallo,-,-,-,-,-,-,NEUTRO
2026-06-26,TSM,_NaiveModel,0.0,HOLD,-0.61%,2.12%,-5.80%,Fallo,-,-,-,-,-,-,NEUTRO
2026-06-26,UNH,_NaiveModel,0.0,HOLD,2.97%,2.65%,1.89%,Fallo,-,-,-,-,-,-,NEUTRO
2026-06-26,V,_NaiveModel,0.0,HOLD,1.73%,6.22%,10.47%,Fallo,-,-,-,-,-,-,NEUTRO
2026-06-26,WMT,_NaiveModel,0.0,HOLD,-0.08%,-6.01%,-0.72%,Fallo,-,-,-,-,-,-,NEUTRO
2026-06-26,XOM,_NaiveModel,0.0,HOLD,-0.73%,-0.92%,6.11%,Acierto,-,-,-,-,-,-,NEUTRO
2026-06-25,AAPL,_NaiveModel,0.0,HOLD,-6.12%,-1.27%,11.74%,Fallo,-,-,-,-,-,-,NEUTRO
2026-06-25,AMD,_NaiveModel,0.0,HOLD,2.47%,11.77%,1.81%,Fallo,-,-,-,-,-,-,NEUTRO
2026-06-25,AMZN,_NaiveModel,0.0,HOLD,-3.10%,1.74%,8.83%,Fallo,-,-,-,-,-,-,NEUTRO
2026-06-25,ASML,_NaiveModel,0.0,HOLD,4.45%,12.86%,2.98%,Fallo,-,-,-,-,-,-,NEUTRO
2026-06-25,AVGO,_NaiveModel,0.0,HOLD,-0.83%,-1.13%,3.20%,Fallo,-,-,-,-,-,-,NEUTRO
2026-06-25,BRK-B,_NaiveModel,0.0,HOLD,-1.41%,1.13%,-1.31%,Fallo,-,-,-,-,-,-,NEUTRO
2026-06-25,CAT,_NaiveModel,0.0,HOLD,6.29%,7.08%,-8.06%,Fallo,-,-,-,-,-,-,NEUTRO
2026-06-25,COST,_NaiveModel,0.0,HOLD,-1.96%,-2.67%,-4.64%,Fallo,-,-,-,-,-,-,NEUTRO
2026-06-25,CRM,_NaiveModel,0.0,HOLD,-1.68%,2.55%,9.32%,Fallo,-,-,-,-,-,-,NEUTRO
2026-06-25,GOOGL,_NaiveModel,0.0,HOLD,-0.46%,3.50%,7.42%,Fallo,-,-,-,-,-,-,NEUTRO
2026-06-25,JNJ,_NaiveModel,0.0,HOLD,1.61%,5.38%,2.50%,Fallo,-,-,-,-,-,-,NEUTRO
2026-06-25,JPM,_NaiveModel,0.0,HOLD,0.50%,-1.84%,4.04%,Fallo,-,-,-,-,-,-,NEUTRO
2026-06-25,LLY,_NaiveModel,0.0,HOLD,0.93%,7.35%,3.52%,Fallo,-,-,-,-,-,-,NEUTRO
2026-06-25,LMT,_NaiveModel,0.0,HOLD,2.72%,3.62%,4.64%,Fallo,-,-,-,-,-,-,NEUTRO
2026-06-25,MA,_NaiveModel,0.0,HOLD,-1.11%,3.88%,8.25%,Fallo,-,-,-,-,-,-,NEUTRO
2026-06-25,MCD,_NaiveModel,0.0,HOLD,-3.41%,-1.30%,-3.26%,Fallo,-,-,-,-,-,-,NEUTRO
2026-06-25,META,_NaiveModel,0.0,HOLD,-2.65%,1.01%,22.17%,Fallo,-,-,-,-,-,-,NEUTRO
2026-06-25,MRK,_NaiveModel,0.0,HOLD,4.02%,6.55%,2.50%,Fallo,-,-,-,-,-,-,NEUTRO
2026-06-25,MSFT,_NaiveModel,0.0,HOLD,-3.46%,2.07%,8.26%,Fallo,-,-,-,-,-,-,NEUTRO
2026-06-25,NEE,_NaiveModel,0.0,HOLD,0.09%,0.17%,1.69%,Acierto,-,-,-,-,-,-,NEUTRO
2026-06-25,NVDA,_NaiveModel,0.0,HOLD,-1.64%,0.55%,6.78%,Acierto,-,-,-,-,-,-,NEUTRO
2026-06-25,ORCL,_NaiveModel,0.0,HOLD,-3.22%,-6.97%,-15.90%,Fallo,-,-,-,-,-,-,NEUTRO
2026-06-25,PG,_NaiveModel,0.0,HOLD,-2.33%,-3.55%,-2.62%,Fallo,-,-,-,-,-,-,NEUTRO
2026-06-25,PLTR,_NaiveModel,0.0,HOLD,-5.49%,2.79%,17.85%,Fallo,-,-,-,-,-,-,NEUTRO
2026-06-25,TSLA,_NaiveModel,0.0,HOLD,-0.11%,12.00%,5.04%,Fallo,-,-,-,-,-,-,NEUTRO
2026-06-25,TSM,_NaiveModel,0.0,HOLD,-1.32%,8.33%,-4.84%,Fallo,-,-,-,-,-,-,NEUTRO
2026-06-25,UNH,_NaiveModel,0.0,HOLD,2.40%,2.42%,3.13%,Fallo,-,-,-,-,-,-,NEUTRO
2026-06-25,V,_NaiveModel,0.0,HOLD,-0.51%,3.27%,6.90%,Fallo,-,-,-,-,-,-,NEUTRO
2026-06-25,WMT,_NaiveModel,0.0,HOLD,-2.71%,-4.82%,-5.44%,Fallo,-,-,-,-,-,-,NEUTRO
2026-06-25,XOM,_NaiveModel,0.0,HOLD,0.47%,-0.13%,5.56%,Acierto,-,-,-,-,-,-,NEUTRO
2026-06-24,AAPL,_NaiveModel,0.0,HOLD,-0.41%,-4.27%,6.99%,Fallo,-,-,-,-,-,-,NEUTRO
2026-06-24,AMD,_NaiveModel,0.0,HOLD,-0.02%,3.78%,5.44%,Fallo,-,-,-,-,-,-,NEUTRO
2026-06-24,AMZN,_NaiveModel,0.0,HOLD,0.07%,2.58%,5.72%,Fallo,-,-,-,-,-,-,NEUTRO
2026-06-24,ASML,_NaiveModel,0.0,HOLD,-0.88%,5.88%,-0.16%,Fallo,-,-,-,-,-,-,NEUTRO
2026-06-24,AVGO,_NaiveModel,0.0,HOLD,0.51%,-2.03%,2.36%,Fallo,-,-,-,-,-,-,NEUTRO
2026-06-24,BRK-B,_NaiveModel,0.0,HOLD,0.41%,0.65%,-0.35%,Acierto,-,-,-,-,-,-,NEUTRO
2026-06-24,CAT,_NaiveModel,0.0,HOLD,1.04%,4.97%,-5.17%,Fallo,-,-,-,-,-,-,NEUTRO
2026-06-24,COST,_NaiveModel,0.0,HOLD,0.36%,-1.15%,-3.75%,Fallo,-,-,-,-,-,-,NEUTRO
2026-06-24,CRM,_NaiveModel,0.0,HOLD,-0.43%,2.94%,9.22%,Fallo,-,-,-,-,-,-,NEUTRO
2026-06-24,GOOGL,_NaiveModel,0.0,HOLD,-0.24%,2.17%,3.87%,Fallo,-,-,-,-,-,-,NEUTRO
2026-06-24,JNJ,_NaiveModel,0.0,HOLD,0.80%,8.13%,6.18%,Fallo,-,-,-,-,-,-,NEUTRO
2026-06-24,JPM,_NaiveModel,0.0,HOLD,-0.21%,-1.42%,2.62%,Fallo,-,-,-,-,-,-,NEUTRO
2026-06-24,LLY,_NaiveModel,0.0,HOLD,0.92%,11.10%,4.11%,Fallo,-,-,-,-,-,-,NEUTRO
2026-06-24,LMT,_NaiveModel,0.0,HOLD,-2.39%,-0.32%,2.25%,Acierto,-,-,-,-,-,-,NEUTRO
2026-06-24,MA,_NaiveModel,0.0,HOLD,1.30%,4.42%,10.23%,Fallo,-,-,-,-,-,-,NEUTRO
2026-06-24,MCD,_NaiveModel,0.0,HOLD,0.82%,-1.65%,-1.00%,Fallo,-,-,-,-,-,-,NEUTRO
2026-06-24,META,_NaiveModel,0.0,HOLD,-0.81%,0.07%,17.58%,Acierto,-,-,-,-,-,-,NEUTRO
2026-06-24,MRK,_NaiveModel,0.0,HOLD,0.84%,8.18%,0.99%,Fallo,-,-,-,-,-,-,NEUTRO
2026-06-24,MSFT,_NaiveModel,0.0,HOLD,-2.27%,-1.44%,2.94%,Fallo,-,-,-,-,-,-,NEUTRO
2026-06-24,NEE,_NaiveModel,0.0,HOLD,1.38%,2.58%,3.60%,Fallo,-,-,-,-,-,-,NEUTRO
2026-06-24,NVDA,_NaiveModel,0.0,HOLD,-0.52%,-2.53%,5.88%,Fallo,-,-,-,-,-,-,NEUTRO
2026-06-24,ORCL,_NaiveModel,0.0,HOLD,-4.62%,-10.54%,-22.54%,Fallo,-,-,-,-,-,-,NEUTRO
2026-06-24,PG,_NaiveModel,0.0,HOLD,0.78%,-1.60%,-3.17%,Fallo,-,-,-,-,-,-,NEUTRO
2026-06-24,PLTR,_NaiveModel,0.0,HOLD,-2.74%,-0.86%,14.58%,Acierto,-,-,-,-,-,-,NEUTRO
2026-06-24,TSLA,_NaiveModel,0.0,HOLD,-1.59%,7.92%,3.82%,Fallo,-,-,-,-,-,-,NEUTRO
2026-06-24,TSM,_NaiveModel,0.0,HOLD,1.02%,4.29%,-3.67%,Fallo,-,-,-,-,-,-,NEUTRO
2026-06-24,UNH,_NaiveModel,0.0,HOLD,-0.84%,2.58%,3.89%,Fallo,-,-,-,-,-,-,NEUTRO
2026-06-24,V,_NaiveModel,0.0,HOLD,1.14%,4.01%,8.38%,Fallo,-,-,-,-,-,-,NEUTRO
2026-06-24,WMT,_NaiveModel,0.0,HOLD,-0.35%,-4.04%,-4.79%,Fallo,-,-,-,-,-,-,NEUTRO
2026-06-24,XOM,_NaiveModel,0.0,HOLD,-2.03%,-2.63%,3.84%,Fallo,-,-,-,-,-,-,NEUTRO
2026-06-23,AAPL,_NaiveModel,0.0,HOLD,-0.91%,-4.45%,6.83%,Fallo,-,-,-,-,-,-,NEUTRO
2026-06-23,AMD,_NaiveModel,0.0,HOLD,-5.76%,-5.45%,-3.13%,Fallo,-,-,-,-,-,-,NEUTRO
2026-06-23,AMZN,_NaiveModel,0.0,HOLD,0.57%,-0.04%,6.24%,Acierto,-,-,-,-,-,-,NEUTRO
2026-06-23,ASML,_NaiveModel,0.0,HOLD,-7.82%,-6.98%,-10.53%,Fallo,-,-,-,-,-,-,NEUTRO
2026-06-23,AVGO,_NaiveModel,0.0,HOLD,-3.06%,-6.91%,-2.06%,Fallo,-,-,-,-,-,-,NEUTRO
2026-06-23,BRK-B,_NaiveModel,0.0,HOLD,0.84%,2.04%,1.67%,Fallo,-,-,-,-,-,-,NEUTRO
2026-06-23,CAT,_NaiveModel,0.0,HOLD,-3.72%,-2.43%,-8.88%,Fallo,-,-,-,-,-,-,NEUTRO
2026-06-23,COST,_NaiveModel,0.0,HOLD,0.67%,0.13%,-2.62%,Acierto,-,-,-,-,-,-,NEUTRO
2026-06-23,CRM,_NaiveModel,0.0,HOLD,2.20%,5.50%,14.06%,Fallo,-,-,-,-,-,-,NEUTRO
2026-06-23,GOOGL,_NaiveModel,0.0,HOLD,-1.02%,-3.51%,0.81%,Fallo,-,-,-,-,-,-,NEUTRO
2026-06-23,JNJ,_NaiveModel,0.0,HOLD,3.37%,10.10%,11.45%,Fallo,-,-,-,-,-,-,NEUTRO
2026-06-23,JPM,_NaiveModel,0.0,HOLD,0.80%,-0.73%,0.92%,Acierto,-,-,-,-,-,-,NEUTRO
2026-06-23,LLY,_NaiveModel,0.0,HOLD,0.45%,9.62%,7.24%,Fallo,-,-,-,-,-,-,NEUTRO
2026-06-23,LMT,_NaiveModel,0.0,HOLD,2.04%,2.80%,5.49%,Fallo,-,-,-,-,-,-,NEUTRO
2026-06-23,MA,_NaiveModel,0.0,HOLD,0.82%,3.08%,11.07%,Fallo,-,-,-,-,-,-,NEUTRO
2026-06-23,MCD,_NaiveModel,0.0,HOLD,0.58%,-0.13%,0.93%,Acierto,-,-,-,-,-,-,NEUTRO
2026-06-23,META,_NaiveModel,0.0,HOLD,-0.29%,-2.41%,16.47%,Fallo,-,-,-,-,-,-,NEUTRO
2026-06-23,MRK,_NaiveModel,0.0,HOLD,3.57%,11.41%,7.40%,Fallo,-,-,-,-,-,-,NEUTRO
2026-06-23,MSFT,_NaiveModel,0.0,HOLD,1.80%,1.53%,6.44%,Fallo,-,-,-,-,-,-,NEUTRO
2026-06-23,NEE,_NaiveModel,0.0,HOLD,0.41%,2.88%,2.67%,Fallo,-,-,-,-,-,-,NEUTRO
2026-06-23,NVDA,_NaiveModel,0.0,HOLD,-4.13%,-7.73%,-2.45%,Fallo,-,-,-,-,-,-,NEUTRO
2026-06-23,ORCL,_NaiveModel,0.0,HOLD,-5.66%,-15.16%,-24.86%,Fallo,-,-,-,-,-,-,NEUTRO
2026-06-23,PG,_NaiveModel,0.0,HOLD,2.15%,0.91%,0.47%,Acierto,-,-,-,-,-,-,NEUTRO
2026-06-23,PLTR,_NaiveModel,0.0,HOLD,-2.34%,-5.50%,8.82%,Fallo,-,-,-,-,-,-,NEUTRO
2026-06-23,TSLA,_NaiveModel,0.0,HOLD,-5.79%,-6.26%,-2.54%,Fallo,-,-,-,-,-,-,NEUTRO
2026-06-23,TSM,_NaiveModel,0.0,HOLD,-6.69%,-7.55%,-9.86%,Fallo,-,-,-,-,-,-,NEUTRO
2026-06-23,UNH,_NaiveModel,0.0,HOLD,0.63%,5.22%,5.51%,Fallo,-,-,-,-,-,-,NEUTRO
2026-06-23,V,_NaiveModel,0.0,HOLD,0.58%,2.95%,9.54%,Fallo,-,-,-,-,-,-,NEUTRO
2026-06-23,WMT,_NaiveModel,0.0,HOLD,1.91%,-1.27%,-2.05%,Fallo,-,-,-,-,-,-,NEUTRO
2026-06-23,XOM,_NaiveModel,0.0,HOLD,0.91%,-1.39%,4.36%,Fallo,-,-,-,-,-,-,NEUTRO
2026-06-22,AAPL,_NaiveModel,0.0,HOLD,-0.34%,-4.78%,5.81%,Fallo,-,-,-,-,-,-,NEUTRO
2026-06-22,AMD,_NaiveModel,0.0,HOLD,2.65%,-2.94%,3.82%,Fallo,-,-,-,-,-,-,NEUTRO
2026-06-22,AMZN,_NaiveModel,0.0,HOLD,-4.75%,-4.79%,0.39%,Fallo,-,-,-,-,-,-,NEUTRO
2026-06-22,ASML,_NaiveModel,0.0,HOLD,-0.02%,-7.00%,-6.86%,Fallo,-,-,-,-,-,-,NEUTRO
2026-06-22,AVGO,_NaiveModel,0.0,HOLD,-4.67%,-11.26%,-2.77%,Fallo,-,-,-,-,-,-,NEUTRO
2026-06-22,BRK-B,_NaiveModel,0.0,HOLD,-0.16%,1.88%,0.87%,Fallo,-,-,-,-,-,-,NEUTRO
2026-06-22,CAT,_NaiveModel,0.0,HOLD,3.70%,1.18%,-3.39%,Fallo,-,-,-,-,-,-,NEUTRO
2026-06-22,COST,_NaiveModel,0.0,HOLD,-0.01%,0.11%,-3.70%,Acierto,-,-,-,-,-,-,NEUTRO
2026-06-22,CRM,_NaiveModel,0.0,HOLD,-1.09%,4.34%,7.60%,Fallo,-,-,-,-,-,-,NEUTRO
2026-06-22,GOOGL,_NaiveModel,0.0,HOLD,-4.99%,-8.33%,-2.95%,Fallo,-,-,-,-,-,-,NEUTRO
2026-06-22,JNJ,_NaiveModel,0.0,HOLD,1.27%,11.50%,12.52%,Fallo,-,-,-,-,-,-,NEUTRO
2026-06-22,JPM,_NaiveModel,0.0,HOLD,1.92%,1.18%,3.46%,Fallo,-,-,-,-,-,-,NEUTRO
2026-06-22,LLY,_NaiveModel,0.0,HOLD,0.32%,9.97%,8.19%,Fallo,-,-,-,-,-,-,NEUTRO
2026-06-22,LMT,_NaiveModel,0.0,HOLD,-3.40%,-0.69%,2.40%,Acierto,-,-,-,-,-,-,NEUTRO
2026-06-22,MA,_NaiveModel,0.0,HOLD,-1.16%,1.88%,7.54%,Fallo,-,-,-,-,-,-,NEUTRO
2026-06-22,MCD,_NaiveModel,0.0,HOLD,-3.05%,-3.18%,-1.44%,Fallo,-,-,-,-,-,-,NEUTRO
2026-06-22,META,_NaiveModel,0.0,HOLD,-2.32%,-4.67%,15.94%,Fallo,-,-,-,-,-,-,NEUTRO
2026-06-22,MRK,_NaiveModel,0.0,HOLD,1.41%,12.99%,8.49%,Fallo,-,-,-,-,-,-,NEUTRO
2026-06-22,MSFT,_NaiveModel,0.0,HOLD,-3.18%,-1.69%,1.50%,Fallo,-,-,-,-,-,-,NEUTRO
2026-06-22,NEE,_NaiveModel,0.0,HOLD,-0.77%,2.09%,1.39%,Fallo,-,-,-,-,-,-,NEUTRO
2026-06-22,NVDA,_NaiveModel,0.0,HOLD,-0.97%,-8.62%,0.13%,Fallo,-,-,-,-,-,-,NEUTRO
2026-06-22,ORCL,_NaiveModel,0.0,HOLD,-5.00%,-19.40%,-23.69%,Fallo,-,-,-,-,-,-,NEUTRO
2026-06-22,PG,_NaiveModel,0.0,HOLD,-1.80%,-0.90%,-2.22%,Acierto,-,-,-,-,-,-,NEUTRO
2026-06-22,PLTR,_NaiveModel,0.0,HOLD,-6.98%,-12.10%,-1.31%,Fallo,-,-,-,-,-,-,NEUTRO
2026-06-22,TSLA,_NaiveModel,0.0,HOLD,1.14%,-5.19%,1.82%,Fallo,-,-,-,-,-,-,NEUTRO
2026-06-22,TSM,_NaiveModel,0.0,HOLD,1.20%,-6.44%,-6.06%,Fallo,-,-,-,-,-,-,NEUTRO
2026-06-22,UNH,_NaiveModel,0.0,HOLD,1.43%,6.72%,5.90%,Fallo,-,-,-,-,-,-,NEUTRO
2026-06-22,V,_NaiveModel,0.0,HOLD,-0.20%,2.75%,6.64%,Fallo,-,-,-,-,-,-,NEUTRO
2026-06-22,WMT,_NaiveModel,0.0,HOLD,0.00%,-1.27%,-2.80%,Fallo,-,-,-,-,-,-,NEUTRO
2026-06-22,XOM,_NaiveModel,0.0,HOLD,0.48%,-0.92%,0.78%,Acierto,-,-,-,-,-,-,NEUTRO
2026-06-21,AAPL,_NaiveModel,0.0,HOLD,0.00%,-7.67%,5.81%,Fallo,-,-,-,-,-,-,NEUTRO
2026-06-21,AMD,_NaiveModel,0.0,HOLD,0.00%,-0.89%,3.82%,Acierto,-,-,-,-,-,-,NEUTRO
2026-06-21,AMZN,_NaiveModel,0.0,HOLD,0.00%,-7.11%,0.39%,Fallo,-,-,-,-,-,-,NEUTRO
2026-06-21,ASML,_NaiveModel,0.0,HOLD,0.00%,-4.59%,-6.86%,Fallo,-,-,-,-,-,-,NEUTRO
2026-06-21,AVGO,_NaiveModel,0.0,HOLD,0.00%,-7.89%,-2.77%,Fallo,-,-,-,-,-,-,NEUTRO
2026-06-21,BRK-B,_NaiveModel,0.0,HOLD,0.00%,-0.34%,0.87%,Acierto,-,-,-,-,-,-,NEUTRO
2026-06-21,CAT,_NaiveModel,0.0,HOLD,0.00%,7.22%,-3.39%,Fallo,-,-,-,-,-,-,NEUTRO
2026-06-21,COST,_NaiveModel,0.0,HOLD,0.00%,-0.97%,-3.70%,Acierto,-,-,-,-,-,-,NEUTRO
2026-06-21,CRM,_NaiveModel,0.0,HOLD,0.00%,-1.05%,7.60%,Fallo,-,-,-,-,-,-,NEUTRO
2026-06-21,GOOGL,_NaiveModel,0.0,HOLD,0.00%,-6.61%,-2.95%,Fallo,-,-,-,-,-,-,NEUTRO
2026-06-21,JNJ,_NaiveModel,0.0,HOLD,0.00%,7.22%,12.52%,Fallo,-,-,-,-,-,-,NEUTRO
2026-06-21,JPM,_NaiveModel,0.0,HOLD,0.00%,3.04%,3.46%,Fallo,-,-,-,-,-,-,NEUTRO
2026-06-21,LLY,_NaiveModel,0.0,HOLD,0.00%,2.65%,8.19%,Fallo,-,-,-,-,-,-,NEUTRO
2026-06-21,LMT,_NaiveModel,0.0,HOLD,0.00%,-1.16%,2.40%,Fallo,-,-,-,-,-,-,NEUTRO
2026-06-21,MA,_NaiveModel,0.0,HOLD,0.00%,-0.18%,7.54%,Acierto,-,-,-,-,-,-,NEUTRO
2026-06-21,MCD,_NaiveModel,0.0,HOLD,0.00%,-5.05%,-1.44%,Fallo,-,-,-,-,-,-,NEUTRO
2026-06-21,META,_NaiveModel,0.0,HOLD,0.00%,-5.95%,15.94%,Fallo,-,-,-,-,-,-,NEUTRO
2026-06-21,MRK,_NaiveModel,0.0,HOLD,0.00%,10.17%,8.49%,Fallo,-,-,-,-,-,-,NEUTRO
2026-06-21,MSFT,_NaiveModel,0.0,HOLD,0.00%,-7.00%,1.50%,Fallo,-,-,-,-,-,-,NEUTRO
2026-06-21,NEE,_NaiveModel,0.0,HOLD,0.00%,1.10%,1.39%,Fallo,-,-,-,-,-,-,NEUTRO
2026-06-21,NVDA,_NaiveModel,0.0,HOLD,0.00%,-7.10%,0.13%,Fallo,-,-,-,-,-,-,NEUTRO
2026-06-21,ORCL,_NaiveModel,0.0,HOLD,0.00%,-17.27%,-23.69%,Fallo,-,-,-,-,-,-,NEUTRO
2026-06-21,PG,_NaiveModel,0.0,HOLD,0.00%,-1.25%,-2.22%,Fallo,-,-,-,-,-,-,NEUTRO
2026-06-21,PLTR,_NaiveModel,0.0,HOLD,0.00%,-16.50%,-1.31%,Fallo,-,-,-,-,-,-,NEUTRO
2026-06-21,TSLA,_NaiveModel,0.0,HOLD,0.00%,-6.33%,1.82%,Fallo,-,-,-,-,-,-,NEUTRO
2026-06-21,TSM,_NaiveModel,0.0,HOLD,0.00%,-5.87%,-6.06%,Fallo,-,-,-,-,-,-,NEUTRO
2026-06-21,UNH,_NaiveModel,0.0,HOLD,0.00%,3.63%,5.90%,Fallo,-,-,-,-,-,-,NEUTRO
2026-06-21,V,_NaiveModel,0.0,HOLD,0.00%,1.00%,6.64%,Fallo,-,-,-,-,-,-,NEUTRO
2026-06-21,WMT,_NaiveModel,0.0,HOLD,0.00%,-1.19%,-2.80%,Fallo,-,-,-,-,-,-,NEUTRO
2026-06-21,XOM,_NaiveModel,0.0,HOLD,0.00%,-0.19%,0.78%,Acierto,-,-,-,-,-,-,NEUTRO
2026-06-20,AAPL,_NaiveModel,0.0,HOLD,0.00%,-1.65%,5.81%,Fallo,-,-,-,-,-,-,NEUTRO
2026-06-20,AMD,_NaiveModel,0.0,HOLD,0.00%,-3.28%,3.82%,Fallo,-,-,-,-,-,-,NEUTRO
2026-06-20,AMZN,_NaiveModel,0.0,HOLD,0.00%,-4.14%,0.39%,Fallo,-,-,-,-,-,-,NEUTRO
2026-06-20,ASML,_NaiveModel,0.0,HOLD,0.00%,-8.65%,-6.86%,Fallo,-,-,-,-,-,-,NEUTRO
2026-06-20,AVGO,_NaiveModel,0.0,HOLD,0.00%,-7.12%,-2.77%,Fallo,-,-,-,-,-,-,NEUTRO
2026-06-20,BRK-B,_NaiveModel,0.0,HOLD,0.00%,1.09%,0.87%,Fallo,-,-,-,-,-,-,NEUTRO
2026-06-20,CAT,_NaiveModel,0.0,HOLD,0.00%,0.88%,-3.39%,Acierto,-,-,-,-,-,-,NEUTRO
2026-06-20,COST,_NaiveModel,0.0,HOLD,0.00%,1.01%,-3.70%,Fallo,-,-,-,-,-,-,NEUTRO
2026-06-20,CRM,_NaiveModel,0.0,HOLD,0.00%,0.65%,7.60%,Acierto,-,-,-,-,-,-,NEUTRO
2026-06-20,GOOGL,_NaiveModel,0.0,HOLD,0.00%,-6.18%,-2.95%,Fallo,-,-,-,-,-,-,NEUTRO
2026-06-20,JNJ,_NaiveModel,0.0,HOLD,0.00%,5.52%,12.52%,Fallo,-,-,-,-,-,-,NEUTRO
2026-06-20,JPM,_NaiveModel,0.0,HOLD,0.00%,2.53%,3.46%,Fallo,-,-,-,-,-,-,NEUTRO
2026-06-20,LLY,_NaiveModel,0.0,HOLD,0.00%,1.70%,8.19%,Fallo,-,-,-,-,-,-,NEUTRO
2026-06-20,LMT,_NaiveModel,0.0,HOLD,0.00%,-3.78%,2.40%,Fallo,-,-,-,-,-,-,NEUTRO
2026-06-20,MA,_NaiveModel,0.0,HOLD,0.00%,0.94%,7.54%,Acierto,-,-,-,-,-,-,NEUTRO
2026-06-20,MCD,_NaiveModel,0.0,HOLD,0.00%,-1.70%,-1.44%,Fallo,-,-,-,-,-,-,NEUTRO
2026-06-20,META,_NaiveModel,0.0,HOLD,0.00%,-3.39%,15.94%,Fallo,-,-,-,-,-,-,NEUTRO
2026-06-20,MRK,_NaiveModel,0.0,HOLD,0.00%,5.91%,8.49%,Fallo,-,-,-,-,-,-,NEUTRO
2026-06-20,MSFT,_NaiveModel,0.0,HOLD,0.00%,-3.67%,1.50%,Fallo,-,-,-,-,-,-,NEUTRO
2026-06-20,NEE,_NaiveModel,0.0,HOLD,0.00%,1.00%,1.39%,Fallo,-,-,-,-,-,-,NEUTRO
2026-06-20,NVDA,_NaiveModel,0.0,HOLD,0.00%,-5.55%,0.13%,Fallo,-,-,-,-,-,-,NEUTRO
2026-06-20,ORCL,_NaiveModel,0.0,HOLD,0.00%,-14.52%,-23.69%,Fallo,-,-,-,-,-,-,NEUTRO
2026-06-20,PG,_NaiveModel,0.0,HOLD,0.00%,1.10%,-2.22%,Fallo,-,-,-,-,-,-,NEUTRO
2026-06-20,PLTR,_NaiveModel,0.0,HOLD,0.00%,-11.65%,-1.31%,Fallo,-,-,-,-,-,-,NEUTRO
2026-06-20,TSLA,_NaiveModel,0.0,HOLD,0.00%,-6.23%,1.82%,Fallo,-,-,-,-,-,-,NEUTRO
2026-06-20,TSM,_NaiveModel,0.0,HOLD,0.00%,-4.61%,-6.06%,Fallo,-,-,-,-,-,-,NEUTRO
2026-06-20,UNH,_NaiveModel,0.0,HOLD,0.00%,1.21%,5.90%,Fallo,-,-,-,-,-,-,NEUTRO
2026-06-20,V,_NaiveModel,0.0,HOLD,0.00%,1.52%,6.64%,Fallo,-,-,-,-,-,-,NEUTRO
2026-06-20,WMT,_NaiveModel,0.0,HOLD,0.00%,1.55%,-2.80%,Fallo,-,-,-,-,-,-,NEUTRO
2026-06-20,XOM,_NaiveModel,0.0,HOLD,0.00%,-0.66%,0.78%,Acierto,-,-,-,-,-,-,NEUTRO
2026-06-19,AAPL,_NaiveModel,0.0,HOLD,0.00%,-1.24%,6.11%,Fallo,-,-,-,-,-,-,NEUTRO
2026-06-19,AMD,_NaiveModel,0.0,HOLD,0.00%,-3.26%,1.74%,Fallo,-,-,-,-,-,-,NEUTRO
2026-06-19,AMZN,_NaiveModel,0.0,HOLD,0.00%,-4.21%,1.08%,Fallo,-,-,-,-,-,-,NEUTRO
2026-06-19,ASML,_NaiveModel,0.0,HOLD,0.00%,-7.84%,-6.50%,Fallo,-,-,-,-,-,-,NEUTRO
2026-06-19,AVGO,_NaiveModel,0.0,HOLD,0.00%,-7.58%,-2.49%,Fallo,-,-,-,-,-,-,NEUTRO
2026-06-19,BRK-B,_NaiveModel,0.0,HOLD,0.00%,0.68%,1.22%,Acierto,-,-,-,-,-,-,NEUTRO
2026-06-19,CAT,_NaiveModel,0.0,HOLD,0.00%,-0.16%,-4.81%,Acierto,-,-,-,-,-,-,NEUTRO
2026-06-19,COST,_NaiveModel,0.0,HOLD,0.00%,0.65%,-4.04%,Acierto,-,-,-,-,-,-,NEUTRO
2026-06-19,CRM,_NaiveModel,0.0,HOLD,0.00%,1.08%,7.06%,Fallo,-,-,-,-,-,-,NEUTRO
2026-06-19,GOOGL,_NaiveModel,0.0,HOLD,0.00%,-5.95%,-2.48%,Fallo,-,-,-,-,-,-,NEUTRO
2026-06-19,JNJ,_NaiveModel,0.0,HOLD,0.00%,4.68%,13.45%,Fallo,-,-,-,-,-,-,NEUTRO
2026-06-19,JPM,_NaiveModel,0.0,HOLD,0.00%,2.74%,3.15%,Fallo,-,-,-,-,-,-,NEUTRO
2026-06-19,LLY,_NaiveModel,0.0,HOLD,0.00%,0.77%,10.78%,Acierto,-,-,-,-,-,-,NEUTRO
2026-06-19,LMT,_NaiveModel,0.0,HOLD,0.00%,-1.42%,1.43%,Fallo,-,-,-,-,-,-,NEUTRO
2026-06-19,MA,_NaiveModel,0.0,HOLD,0.00%,-0.35%,6.82%,Acierto,-,-,-,-,-,-,NEUTRO
2026-06-19,MCD,_NaiveModel,0.0,HOLD,0.00%,-2.49%,-0.76%,Fallo,-,-,-,-,-,-,NEUTRO
2026-06-19,META,_NaiveModel,0.0,HOLD,0.00%,-2.60%,9.40%,Fallo,-,-,-,-,-,-,NEUTRO
2026-06-19,MRK,_NaiveModel,0.0,HOLD,0.00%,5.03%,9.84%,Fallo,-,-,-,-,-,-,NEUTRO
2026-06-19,MSFT,_NaiveModel,0.0,HOLD,0.00%,-1.44%,1.31%,Fallo,-,-,-,-,-,-,NEUTRO
2026-06-19,NEE,_NaiveModel,0.0,HOLD,0.00%,-0.37%,0.40%,Acierto,-,-,-,-,-,-,NEUTRO
2026-06-19,NVDA,_NaiveModel,0.0,HOLD,0.00%,-5.05%,-3.75%,Fallo,-,-,-,-,-,-,NEUTRO
2026-06-19,ORCL,_NaiveModel,0.0,HOLD,0.00%,-10.38%,-21.74%,Fallo,-,-,-,-,-,-,NEUTRO
2026-06-19,PG,_NaiveModel,0.0,HOLD,0.00%,0.32%,-2.35%,Acierto,-,-,-,-,-,-,NEUTRO
2026-06-19,PLTR,_NaiveModel,0.0,HOLD,0.00%,-9.16%,0.44%,Fallo,-,-,-,-,-,-,NEUTRO
2026-06-19,TSLA,_NaiveModel,0.0,HOLD,0.00%,-4.71%,1.51%,Fallo,-,-,-,-,-,-,NEUTRO
2026-06-19,TSM,_NaiveModel,0.0,HOLD,0.00%,-5.57%,-5.44%,Fallo,-,-,-,-,-,-,NEUTRO
2026-06-19,UNH,_NaiveModel,0.0,HOLD,0.00%,2.07%,7.66%,Fallo,-,-,-,-,-,-,NEUTRO
2026-06-19,V,_NaiveModel,0.0,HOLD,0.00%,0.38%,6.41%,Acierto,-,-,-,-,-,-,NEUTRO
2026-06-19,WMT,_NaiveModel,0.0,HOLD,0.00%,1.91%,-4.24%,Fallo,-,-,-,-,-,-,NEUTRO
2026-06-19,XOM,_NaiveModel,0.0,HOLD,0.00%,1.39%,-0.25%,Fallo,-,-,-,-,-,-,NEUTRO
2026-06-18,AAPL,_NaiveModel,0.0,HOLD,0.70%,0.36%,5.89%,Acierto,-,-,-,-,-,-,NEUTRO
2026-06-18,AMD,_NaiveModel,0.0,HOLD,4.86%,7.64%,0.96%,Fallo,-,-,-,-,-,-,NEUTRO
2026-06-18,AMZN,_NaiveModel,0.0,HOLD,2.90%,-1.98%,2.58%,Fallo,-,-,-,-,-,-,NEUTRO
2026-06-18,ASML,_NaiveModel,0.0,HOLD,3.31%,3.29%,-5.31%,Fallo,-,-,-,-,-,-,NEUTRO
2026-06-18,AVGO,_NaiveModel,0.0,HOLD,4.70%,-0.20%,-1.07%,Acierto,-,-,-,-,-,-,NEUTRO
2026-06-18,BRK-B,_NaiveModel,0.0,HOLD,-0.37%,-0.53%,0.71%,Acierto,-,-,-,-,-,-,NEUTRO
2026-06-18,CAT,_NaiveModel,0.0,HOLD,3.13%,6.94%,-0.82%,Fallo,-,-,-,-,-,-,NEUTRO
2026-06-18,COST,_NaiveModel,0.0,HOLD,-1.46%,-1.47%,-1.29%,Fallo,-,-,-,-,-,-,NEUTRO
2026-06-18,CRM,_NaiveModel,0.0,HOLD,-2.09%,-3.16%,7.46%,Fallo,-,-,-,-,-,-,NEUTRO
2026-06-18,GOOGL,_NaiveModel,0.0,HOLD,1.17%,-3.88%,-0.51%,Fallo,-,-,-,-,-,-,NEUTRO
2026-06-18,JNJ,_NaiveModel,0.0,HOLD,-2.48%,-1.24%,12.47%,Fallo,-,-,-,-,-,-,NEUTRO
2026-06-18,JPM,_NaiveModel,0.0,HOLD,-2.47%,-0.59%,-0.85%,Acierto,-,-,-,-,-,-,NEUTRO
2026-06-18,LLY,_NaiveModel,0.0,HOLD,-1.21%,-0.89%,9.34%,Acierto,-,-,-,-,-,-,NEUTRO
2026-06-18,LMT,_NaiveModel,0.0,HOLD,-4.01%,-7.27%,-0.82%,Fallo,-,-,-,-,-,-,NEUTRO
2026-06-18,MA,_NaiveModel,0.0,HOLD,-0.65%,-1.81%,5.45%,Fallo,-,-,-,-,-,-,NEUTRO
2026-06-18,MCD,_NaiveModel,0.0,HOLD,-1.84%,-4.83%,-1.96%,Fallo,-,-,-,-,-,-,NEUTRO
2026-06-18,META,_NaiveModel,0.0,HOLD,1.70%,-0.66%,6.26%,Acierto,-,-,-,-,-,-,NEUTRO
2026-06-18,MRK,_NaiveModel,0.0,HOLD,-1.36%,0.03%,9.14%,Acierto,-,-,-,-,-,-,NEUTRO
2026-06-18,MSFT,_NaiveModel,0.0,HOLD,0.13%,-3.05%,1.17%,Fallo,-,-,-,-,-,-,NEUTRO
2026-06-18,NEE,_NaiveModel,0.0,HOLD,1.19%,0.41%,1.99%,Acierto,-,-,-,-,-,-,NEUTRO
2026-06-18,NVDA,_NaiveModel,0.0,HOLD,2.95%,1.95%,-0.26%,Fallo,-,-,-,-,-,-,NEUTRO
2026-06-18,ORCL,_NaiveModel,0.0,HOLD,0.41%,-4.61%,-23.45%,Fallo,-,-,-,-,-,-,NEUTRO
2026-06-18,PG,_NaiveModel,0.0,HOLD,-0.12%,-1.91%,-1.43%,Fallo,-,-,-,-,-,-,NEUTRO
2026-06-18,PLTR,_NaiveModel,0.0,HOLD,-1.65%,-8.52%,1.22%,Fallo,-,-,-,-,-,-,NEUTRO
2026-06-18,TSLA,_NaiveModel,0.0,HOLD,1.04%,2.19%,-0.59%,Fallo,-,-,-,-,-,-,NEUTRO
2026-06-18,TSM,_NaiveModel,0.0,HOLD,6.94%,8.22%,1.12%,Fallo,-,-,-,-,-,-,NEUTRO
2026-06-18,UNH,_NaiveModel,0.0,HOLD,0.36%,1.79%,6.53%,Fallo,-,-,-,-,-,-,NEUTRO
2026-06-18,V,_NaiveModel,0.0,HOLD,-0.95%,-1.14%,5.19%,Fallo,-,-,-,-,-,-,NEUTRO
2026-06-18,WMT,_NaiveModel,0.0,HOLD,-0.80%,-0.80%,-4.26%,Acierto,-,-,-,-,-,-,NEUTRO
2026-06-18,XOM,_NaiveModel,0.0,HOLD,-2.08%,-1.61%,0.28%,Fallo,-,-,-,-,-,-,NEUTRO
2026-06-17,AAPL,_NaiveModel,0.0,HOLD,-1.10%,-0.41%,3.82%,Acierto,-,-,-,-,-,-,NEUTRO
2026-06-17,AMD,_NaiveModel,0.0,HOLD,1.02%,5.93%,1.74%,Fallo,-,-,-,-,-,-,NEUTRO
2026-06-17,AMZN,_NaiveModel,0.0,HOLD,-3.46%,-0.65%,-0.01%,Acierto,-,-,-,-,-,-,NEUTRO
2026-06-17,ASML,_NaiveModel,0.0,HOLD,3.54%,6.97%,-3.14%,Fallo,-,-,-,-,-,-,NEUTRO
2026-06-17,AVGO,_NaiveModel,0.0,HOLD,4.30%,9.20%,-1.57%,Fallo,-,-,-,-,-,-,NEUTRO
2026-06-17,BRK-B,_NaiveModel,0.0,HOLD,-0.74%,-1.11%,1.83%,Fallo,-,-,-,-,-,-,NEUTRO
2026-06-17,CAT,_NaiveModel,0.0,HOLD,1.11%,4.27%,-0.56%,Fallo,-,-,-,-,-,-,NEUTRO
2026-06-17,COST,_NaiveModel,0.0,HOLD,-2.14%,-3.57%,-3.97%,Fallo,-,-,-,-,-,-,NEUTRO
2026-06-17,CRM,_NaiveModel,0.0,HOLD,-4.14%,-6.14%,4.83%,Fallo,-,-,-,-,-,-,NEUTRO
2026-06-17,GOOGL,_NaiveModel,0.0,HOLD,-2.53%,-1.40%,-1.67%,Fallo,-,-,-,-,-,-,NEUTRO
2026-06-17,JNJ,_NaiveModel,0.0,HOLD,-0.42%,-2.89%,13.63%,Fallo,-,-,-,-,-,-,NEUTRO
2026-06-17,JPM,_NaiveModel,0.0,HOLD,0.70%,-1.79%,2.44%,Fallo,-,-,-,-,-,-,NEUTRO
2026-06-17,LLY,_NaiveModel,0.0,HOLD,-0.94%,-2.13%,10.07%,Fallo,-,-,-,-,-,-,NEUTRO
2026-06-17,LMT,_NaiveModel,0.0,HOLD,-0.68%,-4.66%,-0.11%,Fallo,-,-,-,-,-,-,NEUTRO
2026-06-17,MA,_NaiveModel,0.0,HOLD,-1.66%,-2.30%,6.04%,Fallo,-,-,-,-,-,-,NEUTRO
2026-06-17,MCD,_NaiveModel,0.0,HOLD,-1.43%,-3.24%,-1.99%,Fallo,-,-,-,-,-,-,NEUTRO
2026-06-17,MRK,_NaiveModel,0.0,HOLD,0.23%,-1.13%,11.89%,Fallo,-,-,-,-,-,-,NEUTRO
2026-06-17,MSFT,_NaiveModel,0.0,HOLD,-3.79%,-3.66%,-1.27%,Fallo,-,-,-,-,-,-,NEUTRO
2026-06-17,NEE,_NaiveModel,0.0,HOLD,-0.58%,0.60%,2.60%,Acierto,-,-,-,-,-,-,NEUTRO
2026-06-17,NVDA,_NaiveModel,0.0,HOLD,-1.33%,1.58%,-5.05%,Fallo,-,-,-,-,-,-,NEUTRO
2026-06-17,ORCL,_NaiveModel,0.0,HOLD,-2.55%,-2.15%,-24.81%,Fallo,-,-,-,-,-,-,NEUTRO
2026-06-17,PG,_NaiveModel,0.0,HOLD,-1.27%,-1.38%,0.17%,Fallo,-,-,-,-,-,-,NEUTRO
2026-06-17,TSLA,_NaiveModel,0.0,HOLD,-2.05%,-1.03%,-0.43%,Fallo,-,-,-,-,-,-,NEUTRO
2026-06-17,TSM,_NaiveModel,0.0,HOLD,1.48%,8.52%,1.58%,Fallo,-,-,-,-,-,-,NEUTRO
2026-06-17,UNH,_NaiveModel,0.0,HOLD,-1.99%,-1.64%,5.04%,Fallo,-,-,-,-,-,-,NEUTRO
2026-06-17,V,_NaiveModel,0.0,HOLD,-0.82%,-1.77%,5.73%,Fallo,-,-,-,-,-,-,NEUTRO
2026-06-17,WMT,_NaiveModel,0.0,HOLD,-2.40%,-3.18%,-7.84%,Fallo,-,-,-,-,-,-,NEUTRO
2026-06-17,XOM,_NaiveModel,0.0,HOLD,-0.79%,-2.85%,-0.12%,Fallo,-,-,-,-,-,-,NEUTRO
2026-06-16,AAPL,_NaiveModel,0.0,HOLD,0.95%,0.54%,5.48%,Acierto,-,-,-,-,-,-,NEUTRO
2026-06-16,AMD,_NaiveModel,0.0,HOLD,-7.30%,-1.81%,0.88%,Fallo,-,-,-,-,-,-,NEUTRO
2026-06-16,AMZN,_NaiveModel,0.0,HOLD,-0.01%,-0.66%,-0.76%,Acierto,-,-,-,-,-,-,NEUTRO
2026-06-16,ASML,_NaiveModel,0.0,HOLD,-4.69%,1.96%,-3.57%,Fallo,-,-,-,-,-,-,NEUTRO
2026-06-16,AVGO,_NaiveModel,0.0,HOLD,-4.37%,4.42%,-5.09%,Fallo,-,-,-,-,-,-,NEUTRO
2026-06-16,BRK-B,_NaiveModel,0.0,HOLD,-0.12%,-1.22%,2.23%,Fallo,-,-,-,-,-,-,NEUTRO
2026-06-16,CAT,_NaiveModel,0.0,HOLD,1.23%,5.56%,3.85%,Fallo,-,-,-,-,-,-,NEUTRO
2026-06-16,COST,_NaiveModel,0.0,HOLD,0.74%,-2.86%,-2.98%,Fallo,-,-,-,-,-,-,NEUTRO
2026-06-16,CRM,_NaiveModel,0.0,HOLD,-1.73%,-7.76%,0.67%,Fallo,-,-,-,-,-,-,NEUTRO
2026-06-16,GOOGL,_NaiveModel,0.0,HOLD,1.06%,-0.36%,-0.78%,Acierto,-,-,-,-,-,-,NEUTRO
2026-06-16,JNJ,_NaiveModel,0.0,HOLD,-0.20%,-3.08%,10.04%,Fallo,-,-,-,-,-,-,NEUTRO
2026-06-16,JPM,_NaiveModel,0.0,HOLD,3.68%,1.82%,5.74%,Fallo,-,-,-,-,-,-,NEUTRO
2026-06-16,LLY,_NaiveModel,0.0,HOLD,-0.61%,-2.73%,6.26%,Fallo,-,-,-,-,-,-,NEUTRO
2026-06-16,LMT,_NaiveModel,0.0,HOLD,1.05%,-3.66%,1.44%,Fallo,-,-,-,-,-,-,NEUTRO
2026-06-16,MA,_NaiveModel,0.0,HOLD,2.18%,-0.17%,8.65%,Acierto,-,-,-,-,-,-,NEUTRO
2026-06-16,MCD,_NaiveModel,0.0,HOLD,0.63%,-2.62%,-2.31%,Fallo,-,-,-,-,-,-,NEUTRO
2026-06-16,META,_NaiveModel,0.0,HOLD,-4.36%,-2.74%,3.72%,Fallo,-,-,-,-,-,-,NEUTRO
2026-06-16,MRK,_NaiveModel,0.0,HOLD,0.23%,-0.90%,10.34%,Acierto,-,-,-,-,-,-,NEUTRO
2026-06-16,MSFT,_NaiveModel,0.0,HOLD,-1.48%,-5.09%,-3.26%,Fallo,-,-,-,-,-,-,NEUTRO
2026-06-16,NEE,_NaiveModel,0.0,HOLD,0.13%,0.73%,1.53%,Acierto,-,-,-,-,-,-,NEUTRO
2026-06-16,NVDA,_NaiveModel,0.0,HOLD,-2.37%,-0.83%,-7.95%,Acierto,-,-,-,-,-,-,NEUTRO
2026-06-16,ORCL,_NaiveModel,0.0,HOLD,-2.24%,-4.33%,-25.37%,Fallo,-,-,-,-,-,-,NEUTRO
2026-06-16,PG,_NaiveModel,0.0,HOLD,1.35%,-0.05%,-0.76%,Acierto,-,-,-,-,-,-,NEUTRO
2026-06-16,PLTR,_NaiveModel,0.0,HOLD,-3.03%,-4.63%,-0.25%,Fallo,-,-,-,-,-,-,NEUTRO
2026-06-16,TSLA,_NaiveModel,0.0,HOLD,-1.58%,-2.59%,2.10%,Fallo,-,-,-,-,-,-,NEUTRO
2026-06-16,TSM,_NaiveModel,0.0,HOLD,-3.53%,4.69%,2.35%,Fallo,-,-,-,-,-,-,NEUTRO
2026-06-16,UNH,_NaiveModel,0.0,HOLD,-0.82%,-2.45%,1.69%,Fallo,-,-,-,-,-,-,NEUTRO
2026-06-16,V,_NaiveModel,0.0,HOLD,2.87%,1.06%,10.32%,Fallo,-,-,-,-,-,-,NEUTRO
2026-06-16,WMT,_NaiveModel,0.0,HOLD,0.17%,-3.01%,-8.42%,Fallo,-,-,-,-,-,-,NEUTRO
2026-06-16,XOM,_NaiveModel,0.0,HOLD,0.67%,-2.21%,-3.18%,Fallo,-,-,-,-,-,-,NEUTRO
2026-06-15,AAPL,_NaiveModel,0.0,HOLD,1.82%,2.36%,6.01%,Fallo,-,-,-,-,-,-,NEUTRO
2026-06-15,AMD,_NaiveModel,0.0,HOLD,6.98%,5.04%,1.22%,Fallo,-,-,-,-,-,-,NEUTRO
2026-06-15,AMZN,_NaiveModel,0.0,HOLD,3.13%,2.45%,1.73%,Fallo,-,-,-,-,-,-,NEUTRO
2026-06-15,ASML,_NaiveModel,0.0,HOLD,1.56%,3.55%,-5.06%,Fallo,-,-,-,-,-,-,NEUTRO
2026-06-15,AVGO,_NaiveModel,0.0,HOLD,3.11%,7.66%,-5.66%,Fallo,-,-,-,-,-,-,NEUTRO
2026-06-15,BRK-B,_NaiveModel,0.0,HOLD,1.28%,0.04%,3.79%,Acierto,-,-,-,-,-,-,NEUTRO
2026-06-15,CAT,_NaiveModel,0.0,HOLD,2.57%,8.26%,5.82%,Fallo,-,-,-,-,-,-,NEUTRO
2026-06-15,COST,_NaiveModel,0.0,HOLD,-0.30%,-3.15%,-3.12%,Fallo,-,-,-,-,-,-,NEUTRO
2026-06-15,CRM,_NaiveModel,0.0,HOLD,-0.81%,-8.51%,0.13%,Fallo,-,-,-,-,-,-,NEUTRO
2026-06-15,GOOGL,_NaiveModel,0.0,HOLD,2.69%,2.32%,0.06%,Fallo,-,-,-,-,-,-,NEUTRO
2026-06-15,JNJ,_NaiveModel,0.0,HOLD,-2.16%,-5.18%,9.20%,Fallo,-,-,-,-,-,-,NEUTRO
2026-06-15,JPM,_NaiveModel,0.0,HOLD,-0.41%,1.40%,4.29%,Fallo,-,-,-,-,-,-,NEUTRO
2026-06-15,LLY,_NaiveModel,0.0,HOLD,-0.32%,-3.04%,7.14%,Fallo,-,-,-,-,-,-,NEUTRO
2026-06-15,LMT,_NaiveModel,0.0,HOLD,-1.85%,-5.44%,1.03%,Fallo,-,-,-,-,-,-,NEUTRO
2026-06-15,MA,_NaiveModel,0.0,HOLD,0.13%,-0.04%,10.08%,Acierto,-,-,-,-,-,-,NEUTRO
2026-06-15,MCD,_NaiveModel,0.0,HOLD,0.46%,-2.18%,-1.47%,Fallo,-,-,-,-,-,-,NEUTRO
2026-06-15,META,_NaiveModel,0.0,HOLD,4.67%,1.81%,5.87%,Fallo,-,-,-,-,-,-,NEUTRO
2026-06-15,MRK,_NaiveModel,0.0,HOLD,-3.49%,-4.35%,8.83%,Fallo,-,-,-,-,-,-,NEUTRO
2026-06-15,MSFT,_NaiveModel,0.0,HOLD,2.31%,-2.90%,-0.06%,Fallo,-,-,-,-,-,-,NEUTRO
2026-06-15,NEE,_NaiveModel,0.0,HOLD,0.15%,0.88%,2.73%,Acierto,-,-,-,-,-,-,NEUTRO
2026-06-15,NVDA,_NaiveModel,0.0,HOLD,3.54%,2.68%,-5.05%,Fallo,-,-,-,-,-,-,NEUTRO
2026-06-15,ORCL,_NaiveModel,0.0,HOLD,4.62%,0.09%,-23.82%,Acierto,-,-,-,-,-,-,NEUTRO
2026-06-15,PG,_NaiveModel,0.0,HOLD,0.57%,0.51%,1.20%,Acierto,-,-,-,-,-,-,NEUTRO
2026-06-15,PLTR,_NaiveModel,0.0,HOLD,5.25%,0.38%,3.55%,Acierto,-,-,-,-,-,-,NEUTRO
2026-06-15,TSLA,_NaiveModel,0.0,HOLD,1.16%,-1.46%,-3.19%,Fallo,-,-,-,-,-,-,NEUTRO
2026-06-15,TSM,_NaiveModel,0.0,HOLD,4.12%,9.01%,2.41%,Fallo,-,-,-,-,-,-,NEUTRO
2026-06-15,UNH,_NaiveModel,0.0,HOLD,0.62%,-1.85%,4.12%,Fallo,-,-,-,-,-,-,NEUTRO
2026-06-15,V,_NaiveModel,0.0,HOLD,0.44%,1.50%,12.33%,Fallo,-,-,-,-,-,-,NEUTRO
2026-06-15,WMT,_NaiveModel,0.0,HOLD,-0.18%,-3.19%,-7.60%,Fallo,-,-,-,-,-,-,NEUTRO
2026-06-15,XOM,_NaiveModel,0.0,HOLD,-4.14%,-6.26%,-6.75%,Fallo,-,-,-,-,-,-,NEUTRO
2026-06-14,AAPL,_NaiveModel,0.0,HOLD,0.00%,2.36%,6.01%,Fallo,-,-,-,-,-,-,NEUTRO
2026-06-14,AMD,_NaiveModel,0.0,HOLD,0.00%,5.04%,1.22%,Fallo,-,-,-,-,-,-,NEUTRO
2026-06-14,AMZN,_NaiveModel,0.0,HOLD,0.00%,2.45%,1.73%,Fallo,-,-,-,-,-,-,NEUTRO
2026-06-14,ASML,_NaiveModel,0.0,HOLD,0.00%,3.55%,-5.06%,Fallo,-,-,-,-,-,-,NEUTRO
2026-06-14,AVGO,_NaiveModel,0.0,HOLD,0.00%,7.66%,-5.66%,Fallo,-,-,-,-,-,-,NEUTRO
2026-06-14,BRK-B,_NaiveModel,0.0,HOLD,0.00%,0.04%,3.79%,Acierto,-,-,-,-,-,-,NEUTRO
2026-06-14,CAT,_NaiveModel,0.0,HOLD,0.00%,8.26%,5.82%,Fallo,-,-,-,-,-,-,NEUTRO
2026-06-14,COST,_NaiveModel,0.0,HOLD,0.00%,-3.15%,-3.12%,Fallo,-,-,-,-,-,-,NEUTRO
2026-06-14,CRM,_NaiveModel,0.0,HOLD,0.00%,-8.51%,0.13%,Fallo,-,-,-,-,-,-,NEUTRO
2026-06-14,GOOGL,_NaiveModel,0.0,HOLD,0.00%,2.32%,0.06%,Fallo,-,-,-,-,-,-,NEUTRO
2026-06-14,JNJ,_NaiveModel,0.0,HOLD,0.00%,-5.18%,9.20%,Fallo,-,-,-,-,-,-,NEUTRO
2026-06-14,JPM,_NaiveModel,0.0,HOLD,0.00%,1.40%,4.29%,Fallo,-,-,-,-,-,-,NEUTRO
2026-06-14,LLY,_NaiveModel,0.0,HOLD,0.00%,-3.04%,7.14%,Fallo,-,-,-,-,-,-,NEUTRO
2026-06-14,LMT,_NaiveModel,0.0,HOLD,0.00%,-5.44%,1.03%,Fallo,-,-,-,-,-,-,NEUTRO
2026-06-14,MA,_NaiveModel,0.0,HOLD,0.00%,-0.04%,10.08%,Acierto,-,-,-,-,-,-,NEUTRO
2026-06-14,MCD,_NaiveModel,0.0,HOLD,0.00%,-2.18%,-1.47%,Fallo,-,-,-,-,-,-,NEUTRO
2026-06-14,META,_NaiveModel,0.0,HOLD,0.00%,1.81%,2.81%,Fallo,-,-,-,-,-,-,NEUTRO
2026-06-14,MRK,_NaiveModel,0.0,HOLD,0.00%,-4.35%,8.83%,Fallo,-,-,-,-,-,-,NEUTRO
2026-06-14,MSFT,_NaiveModel,0.0,HOLD,0.00%,-2.90%,-0.06%,Fallo,-,-,-,-,-,-,NEUTRO
2026-06-14,NEE,_NaiveModel,0.0,HOLD,0.00%,0.88%,2.73%,Acierto,-,-,-,-,-,-,NEUTRO
2026-06-14,NVDA,_NaiveModel,0.0,HOLD,0.00%,2.68%,-5.05%,Fallo,-,-,-,-,-,-,NEUTRO
2026-06-14,ORCL,_NaiveModel,0.0,HOLD,0.00%,0.09%,-23.82%,Acierto,-,-,-,-,-,-,NEUTRO
2026-06-14,PG,_NaiveModel,0.0,HOLD,0.00%,0.51%,1.20%,Acierto,-,-,-,-,-,-,NEUTRO
2026-06-14,PLTR,_NaiveModel,0.0,HOLD,0.00%,0.38%,1.02%,Acierto,-,-,-,-,-,-,NEUTRO
2026-06-14,TSLA,_NaiveModel,0.0,HOLD,0.00%,-1.46%,-3.19%,Fallo,-,-,-,-,-,-,NEUTRO
2026-06-14,TSM,_NaiveModel,0.0,HOLD,0.00%,9.01%,2.41%,Fallo,-,-,-,-,-,-,NEUTRO
2026-06-14,UNH,_NaiveModel,0.0,HOLD,0.00%,-1.85%,4.12%,Fallo,-,-,-,-,-,-,NEUTRO
2026-06-14,V,_NaiveModel,0.0,HOLD,0.00%,1.50%,12.33%,Fallo,-,-,-,-,-,-,NEUTRO
2026-06-14,WMT,_NaiveModel,0.0,HOLD,0.00%,-3.19%,-7.60%,Fallo,-,-,-,-,-,-,NEUTRO
2026-06-14,XOM,_NaiveModel,0.0,HOLD,0.00%,-6.26%,-6.75%,Fallo,-,-,-,-,-,-,NEUTRO
2026-06-13,AAPL,_NaiveModel,0.0,HOLD,0.00%,1.66%,6.01%,Fallo,-,-,-,-,-,-,NEUTRO
2026-06-13,AMD,_NaiveModel,0.0,HOLD,0.00%,0.18%,1.22%,Acierto,-,-,-,-,-,-,NEUTRO
2026-06-13,AMZN,_NaiveModel,0.0,HOLD,0.00%,-0.44%,1.73%,Acierto,-,-,-,-,-,-,NEUTRO
2026-06-13,ASML,_NaiveModel,0.0,HOLD,0.00%,0.23%,-5.06%,Acierto,-,-,-,-,-,-,NEUTRO
2026-06-13,AVGO,_NaiveModel,0.0,HOLD,0.00%,2.83%,-5.66%,Fallo,-,-,-,-,-,-,NEUTRO
2026-06-13,BRK-B,_NaiveModel,0.0,HOLD,0.00%,0.41%,3.79%,Acierto,-,-,-,-,-,-,NEUTRO
2026-06-13,CAT,_NaiveModel,0.0,HOLD,0.00%,4.98%,5.82%,Fallo,-,-,-,-,-,-,NEUTRO
2026-06-13,COST,_NaiveModel,0.0,HOLD,0.00%,-1.71%,-3.12%,Fallo,-,-,-,-,-,-,NEUTRO
2026-06-13,CRM,_NaiveModel,0.0,HOLD,0.00%,-6.55%,0.13%,Fallo,-,-,-,-,-,-,NEUTRO
2026-06-13,GOOGL,_NaiveModel,0.0,HOLD,0.00%,1.14%,0.06%,Fallo,-,-,-,-,-,-,NEUTRO
2026-06-13,JNJ,_NaiveModel,0.0,HOLD,0.00%,-2.77%,9.20%,Fallo,-,-,-,-,-,-,NEUTRO
2026-06-13,JPM,_NaiveModel,0.0,HOLD,0.00%,3.97%,4.29%,Fallo,-,-,-,-,-,-,NEUTRO
2026-06-13,LLY,_NaiveModel,0.0,HOLD,0.00%,-1.85%,7.14%,Fallo,-,-,-,-,-,-,NEUTRO
2026-06-13,LMT,_NaiveModel,0.0,HOLD,0.00%,-1.48%,1.03%,Fallo,-,-,-,-,-,-,NEUTRO
2026-06-13,MA,_NaiveModel,0.0,HOLD,0.00%,0.61%,10.08%,Acierto,-,-,-,-,-,-,NEUTRO
2026-06-13,MCD,_NaiveModel,0.0,HOLD,0.00%,-0.35%,-1.47%,Acierto,-,-,-,-,-,-,NEUTRO
2026-06-13,META,_NaiveModel,0.0,HOLD,0.00%,1.81%,2.81%,Fallo,-,-,-,-,-,-,NEUTRO
2026-06-13,MRK,_NaiveModel,0.0,HOLD,0.00%,-3.03%,8.83%,Fallo,-,-,-,-,-,-,NEUTRO
2026-06-13,MSFT,_NaiveModel,0.0,HOLD,0.00%,-3.03%,-0.06%,Fallo,-,-,-,-,-,-,NEUTRO
2026-06-13,NEE,_NaiveModel,0.0,HOLD,0.00%,-0.30%,2.73%,Acierto,-,-,-,-,-,-,NEUTRO
2026-06-13,NVDA,_NaiveModel,0.0,HOLD,0.00%,-0.26%,-5.05%,Acierto,-,-,-,-,-,-,NEUTRO
2026-06-13,ORCL,_NaiveModel,0.0,HOLD,0.00%,-0.33%,-23.82%,Acierto,-,-,-,-,-,-,NEUTRO
2026-06-13,PG,_NaiveModel,0.0,HOLD,0.00%,0.63%,1.20%,Acierto,-,-,-,-,-,-,NEUTRO
2026-06-13,PLTR,_NaiveModel,0.0,HOLD,0.00%,0.38%,1.02%,Acierto,-,-,-,-,-,-,NEUTRO
2026-06-13,TSLA,_NaiveModel,0.0,HOLD,0.00%,-2.47%,-3.19%,Fallo,-,-,-,-,-,-,NEUTRO
2026-06-13,TSM,_NaiveModel,0.0,HOLD,0.00%,1.94%,2.41%,Fallo,-,-,-,-,-,-,NEUTRO
2026-06-13,UNH,_NaiveModel,0.0,HOLD,0.00%,-2.20%,4.12%,Fallo,-,-,-,-,-,-,NEUTRO
2026-06-13,V,_NaiveModel,0.0,HOLD,0.00%,2.48%,12.33%,Fallo,-,-,-,-,-,-,NEUTRO
2026-06-13,WMT,_NaiveModel,0.0,HOLD,0.00%,-2.40%,-7.60%,Fallo,-,-,-,-,-,-,NEUTRO
2026-06-13,XOM,_NaiveModel,0.0,HOLD,0.00%,-4.27%,-6.75%,Fallo,-,-,-,-,-,-,NEUTRO
