feature,importance_mean
q25_20,0.7167362353779142
ma_50,0.6331205365637476
sma_50,0.6329208795791632
ma_10,0.4320041860557531
ema_50,0.4257492931593435
q25_50,0.3802393812715127
max_5,0.287880506987504
q75_50,0.22691561043347339
Open,0.20243695297254222
Adj Close,0.1985479622430377
