ticker,model,pred,real,timestamp,pred_delta,real_delta,pred_inc,real_inc,direction,Predicted,is_earnings_day,is_macro_day,MAE,MSE,RMSE,MAPE,R2,EVS,residual
AAPL,_NaiveModel,309.3500061035156,310.3399963378906,2026-08-24 00:00:00,0.0,0.989990234375,0.0,0.0032002269754076,False,2026-08-24,False,False,0.99,0.9801,0.99,0.0032,,1.0,-0.989990234375
AMD,_NaiveModel,473.25,456.7449951171875,2026-08-24 00:00:00,0.0,-16.5050048828125,0.0,-0.0348758687433967,False,2026-08-24,False,False,16.505,272.4152,16.505,0.0361,,1.0,16.5050048828125
AMZN,_NaiveModel,258.6300048828125,262.07000732421875,2026-08-24 00:00:00,0.0,3.44000244140625,0.0,0.0133008636912215,False,2026-08-24,False,False,3.44,11.8336,3.44,0.0131,,1.0,-3.44000244140625
ASML,_NaiveModel,1763.760009765625,1740.1300048828125,2026-08-24 00:00:00,0.0,-23.6300048828125,0.0,-0.0133975170952835,False,2026-08-24,False,False,23.63,558.3771,23.63,0.0136,,1.0,23.6300048828125
AVGO,_NaiveModel,368.4500122070313,358.760009765625,2026-08-24 00:00:00,0.0,-9.690002441406309,0.0,-0.0262993679478059,False,2026-08-24,False,False,9.69,93.8961,9.69,0.027,,1.0,9.690002441406307
BRK-B,_NaiveModel,495.8200073242188,504.3200073242188,2026-08-24 00:00:00,0.0,8.5,0.0,0.0171433178864075,False,2026-08-24,False,False,8.5,72.25,8.5,0.0169,,1.0,-8.5
CAT,_NaiveModel,827.9000244140625,811.02001953125,2026-08-24 00:00:00,0.0,-16.8800048828125,0.0,-0.0203889411583954,False,2026-08-24,False,False,16.88,284.9346,16.88,0.0208,,1.0,16.8800048828125
COST,_NaiveModel,947.739990234375,971.4000244140624,2026-08-24 00:00:00,0.0,23.660034179687383,0.0,0.0249646890745174,False,2026-08-24,False,False,23.66,559.7972,23.66,0.0244,,1.0,-23.660034179687386
CRM,_NaiveModel,209.1699981689453,209.0599975585937,2026-08-24 00:00:00,0.0,-0.1100006103515909,0.0,-0.0005258909562295,False,2026-08-24,False,False,0.11,0.0121,0.11,0.0005,,1.0,0.11000061035161934
GOOGL,_NaiveModel,344.82000732421875,348.0599975585937,2026-08-24 00:00:00,0.0,3.239990234374943,0.0,0.0093961781960306,False,2026-08-24,False,False,3.24,10.4975,3.24,0.0093,,1.0,-3.239990234374943
JNJ,_NaiveModel,270.239990234375,273.0400085449219,2026-08-24 00:00:00,0.0,2.800018310546875,0.0,0.0103612285810048,False,2026-08-24,False,False,2.8,7.8401,2.8,0.0103,,1.0,-2.800018310546875
JPM,_NaiveModel,351.5799865722656,356.3900146484375,2026-08-24 00:00:00,0.0,4.810028076171875,0.0,0.0136811771428382,False,2026-08-24,False,False,4.81,23.1364,4.81,0.0135,,1.0,-4.810028076171875
LLY,_NaiveModel,1255.4000244140625,1246.9300537109375,2026-08-24 00:00:00,0.0,-8.469970703125,0.0,-0.0067468301245877,False,2026-08-24,False,False,8.47,71.7404,8.47,0.0068,,1.0,8.469970703125
LMT,_NaiveModel,563.5700073242188,564.1400146484375,2026-08-24 00:00:00,0.0,0.57000732421875,0.0,0.0010114223908491,False,2026-08-24,False,False,0.57,0.3249,0.57,0.001,,1.0,-0.57000732421875
MA,_NaiveModel,580.6300048828125,599.8599853515625,2026-08-24 00:00:00,0.0,19.22998046875,0.0,0.0331191641958481,False,2026-08-24,False,False,19.23,369.7921,19.23,0.0321,,1.0,-19.22998046875
MCD,_NaiveModel,270.95001220703125,272.5400085449219,2026-08-24 00:00:00,0.0,1.589996337890625,0.0,0.005868227592755,False,2026-08-24,False,False,1.59,2.5281,1.59,0.0058,,1.0,-1.589996337890625
META,_NaiveModel,549.9000244140625,559.02001953125,2026-08-24 00:00:00,0.0,9.1199951171875,0.0,0.0165848239903338,False,2026-08-24,False,False,9.12,83.1743,9.12,0.0163,,1.0,-9.1199951171875
MRK,_NaiveModel,152.5500030517578,150.66000366210938,2026-08-24 00:00:00,0.0,-1.8899993896484373,0.0,-0.0123893762821308,False,2026-08-24,False,False,1.89,3.5721,1.89,0.0125,,1.0,1.8899993896484375
MSFT,_NaiveModel,483.239990234375,487.30999755859375,2026-08-24 00:00:00,0.0,4.07000732421875,0.0,0.0084223313601276,False,2026-08-24,False,False,4.07,16.565,4.07,0.0084,,1.0,-4.07000732421875
NEE,_NaiveModel,83.6500015258789,84.0999984741211,2026-08-24 00:00:00,0.0,0.4499969482421875,0.0,0.0053795211002234,False,2026-08-24,False,False,0.45,0.2025,0.45,0.0054,,1.0,-0.4499969482421875
NVDA,_NaiveModel,214.72000122070312,208.47999572753903,2026-08-24 00:00:00,0.0,-6.240005493164091,0.0,-0.0290611282492971,False,2026-08-24,False,False,6.24,38.9377,6.24,0.0299,,1.0,6.240005493164091
ORCL,_NaiveModel,146.47000122070312,142.4499969482422,2026-08-24 00:00:00,0.0,-4.0200042724609375,0.0,-0.0274459222977921,False,2026-08-24,False,False,4.02,16.1604,4.02,0.0282,,1.0,4.0200042724609375
PG,_NaiveModel,144.67999267578125,146.60000610351562,2026-08-24 00:00:00,0.0,1.920013427734375,0.0,0.0132707597797368,False,2026-08-24,False,False,1.92,3.6865,1.92,0.0131,,1.0,-1.920013427734375
PLTR,_NaiveModel,179.94000244140625,175.88999938964844,2026-08-24 00:00:00,0.0,-4.0500030517578125,0.0,-0.0225075191553174,False,2026-08-24,False,False,4.05,16.4025,4.05,0.023,,1.0,4.0500030517578125
TSLA,_NaiveModel,362.8599853515625,348.95001220703125,2026-08-24 00:00:00,0.0,-13.90997314453125,0.0,-0.038334271361044,False,2026-08-24,False,False,13.91,193.4874,13.91,0.0399,,1.0,13.90997314453125
TSM,_NaiveModel,418.9500122070313,410.1199951171875,2026-08-24 00:00:00,0.0,-8.830017089843807,0.0,-0.0210765409537219,False,2026-08-24,False,False,8.83,77.9692,8.83,0.0215,,1.0,8.830017089843807
UNH,_NaiveModel,390.1099853515625,398.760009765625,2026-08-24 00:00:00,0.0,8.6500244140625,0.0,0.0221732966057436,False,2026-08-24,False,False,8.65,74.8229,8.65,0.0217,,1.0,-8.6500244140625
V,_NaiveModel,371.0400085449219,382.4100036621094,2026-08-24 00:00:00,0.0,11.3699951171875,0.0,0.0306435825122371,False,2026-08-24,False,False,11.37,129.2768,11.37,0.0297,,1.0,-11.3699951171875
WMT,_NaiveModel,103.6999969482422,106.48999786376952,2026-08-24 00:00:00,0.0,2.7900009155273158,0.0,0.0269045419251056,False,2026-08-24,False,False,2.79,7.7841,2.79,0.0262,,1.0,-2.7900009155273153
XOM,_NaiveModel,165.11000061035156,164.0500030517578,2026-08-24 00:00:00,0.0,-1.05999755859375,0.0,-0.0064199476390002,False,2026-08-24,False,False,1.06,1.1236,1.06,0.0065,,1.0,1.05999755859375
AAPL,_NaiveModel,311.29998779296875,309.3500061035156,2026-08-21 00:00:00,0.0,-1.949981689453125,0.0,-0.0062639953932473,False,2026-08-21,False,False,1.95,3.8024,1.95,0.0063,,1.0,1.949981689453125
AMD,_NaiveModel,469.4549865722656,473.25,2026-08-21 00:00:00,-0.0050048828125,3.790008544921875,-1.0660935763636654e-05,0.0080731236184256,False,2026-08-21,False,False,3.795,14.4021,3.795,0.008,,1.0,-3.795013427734375
AMZN,_NaiveModel,260.1099853515625,258.6300048828125,2026-08-21 00:00:00,0.0,-1.47998046875,0.0,-0.0056898256587484,False,2026-08-21,False,False,1.48,2.1903,1.48,0.0057,,1.0,1.47998046875
ASML,_NaiveModel,1750.31005859375,1763.760009765625,2026-08-21 00:00:00,0.0,13.449951171875,0.0,0.0076843249033723,False,2026-08-21,False,False,13.45,180.9012,13.45,0.0076,,1.0,-13.449951171875
AVGO,_NaiveModel,364.0299987792969,368.4500122070313,2026-08-21 00:00:00,0.0,4.420013427734432,0.0,0.0121418933674589,False,2026-08-21,False,False,4.42,19.5365,4.42,0.012,,1.0,-4.420013427734432
BRK-B,_NaiveModel,496.8599853515625,495.8200073242188,2026-08-21 00:00:00,0.0,-1.0399780273436932,0.0,-0.0020931007889633,False,2026-08-21,False,False,1.04,1.0816,1.04,0.0021,,1.0,1.0399780273436932
CAT,_NaiveModel,815.3900146484375,827.9000244140625,2026-08-21 00:00:00,0.0,12.510009765625,0.0,0.0153423632137791,False,2026-08-21,False,False,12.51,156.5003,12.51,0.0151,,1.0,-12.510009765625
COST,_NaiveModel,933.510009765625,947.739990234375,2026-08-21 00:00:00,0.0,14.22998046875,0.0,0.0152435221046239,False,2026-08-21,False,False,14.23,202.4923,14.23,0.015,,1.0,-14.22998046875
CRM,_NaiveModel,205.42999267578125,209.1699981689453,2026-08-21 00:00:00,0.0,3.7400054931640634,0.0,0.0182057422309638,False,2026-08-21,False,False,3.74,13.9876,3.74,0.0179,,1.0,-3.7400054931640625
GOOGL,_NaiveModel,340.6700134277344,344.82000732421875,2026-08-21 00:00:00,0.0,4.149993896484375,0.0,0.0121818584932914,False,2026-08-21,False,False,4.15,17.2224,4.15,0.012,,1.0,-4.149993896484375
JNJ,_NaiveModel,267.3699951171875,270.239990234375,2026-08-21 00:00:00,0.0,2.8699951171875,0.0,0.0107341705112781,False,2026-08-21,False,False,2.87,8.2369,2.87,0.0106,,1.0,-2.8699951171875
JPM,_NaiveModel,351.54998779296875,351.5799865722656,2026-08-21 00:00:00,0.0,0.029998779296875,0.0,8.533289813265923e-05,False,2026-08-21,False,False,0.03,0.0009,0.03,0.0001,,1.0,-0.029998779296875
LLY,_NaiveModel,1244.4000244140625,1255.4000244140625,2026-08-21 00:00:00,0.0,11.0,0.0,0.0088396012409108,False,2026-08-21,False,False,11.0,121.0,11.0,0.0088,,1.0,-11.0
LMT,_NaiveModel,571.47998046875,563.5700073242188,2026-08-21 00:00:00,0.0,-7.90997314453125,0.0,-0.0138412077673187,False,2026-08-21,False,False,7.91,62.5677,7.91,0.014,,1.0,7.90997314453125
MA,_NaiveModel,573.8499755859375,580.6300048828125,2026-08-21 00:00:00,0.0,6.780029296875,0.0,0.0118149857721125,False,2026-08-21,False,False,6.78,45.9688,6.78,0.0117,,1.0,-6.780029296875
MCD,_NaiveModel,269.1300048828125,270.95001220703125,2026-08-21 00:00:00,0.0,1.82000732421875,0.0,0.0067625582105244,False,2026-08-21,False,False,1.82,3.3124,1.82,0.0067,,1.0,-1.82000732421875
META,_NaiveModel,545.8300170898438,549.9000244140625,2026-08-21 00:00:00,0.0,4.07000732421875,0.0,0.007456547270739,False,2026-08-21,False,False,4.07,16.565,4.07,0.0074,,1.0,-4.07000732421875
MRK,_NaiveModel,148.99000549316406,152.5500030517578,2026-08-21 00:00:00,0.0,3.55999755859375,0.0,0.0238942038213233,False,2026-08-21,False,False,3.56,12.6736,3.56,0.0233,,1.0,-3.55999755859375
MSFT,_NaiveModel,481.1499938964844,483.239990234375,2026-08-21 00:00:00,0.0,2.089996337890625,0.0,0.0043437521862263,False,2026-08-21,False,False,2.09,4.3681,2.09,0.0043,,1.0,-2.089996337890625
NEE,_NaiveModel,85.02999877929688,83.6500015258789,2026-08-21 00:00:00,0.0,-1.3799972534179688,0.0,-0.0162295339671811,False,2026-08-21,False,False,1.38,1.9044,1.38,0.0165,,1.0,1.3799972534179688
NVDA,_NaiveModel,216.8500061035156,214.72000122070312,2026-08-21 00:00:00,0.0,-2.130004882812472,0.0,-0.00982248016076,False,2026-08-21,False,False,2.13,4.5369,2.13,0.0099,,1.0,2.1300048828124716
ORCL,_NaiveModel,142.07000732421875,146.47000122070312,2026-08-21 00:00:00,0.0,4.399993896484375,0.0,0.0309706037140064,False,2026-08-21,False,False,4.4,19.3599,4.4,0.03,,1.0,-4.399993896484375
PG,_NaiveModel,142.97000122070312,144.67999267578125,2026-08-21 00:00:00,0.0,1.709991455078125,0.0,0.0119604912952221,False,2026-08-21,False,False,1.71,2.9241,1.71,0.0118,,1.0,-1.709991455078125
PLTR,_NaiveModel,173.9600067138672,179.94000244140625,2026-08-21 00:00:00,0.0,5.979995727539063,0.0,0.0343756926692643,False,2026-08-21,False,False,5.98,35.7603,5.98,0.0332,,1.0,-5.9799957275390625
TSLA,_NaiveModel,345.1300048828125,362.8599853515625,2026-08-21 00:00:00,0.0,17.72998046875,0.0,0.0513718894848627,False,2026-08-21,False,False,17.73,314.3522,17.73,0.0489,,1.0,-17.72998046875
TSM,_NaiveModel,416.0,418.9500122070313,2026-08-21 00:00:00,0.0,2.950012207031307,0.0,0.0070913754976714,False,2026-08-21,False,False,2.95,8.7026,2.95,0.007,,1.0,-2.950012207031307
UNH,_NaiveModel,384.8500061035156,390.1099853515625,2026-08-21 00:00:00,0.0,5.259979248046875,0.0,0.0136676085867907,False,2026-08-21,False,False,5.26,27.6674,5.26,0.0135,,1.0,-5.259979248046875
V,_NaiveModel,365.7300109863281,371.0400085449219,2026-08-21 00:00:00,0.0,5.30999755859375,0.0,0.0145189002791248,False,2026-08-21,False,False,5.31,28.1961,5.31,0.0143,,1.0,-5.30999755859375
WMT,_NaiveModel,103.83999633789062,103.6999969482422,2026-08-21 00:00:00,0.0,-0.1399993896484233,0.0,-0.0013482222128829,False,2026-08-21,False,False,0.14,0.0196,0.14,0.0014,,1.0,0.1399993896484233
XOM,_NaiveModel,166.14999389648438,165.11000061035156,2026-08-21 00:00:00,0.0,-1.0399932861328125,0.0,-0.006259363974342,False,2026-08-21,False,False,1.04,1.0816,1.04,0.0063,,1.0,1.0399932861328125
AAPL,_NaiveModel,316.8299865722656,311.29998779296875,2026-08-20 00:00:00,0.0,-5.529998779296875,0.0,-0.0174541521120682,False,2026-08-20,False,False,5.53,30.5809,5.53,0.0178,,1.0,5.529998779296875
AMD,_NaiveModel,466.4200134277344,469.4549865722656,2026-08-20 00:00:00,0.0,3.03497314453125,0.0,0.0065069530833961,False,2026-08-20,False,False,3.035,9.2111,3.035,0.0065,,1.0,-3.03497314453125
AMZN,_NaiveModel,265.8399963378906,260.1099853515625,2026-08-20 00:00:00,0.0,-5.730010986328125,0.0,-0.0215543600107679,False,2026-08-20,False,False,5.73,32.833,5.73,0.022,,1.0,5.730010986328125
ASML,_NaiveModel,1751.72998046875,1750.31005859375,2026-08-20 00:00:00,0.0,-1.419921875,0.0,-0.0008105826188006,False,2026-08-20,False,False,1.4199,2.0162,1.4199,0.0008,,1.0,1.419921875
AVGO,_NaiveModel,362.4800109863281,364.0299987792969,2026-08-20 00:00:00,0.0,1.54998779296875,0.0,0.004276064185584,False,2026-08-20,False,False,1.55,2.4025,1.55,0.0043,,1.0,-1.54998779296875
BRK-B,_NaiveModel,499.6199951171875,496.8599853515625,2026-08-20 00:00:00,0.0,-2.760009765625,0.0,-0.0055242179908705,False,2026-08-20,False,False,2.76,7.6177,2.76,0.0056,,1.0,2.760009765625
CAT,_NaiveModel,816.1500244140625,815.3900146484375,2026-08-20 00:00:00,0.0,-0.760009765625,0.0,-0.0009312133099188,False,2026-08-20,False,False,0.76,0.5776,0.76,0.0009,,1.0,0.760009765625
COST,_NaiveModel,956.989990234375,933.510009765625,2026-08-20 00:00:00,0.0,-23.47998046875,0.0,-0.0245352414428071,False,2026-08-20,False,False,23.48,551.3095,23.48,0.0252,,1.0,23.47998046875
CRM,_NaiveModel,206.08999633789065,205.42999267578125,2026-08-20 00:00:00,0.0,-0.6600036621094034,0.0,-0.0032025021778704,False,2026-08-20,False,False,0.66,0.4356,0.66,0.0032,,1.0,0.6600036621094034
GOOGL,_NaiveModel,344.7200012207031,340.6700134277344,2026-08-20 00:00:00,0.0,-4.04998779296875,0.0,-0.0117486301306195,False,2026-08-20,False,False,4.05,16.4024,4.05,0.0119,,1.0,4.04998779296875
JNJ,_NaiveModel,273.4100036621094,267.3699951171875,2026-08-20 00:00:00,0.0,-6.040008544921875,0.0,-0.022091395574488,False,2026-08-20,False,False,6.04,36.4817,6.04,0.0226,,1.0,6.040008544921875
JPM,_NaiveModel,357.260009765625,351.54998779296875,2026-08-20 00:00:00,0.0,-5.71002197265625,0.0,-0.0159828187218665,False,2026-08-20,False,False,5.71,32.6044,5.71,0.0162,,1.0,5.71002197265625
LLY,_NaiveModel,1280.3399658203125,1244.4000244140625,2026-08-20 00:00:00,0.0,-35.93994140625,0.0,-0.0280706237137753,False,2026-08-20,False,False,35.9399,1291.6794,35.9399,0.0289,,1.0,35.93994140625
LMT,_NaiveModel,589.1500244140625,571.47998046875,2026-08-20 00:00:00,0.0,-17.6700439453125,0.0,-0.0299924352254524,False,2026-08-20,False,False,17.67,312.2305,17.67,0.0309,,1.0,17.6700439453125
MA,_NaiveModel,573.719970703125,573.8499755859375,2026-08-20 00:00:00,0.0,0.1300048828125,0.0,0.0002265998909767,False,2026-08-20,False,False,0.13,0.0169,0.13,0.0002,,1.0,-0.1300048828125
MCD,_NaiveModel,267.45001220703125,269.1300048828125,2026-08-20 00:00:00,0.0,1.67999267578125,0.0,0.0062815202808096,False,2026-08-20,False,False,1.68,2.8224,1.68,0.0062,,1.0,-1.67999267578125
META,_NaiveModel,546.030029296875,545.8300170898438,2026-08-20 00:00:00,0.0,-0.20001220703125,0.0,-0.0003663025773304,False,2026-08-20,False,False,0.2,0.04,0.2,0.0004,,1.0,0.20001220703125
MRK,_NaiveModel,152.1999969482422,148.99000549316406,2026-08-20 00:00:00,0.0,-3.209991455078125,0.0,-0.0210906144509958,False,2026-08-20,False,False,3.21,10.304,3.21,0.0215,,1.0,3.209991455078125
MSFT,_NaiveModel,484.30999755859375,481.1499938964844,2026-08-20 00:00:00,0.0,-3.160003662109375,0.0,-0.0065247541410232,False,2026-08-20,False,False,3.16,9.9856,3.16,0.0066,,1.0,3.160003662109375
NEE,_NaiveModel,85.91000366210938,85.02999877929688,2026-08-20 00:00:00,0.0,-0.8800048828125,0.0,-0.0102433342486356,False,2026-08-20,False,False,0.88,0.7744,0.88,0.0103,,1.0,0.8800048828125
NVDA,_NaiveModel,217.5599975585937,216.8500061035156,2026-08-20 00:00:00,-2.8421709430404014e-14,-0.709991455078125,-1.3063848937923164e-16,-0.0032634283096409,True,2026-08-20,False,False,0.71,0.5041,0.71,0.0033,,1.0,0.7099914550780966
ORCL,_NaiveModel,143.80999755859375,142.07000732421875,2026-08-20 00:00:00,0.0,-1.739990234375,0.0,-0.0120992299834096,False,2026-08-20,False,False,1.74,3.0276,1.74,0.0122,,1.0,1.739990234375
PG,_NaiveModel,144.3800048828125,142.97000122070312,2026-08-20 00:00:00,0.0,-1.410003662109375,0.0,-0.0097659205875066,False,2026-08-20,False,False,1.41,1.9881,1.41,0.0099,,1.0,1.410003662109375
PLTR,_NaiveModel,175.19000244140625,173.9600067138672,2026-08-20 00:00:00,0.0,-1.2299957275390625,0.0,-0.0070209241988591,False,2026-08-20,False,False,1.23,1.5129,1.23,0.0071,,1.0,1.2299957275390625
TSLA,_NaiveModel,351.1199951171875,345.1300048828125,2026-08-20 00:00:00,0.0,-5.989990234375,0.0,-0.0170596671157272,False,2026-08-20,False,False,5.99,35.88,5.99,0.0174,,1.0,5.989990234375
TSM,_NaiveModel,412.0899963378906,416.0,2026-08-20 00:00:00,0.0,3.910003662109375,0.0,0.0094882275640183,False,2026-08-20,False,False,3.91,15.2881,3.91,0.0094,,1.0,-3.910003662109375
UNH,_NaiveModel,388.6099853515625,384.8500061035156,2026-08-20 00:00:00,0.0,-3.759979248046875,0.0,-0.0096754571158158,False,2026-08-20,False,False,3.76,14.1374,3.76,0.0098,,1.0,3.759979248046875
V,_NaiveModel,365.5400085449219,365.7300109863281,2026-08-20 00:00:00,0.0,0.19000244140625,0.0,0.0005197856239118,False,2026-08-20,False,False,0.19,0.0361,0.19,0.0005,,1.0,-0.19000244140625
WMT,_NaiveModel,114.3000030517578,103.83999633789062,2026-08-20 00:00:00,0.0,-10.460006713867172,0.0,-0.091513617100523,False,2026-08-20,False,False,10.46,109.4117,10.46,0.1007,,1.0,10.460006713867173
XOM,_NaiveModel,164.77000427246094,166.14999389648438,2026-08-20 00:00:00,0.0,1.3799896240234375,0.0,0.0083752478499758,False,2026-08-20,False,False,1.38,1.9044,1.38,0.0083,,1.0,-1.3799896240234375
AAPL,_NaiveModel,310.0299987792969,316.8299865722656,2026-08-19 00:00:00,0.0,6.79998779296875,0.0,0.0219333220002671,False,2026-08-19,False,False,6.8,46.2398,6.8,0.0215,,1.0,-6.79998779296875
AMD,_NaiveModel,484.3900146484375,466.4200134277344,2026-08-19 00:00:00,0.0,-17.970001220703125,0.0,-0.0370982073892366,False,2026-08-19,False,False,17.97,322.9209,17.97,0.0385,,1.0,17.970001220703125
AMZN,_NaiveModel,259.45001220703125,265.8399963378906,2026-08-19 00:00:00,0.0,6.389984130859375,0.0,0.024628960609801,False,2026-08-19,False,False,6.39,40.8319,6.39,0.024,,1.0,-6.389984130859375
ASML,_NaiveModel,1802.97998046875,1751.72998046875,2026-08-19 00:00:00,0.0,-51.25,0.0,-0.0284251630939771,False,2026-08-19,False,False,51.25,2626.5625,51.25,0.0293,,1.0,51.25
AVGO,_NaiveModel,380.0,362.4800109863281,2026-08-19 00:00:00,0.0,-17.519989013671875,0.0,-0.0461052342465049,False,2026-08-19,False,False,17.52,306.95,17.52,0.0483,,1.0,17.519989013671875
BRK-B,_NaiveModel,502.9599914550781,499.6199951171875,2026-08-19 00:00:00,0.0,-3.339996337890625,0.0,-0.0066406799638832,False,2026-08-19,False,False,3.34,11.1556,3.34,0.0067,,1.0,3.339996337890625
CAT,_NaiveModel,840.8699951171875,816.1500244140625,2026-08-19 00:00:00,0.0,-24.719970703125,0.0,-0.0293980887017854,False,2026-08-19,False,False,24.72,611.077,24.72,0.0303,,1.0,24.719970703125
COST,_NaiveModel,961.3499755859376,956.989990234375,2026-08-19 00:00:00,0.0,-4.359985351562614,0.0,-0.0045352737944422,False,2026-08-19,False,False,4.36,19.0095,4.36,0.0046,,1.0,4.359985351562614
CRM,_NaiveModel,196.13999938964844,206.08999633789065,2026-08-19 00:00:00,0.0,9.949996948242216,0.0,0.0507290556704638,False,2026-08-19,False,False,9.95,99.0024,9.95,0.0483,,1.0,-9.949996948242216
GOOGL,_NaiveModel,344.20001220703125,344.7200012207031,2026-08-19 00:00:00,0.0,0.519989013671875,0.0,0.0015107175921862,False,2026-08-19,False,False,0.52,0.2704,0.52,0.0015,,1.0,-0.519989013671875
JNJ,_NaiveModel,271.1099853515625,273.4100036621094,2026-08-19 00:00:00,0.0,2.300018310546875,0.0,0.0084837093239642,False,2026-08-19,False,False,2.3,5.2901,2.3,0.0084,,1.0,-2.300018310546875
JPM,_NaiveModel,363.25,357.260009765625,2026-08-19 00:00:00,0.0,-5.989990234375,0.0,-0.0164899937629043,False,2026-08-19,False,False,5.99,35.88,5.99,0.0168,,1.0,5.989990234375
LLY,_NaiveModel,1225.72998046875,1280.3399658203125,2026-08-19 00:00:00,0.0,54.6099853515625,0.0,0.0445530306199072,False,2026-08-19,False,False,54.61,2982.2505,54.61,0.0427,,1.0,-54.6099853515625
LMT,_NaiveModel,607.1699829101562,589.1500244140625,2026-08-19 00:00:00,0.0,-18.01995849609375,0.0,-0.0296786056677643,False,2026-08-19,False,False,18.02,324.7189,18.02,0.0306,,1.0,18.01995849609375
MA,_NaiveModel,574.3099975585938,573.719970703125,2026-08-19 00:00:00,0.0,-0.59002685546875,0.0,-0.0010273665058539,False,2026-08-19,False,False,0.59,0.3481,0.59,0.001,,1.0,0.59002685546875
MCD,_NaiveModel,266.989990234375,267.45001220703125,2026-08-19 00:00:00,0.0,0.46002197265625,0.0,0.0017229933311448,False,2026-08-19,False,False,0.46,0.2116,0.46,0.0017,,1.0,-0.46002197265625
META,_NaiveModel,543.6699829101562,546.030029296875,2026-08-19 00:00:00,0.0,2.36004638671875,0.0,0.0043409539994941,False,2026-08-19,False,False,2.36,5.5698,2.36,0.0043,,1.0,-2.36004638671875
MRK,_NaiveModel,135.1699981689453,152.1999969482422,2026-08-19 00:00:00,0.0,17.029998779296875,0.0,0.1259894873861841,False,2026-08-19,False,False,17.03,290.0209,17.03,0.1119,,1.0,-17.029998779296875
MSFT,_NaiveModel,481.6300048828125,484.30999755859375,2026-08-19 00:00:00,0.0,2.67999267578125,0.0,0.0055644221676623,False,2026-08-19,False,False,2.68,7.1824,2.68,0.0055,,1.0,-2.67999267578125
NEE,_NaiveModel,86.22000122070312,85.91000366210938,2026-08-19 00:00:00,0.0,-0.30999755859375,0.0,-0.0035954251241568,False,2026-08-19,False,False,0.31,0.0961,0.31,0.0036,,1.0,0.30999755859375
NVDA,_NaiveModel,219.7400054931641,217.5599975585937,2026-08-19 00:00:00,0.0,-2.1800079345703693,0.0,-0.0099208513701351,False,2026-08-19,False,False,2.18,4.7524,2.18,0.01,,1.0,2.1800079345703978
ORCL,_NaiveModel,142.7899932861328,143.80999755859375,2026-08-19 00:00:00,0.0,1.0200042724609375,0.0,0.0071433876351333,False,2026-08-19,False,False,1.02,1.0404,1.02,0.0071,,1.0,-1.0200042724609375
PG,_NaiveModel,143.4499969482422,144.3800048828125,2026-08-19 00:00:00,0.0,0.9300079345703124,0.0,0.0064831506054745,False,2026-08-19,False,False,0.93,0.8649,0.93,0.0064,,1.0,-0.9300079345703125
PLTR,_NaiveModel,171.5399932861328,175.19000244140625,2026-08-19 00:00:00,0.0,3.6500091552734375,0.0,0.0212778902770803,False,2026-08-19,False,False,3.65,13.3226,3.65,0.0208,,1.0,-3.6500091552734375
TSLA,_NaiveModel,336.8699951171875,351.1199951171875,2026-08-19 00:00:00,0.0,14.25,0.0,0.0423011850463049,False,2026-08-19,False,False,14.25,203.0625,14.25,0.0406,,1.0,-14.25
TSM,_NaiveModel,413.4100036621094,412.0899963378906,2026-08-19 00:00:00,0.0,-1.32000732421875,0.0,-0.0031929738335447,False,2026-08-19,False,False,1.32,1.7424,1.32,0.0032,,1.0,1.32000732421875
UNH,_NaiveModel,393.9299926757813,388.6099853515625,2026-08-19 00:00:00,0.0,-5.320007324218807,0.0,-0.0135049562692154,False,2026-08-19,False,False,5.32,28.3025,5.32,0.0137,,1.0,5.320007324218807
V,_NaiveModel,364.25,365.5400085449219,2026-08-19 00:00:00,0.0,1.290008544921875,0.0,0.0035415471377402,False,2026-08-19,False,False,1.29,1.6641,1.29,0.0035,,1.0,-1.290008544921875
WMT,_NaiveModel,115.1999969482422,114.3000030517578,2026-08-19 00:00:00,0.0,-0.8999938964844034,0.0,-0.0078124472250529,False,2026-08-19,False,False,0.9,0.81,0.9,0.0079,,1.0,0.8999938964844034
XOM,_NaiveModel,165.55999755859375,164.77000427246094,2026-08-19 00:00:00,0.0,-0.7899932861328125,0.0,-0.0047716434995308,False,2026-08-19,False,False,0.79,0.6241,0.79,0.0048,,1.0,0.7899932861328125
AAPL,_NaiveModel,305.5899963378906,310.0299987792969,2026-08-18 00:00:00,0.0,4.44000244140625,0.0,0.014529279409058,False,2026-08-18,False,False,4.44,19.7136,4.44,0.0143,,1.0,-4.44000244140625
AMD,_NaiveModel,506.0,484.3900146484375,2026-08-18 00:00:00,0.0,-21.6099853515625,0.0,-0.0427074809319416,False,2026-08-18,False,False,21.61,466.9915,21.61,0.0446,,1.0,21.6099853515625
AMZN,_NaiveModel,261.3099975585937,259.45001220703125,2026-08-18 00:00:00,0.0,-1.8599853515624432,0.0,-0.0071179264817274,False,2026-08-18,False,False,1.86,3.4595,1.86,0.0072,,1.0,1.8599853515624432
ASML,_NaiveModel,1883.1199951171875,1802.97998046875,2026-08-18 00:00:00,0.0,-80.1400146484375,0.0,-0.0425570408982091,False,2026-08-18,False,False,80.14,6422.4219,80.14,0.0444,,1.0,80.1400146484375
AVGO,_NaiveModel,392.4299926757813,380.0,2026-08-18 00:00:00,0.0,-12.429992675781309,0.0,-0.0316744206808136,False,2026-08-18,False,False,12.43,154.5047,12.43,0.0327,,1.0,12.429992675781307
BRK-B,_NaiveModel,498.2300109863281,502.9599914550781,2026-08-18 00:00:00,0.0,4.72998046875,0.0,0.0094935679594776,False,2026-08-18,False,False,4.73,22.3727,4.73,0.0094,,1.0,-4.72998046875
CAT,_NaiveModel,881.6500244140625,840.8699951171875,2026-08-18 00:00:00,0.0,-40.780029296875,0.0,-0.0462542144474811,False,2026-08-18,False,False,40.78,1663.0108,40.78,0.0485,,1.0,40.780029296875
COST,_NaiveModel,953.5,961.3499755859376,2026-08-18 00:00:00,0.0,7.849975585937614,0.0,0.0082328008242659,False,2026-08-18,False,False,7.85,61.6221,7.85,0.0082,,1.0,-7.849975585937614
CRM,_NaiveModel,190.97000122070312,196.13999938964844,2026-08-18 00:00:00,0.0,5.1699981689453125,0.0,0.0270723052620729,False,2026-08-18,False,False,5.17,26.7289,5.17,0.0264,,1.0,-5.1699981689453125
GOOGL,_NaiveModel,344.0,344.20001220703125,2026-08-18 00:00:00,0.0,0.20001220703125,0.0,0.0005814308343931,False,2026-08-18,False,False,0.2,0.04,0.2,0.0006,,1.0,-0.20001220703125
JNJ,_NaiveModel,262.3699951171875,271.1099853515625,2026-08-18 00:00:00,0.0,8.739990234375,0.0,0.0333116987347249,False,2026-08-18,False,False,8.74,76.3874,8.74,0.0322,,1.0,-8.739990234375
JPM,_NaiveModel,360.9599914550781,363.25,2026-08-18 00:00:00,0.0,2.290008544921875,0.0,0.0063442170853632,False,2026-08-18,False,False,2.29,5.2441,2.29,0.0063,,1.0,-2.290008544921875
LLY,_NaiveModel,1183.1600341796875,1225.72998046875,2026-08-18 00:00:00,0.0,42.5699462890625,0.0,0.0359798717496211,False,2026-08-18,False,False,42.5699,1812.2003,42.5699,0.0347,,1.0,-42.5699462890625
LMT,_NaiveModel,593.739990234375,607.1699829101562,2026-08-18 00:00:00,0.0,13.42999267578125,0.0,0.0226193163618301,False,2026-08-18,False,False,13.43,180.3647,13.43,0.0221,,1.0,-13.42999267578125
MA,_NaiveModel,562.260009765625,574.3099975585938,2026-08-18 00:00:00,0.0,12.04998779296875,0.0,0.0214313441889486,False,2026-08-18,False,False,12.05,145.2022,12.05,0.021,,1.0,-12.04998779296875
MCD,_NaiveModel,265.5299987792969,266.989990234375,2026-08-18 00:00:00,0.0,1.459991455078125,0.0,0.0054984049327384,False,2026-08-18,False,False,1.46,2.1316,1.46,0.0055,,1.0,-1.459991455078125
META,_NaiveModel,568.969970703125,543.6699829101562,2026-08-18 00:00:00,0.0,-25.29998779296875,0.0,-0.0444662971609967,False,2026-08-18,False,False,25.3,640.0894,25.3,0.0465,,1.0,25.29998779296875
MRK,_NaiveModel,135.97000122070312,135.1699981689453,2026-08-18 00:00:00,0.0,-0.8000030517578125,0.0,-0.0058836731968492,False,2026-08-18,False,False,0.8,0.64,0.8,0.0059,,1.0,0.8000030517578125
MSFT,_NaiveModel,480.3500061035156,481.6300048828125,2026-08-18 00:00:00,0.0,1.279998779296875,0.0,0.0026647210638757,False,2026-08-18,False,False,1.28,1.6384,1.28,0.0027,,1.0,-1.279998779296875
NEE,_NaiveModel,86.22000122070312,86.22000122070312,2026-08-18 00:00:00,0.0,0.0,0.0,0.0,False,2026-08-18,False,False,0.0,0.0,0.0,0.0,,1.0,0.0
NVDA,_NaiveModel,225.009994506836,219.7400054931641,2026-08-18 00:00:00,2.8421709430404014e-14,-5.269989013671875,1.2631309774793374e-16,-0.0234211330266565,False,2026-08-18,False,False,5.27,27.7728,5.27,0.024,,1.0,5.269989013671903
ORCL,_NaiveModel,146.64999389648438,142.7899932861328,2026-08-18 00:00:00,0.0,-3.8600006103515625,0.0,-0.0263211781179903,False,2026-08-18,False,False,3.86,14.8996,3.86,0.027,,1.0,3.8600006103515625
PG,_NaiveModel,143.1199951171875,143.4499969482422,2026-08-18 00:00:00,0.0,0.3300018310546875,0.0,0.0023057702788801,False,2026-08-18,False,False,0.33,0.1089,0.33,0.0023,,1.0,-0.3300018310546875
PLTR,_NaiveModel,172.5500030517578,171.5399932861328,2026-08-18 00:00:00,0.0,-1.010009765625,0.0,-0.0058534323254809,False,2026-08-18,False,False,1.01,1.0201,1.01,0.0059,,1.0,1.010009765625
TSLA,_NaiveModel,339.29998779296875,336.8699951171875,2026-08-18 00:00:00,0.0,-2.42999267578125,0.0,-0.0071617823849258,False,2026-08-18,False,False,2.43,5.9049,2.43,0.0072,,1.0,2.42999267578125
TSM,_NaiveModel,430.9700012207031,413.4100036621094,2026-08-18 00:00:00,0.0,-17.55999755859375,0.0,-0.040745289715887,False,2026-08-18,False,False,17.56,308.3535,17.56,0.0425,,1.0,17.55999755859375
UNH,_NaiveModel,395.6199951171875,393.9299926757813,2026-08-18 00:00:00,0.0,-1.6900024414061932,0.0,-0.0042717821704274,False,2026-08-18,False,False,1.69,2.8561,1.69,0.0043,,1.0,1.6900024414061932
V,_NaiveModel,358.8399963378906,364.25,2026-08-18 00:00:00,0.0,5.410003662109375,0.0,0.0150763675100899,False,2026-08-18,False,False,5.41,29.2681,5.41,0.0149,,1.0,-5.410003662109375
WMT,_NaiveModel,114.33000183105467,115.1999969482422,2026-08-18 00:00:00,0.0,0.8699951171875284,0.0,0.0076095084689416,False,2026-08-18,False,False,0.87,0.7569,0.87,0.0076,,1.0,-0.8699951171875284
XOM,_NaiveModel,161.4600067138672,165.55999755859375,2026-08-18 00:00:00,0.0,4.0999908447265625,0.0,0.0253932285039006,False,2026-08-18,False,False,4.1,16.8099,4.1,0.0248,,1.0,-4.0999908447265625
AAPL,_NaiveModel,305.92999267578125,305.5899963378906,2026-08-17 00:00:00,0.0,-0.339996337890625,0.0,-0.0011113534012042,False,2026-08-17,False,False,0.34,0.1156,0.34,0.0011,,1.0,0.339996337890625
AMD,_NaiveModel,514.3900146484375,506.0,2026-08-17 00:00:00,0.0,-8.3900146484375,0.0,-0.0163106094782413,False,2026-08-17,False,False,8.39,70.3923,8.39,0.0166,,1.0,8.3900146484375
AMZN,_NaiveModel,262.6499938964844,261.3099975585937,2026-08-17 00:00:00,0.0,-1.3399963378906818,0.0,-0.0051018327395004,False,2026-08-17,False,False,1.34,1.7956,1.34,0.0051,,1.0,1.3399963378906818
ASML,_NaiveModel,1844.0799560546875,1883.1199951171875,2026-08-17 00:00:00,0.0,39.0400390625,0.0,0.021170469823892,False,2026-08-17,False,False,39.04,1524.1247,39.04,0.0207,,1.0,-39.0400390625
AVGO,_NaiveModel,392.989990234375,392.4299926757813,2026-08-17 00:00:00,0.0,-0.5599975585936932,0.0,-0.0014249664686363,False,2026-08-17,False,False,0.56,0.3136,0.56,0.0014,,1.0,0.5599975585936932
BRK-B,_NaiveModel,504.0299987792969,498.2300109863281,2026-08-17 00:00:00,0.0,-5.79998779296875,0.0,-0.0115072273614976,False,2026-08-17,False,False,5.8,33.6399,5.8,0.0116,,1.0,5.79998779296875
CAT,_NaiveModel,856.5700073242188,881.6500244140625,2026-08-17 00:00:00,0.0,25.08001708984375,0.0,0.0292795882127481,False,2026-08-17,False,False,25.08,629.0073,25.08,0.0284,,1.0,-25.08001708984375
COST,_NaiveModel,961.0999755859376,953.5,2026-08-17 00:00:00,0.0,-7.599975585937614,0.0,-0.0079075806669376,False,2026-08-17,False,False,7.6,57.7596,7.6,0.008,,1.0,7.599975585937614
CRM,_NaiveModel,196.2100067138672,190.97000122070312,2026-08-17 00:00:00,0.0,-5.240005493164063,0.0,-0.0267061073027001,False,2026-08-17,False,False,5.24,27.4577,5.24,0.0274,,1.0,5.2400054931640625
GOOGL,_NaiveModel,345.8999938964844,344.0,2026-08-17 00:00:00,0.0,-1.899993896484375,0.0,-0.0054928994796483,False,2026-08-17,False,False,1.9,3.61,1.9,0.0055,,1.0,1.899993896484375
JNJ,_NaiveModel,260.3500061035156,262.3699951171875,2026-08-17 00:00:00,0.0,2.019989013671875,0.0,0.0077587438690849,False,2026-08-17,False,False,2.02,4.0804,2.02,0.0077,,1.0,-2.019989013671875
JPM,_NaiveModel,362.8399963378906,360.9599914550781,2026-08-17 00:00:00,0.0,-1.8800048828125,0.0,-0.0051813606597596,False,2026-08-17,False,False,1.88,3.5344,1.88,0.0052,,1.0,1.8800048828125
LLY,_NaiveModel,1180.1600341796875,1183.1600341796875,2026-08-17 00:00:00,0.0,3.0,0.0,0.0025420281259441,False,2026-08-17,False,False,3.0,9.0,3.0,0.0025,,1.0,-3.0
LMT,_NaiveModel,608.6799926757812,593.739990234375,2026-08-17 00:00:00,0.0,-14.94000244140625,0.0,-0.0245449211756236,False,2026-08-17,False,False,14.94,223.2037,14.94,0.0252,,1.0,14.94000244140625
MA,_NaiveModel,569.2899780273438,562.260009765625,2026-08-17 00:00:00,0.0,-7.02996826171875,0.0,-0.0123486597921122,False,2026-08-17,False,False,7.03,49.4205,7.03,0.0125,,1.0,7.02996826171875
MCD,_NaiveModel,272.8299865722656,265.5299987792969,2026-08-17 00:00:00,0.0,-7.29998779296875,0.0,-0.0267565449263223,False,2026-08-17,False,False,7.3,53.2898,7.3,0.0275,,1.0,7.29998779296875
META,_NaiveModel,589.8499755859375,568.969970703125,2026-08-17 00:00:00,0.0,-20.8800048828125,0.0,-0.0353988399542968,False,2026-08-17,False,False,20.88,435.9746,20.88,0.0367,,1.0,20.8800048828125
MRK,_NaiveModel,135.83999633789062,135.97000122070312,2026-08-17 00:00:00,0.0,0.1300048828125,0.0,0.0009570442161167,False,2026-08-17,False,False,0.13,0.0169,0.13,0.001,,1.0,-0.1300048828125
MSFT,_NaiveModel,495.3999938964844,480.3500061035156,2026-08-17 00:00:00,0.0,-15.04998779296875,0.0,-0.0303794670536744,False,2026-08-17,False,False,15.05,226.5021,15.05,0.0313,,1.0,15.04998779296875
NEE,_NaiveModel,86.19000244140625,86.22000122070312,2026-08-17 00:00:00,0.0,0.029998779296875,0.0,0.0003480540485802,False,2026-08-17,False,False,0.03,0.0009,0.03,0.0003,,1.0,-0.029998779296875
NVDA,_NaiveModel,225.1600036621093,225.009994506836,2026-08-17 00:00:00,-2.8421709430404014e-14,-0.1500091552733806,-1.2622894372064227e-16,-0.0006662335798257,True,2026-08-17,False,False,0.15,0.0225,0.15,0.0007,,1.0,0.1500091552732954
ORCL,_NaiveModel,150.52000427246094,146.64999389648438,2026-08-17 00:00:00,0.0,-3.8700103759765625,0.0,-0.0257109371919186,False,2026-08-17,False,False,3.87,14.977,3.87,0.0264,,1.0,3.8700103759765625
PG,_NaiveModel,144.5500030517578,143.1199951171875,2026-08-17 00:00:00,0.0,-1.4300079345703125,0.0,-0.009892825350258,False,2026-08-17,False,False,1.43,2.0449,1.43,0.01,,1.0,1.4300079345703125
PLTR,_NaiveModel,174.0399932861328,172.5500030517578,2026-08-17 00:00:00,0.0,-1.489990234375,0.0,-0.0085611945061694,False,2026-08-17,False,False,1.49,2.2201,1.49,0.0086,,1.0,1.489990234375
TSLA,_NaiveModel,342.2699890136719,339.29998779296875,2026-08-17 00:00:00,0.0,-2.970001220703125,0.0,-0.0086773638239854,False,2026-08-17,False,False,2.97,8.8209,2.97,0.0088,,1.0,2.970001220703125
TSM,_NaiveModel,426.3500061035156,430.9700012207031,2026-08-17 00:00:00,0.0,4.6199951171875,0.0,0.0108361558603233,False,2026-08-17,False,False,4.62,21.3444,4.62,0.0107,,1.0,-4.6199951171875
UNH,_NaiveModel,401.7300109863281,395.6199951171875,2026-08-17 00:00:00,0.0,-6.110015869140625,0.0,-0.0152092592090376,False,2026-08-17,False,False,6.11,37.3323,6.11,0.0154,,1.0,6.110015869140625
V,_NaiveModel,364.1499938964844,358.8399963378906,2026-08-17 00:00:00,0.0,-5.30999755859375,0.0,-0.0145818966019348,False,2026-08-17,False,False,5.31,28.1961,5.31,0.0148,,1.0,5.30999755859375
WMT,_NaiveModel,115.2699966430664,114.33000183105467,2026-08-17 00:00:00,0.0,-0.939994812011733,0.0,-0.0081547222988339,False,2026-08-17,False,False,0.94,0.8836,0.94,0.0082,,1.0,0.939994812011733
XOM,_NaiveModel,160.10000610351562,161.4600067138672,2026-08-17 00:00:00,0.0,1.3600006103515625,0.0,0.0084946943067087,False,2026-08-17,False,False,1.36,1.8496,1.36,0.0084,,1.0,-1.3600006103515625
AAPL,_NaiveModel,305.260009765625,305.92999267578125,2026-08-14 00:00:00,0.0,0.66998291015625,0.0,0.0021947942367906,False,2026-08-14,False,False,0.67,0.4489,0.67,0.0022,,1.0,-0.66998291015625
AMD,_NaiveModel,483.010009765625,514.3900146484375,2026-08-14 00:00:00,0.0,31.3800048828125,0.0,0.064967607810114,False,2026-08-14,False,False,31.38,984.7047,31.38,0.061,,1.0,-31.3800048828125
AMZN,_NaiveModel,265.1300048828125,262.6499938964844,2026-08-14 00:00:00,0.0,-2.480010986328125,0.0,-0.0093539431247108,False,2026-08-14,False,False,2.48,6.1505,2.48,0.0094,,1.0,2.480010986328125
ASML,_NaiveModel,1847.9000244140625,1844.0799560546875,2026-08-14 00:00:00,0.0,-3.820068359375,0.0,-0.0020672483948834,False,2026-08-14,False,False,3.8201,14.5929,3.8201,0.0021,,1.0,3.820068359375
AVGO,_NaiveModel,417.8200073242188,392.989990234375,2026-08-14 00:00:00,0.0,-24.830017089843807,0.0,-0.0594275445277475,False,2026-08-14,False,False,24.83,616.5297,24.83,0.0632,,1.0,24.830017089843807
BRK-B,_NaiveModel,506.9299926757813,504.0299987792969,2026-08-14 00:00:00,0.0,-2.899993896484432,0.0,-0.0057206989887836,False,2026-08-14,False,False,2.9,8.41,2.9,0.0058,,1.0,2.899993896484432
CAT,_NaiveModel,854.5999755859375,856.5700073242188,2026-08-14 00:00:00,0.0,1.97003173828125,0.0,0.0023052092143233,False,2026-08-14,False,False,1.97,3.881,1.97,0.0023,,1.0,-1.97003173828125
COST,_NaiveModel,961.8499755859376,961.0999755859376,2026-08-14 00:00:00,0.0,-0.75,0.0,-0.0007797473816466,False,2026-08-14,False,False,0.75,0.5625,0.75,0.0008,,1.0,0.75
CRM,_NaiveModel,201.3699951171875,196.2100067138672,2026-08-14 00:00:00,0.0,-5.1599884033203125,0.0,-0.02562441539673,False,2026-08-14,False,False,5.16,26.6255,5.16,0.0263,,1.0,5.1599884033203125
GOOGL,_NaiveModel,346.3599853515625,345.8999938964844,2026-08-14 00:00:00,0.0,-0.459991455078125,0.0,-0.0013280733183171,False,2026-08-14,False,False,0.46,0.2116,0.46,0.0013,,1.0,0.459991455078125
JNJ,_NaiveModel,262.0799865722656,260.3500061035156,2026-08-14 00:00:00,0.0,-1.72998046875,0.0,-0.0066009636652395,False,2026-08-14,False,False,1.73,2.9928,1.73,0.0066,,1.0,1.72998046875
JPM,_NaiveModel,363.1099853515625,362.8399963378906,2026-08-14 00:00:00,0.0,-0.269989013671875,0.0,-0.0007435461005305,False,2026-08-14,False,False,0.27,0.0729,0.27,0.0007,,1.0,0.269989013671875
LLY,_NaiveModel,1209.0,1180.1600341796875,2026-08-14 00:00:00,0.0,-28.8399658203125,0.0,-0.0238543968737076,False,2026-08-14,False,False,28.84,831.7436,28.84,0.0244,,1.0,28.8399658203125
LMT,_NaiveModel,598.010009765625,608.6799926757812,2026-08-14 00:00:00,0.0,10.66998291015625,0.0,0.0178424821255719,False,2026-08-14,False,False,10.67,113.8485,10.67,0.0175,,1.0,-10.66998291015625
MA,_NaiveModel,567.0399780273438,569.2899780273438,2026-08-14 00:00:00,0.0,2.25,0.0,0.00396797419439,False,2026-08-14,False,False,2.25,5.0625,2.25,0.004,,1.0,-2.25
MCD,_NaiveModel,272.25,272.8299865722656,2026-08-14 00:00:00,0.0,0.579986572265625,0.0,0.0021303455363292,False,2026-08-14,False,False,0.58,0.3364,0.58,0.0021,,1.0,-0.579986572265625
META,_NaiveModel,594.969970703125,589.8499755859375,2026-08-14 00:00:00,0.0,-5.1199951171875,0.0,-0.0086054681232681,False,2026-08-14,False,False,5.12,26.2144,5.12,0.0087,,1.0,5.1199951171875
MRK,_NaiveModel,135.5500030517578,135.83999633789062,2026-08-14 00:00:00,0.0,0.2899932861328125,0.0,0.0021393823652079,False,2026-08-14,False,False,0.29,0.0841,0.29,0.0021,,1.0,-0.2899932861328125
MSFT,_NaiveModel,496.8800048828125,495.3999938964844,2026-08-14 00:00:00,0.0,-1.480010986328125,0.0,-0.0029786084603609,False,2026-08-14,False,False,1.48,2.1904,1.48,0.003,,1.0,1.480010986328125
NEE,_NaiveModel,86.01000213623047,86.19000244140625,2026-08-14 00:00:00,0.0,0.1800003051757812,0.0,0.0020927834054774,False,2026-08-14,False,False,0.18,0.0324,0.18,0.0021,,1.0,-0.18000030517578125
NVDA,_NaiveModel,225.3000030517578,225.16000366210932,2026-08-14 00:00:00,0.0,-0.1399993896484659,0.0,-0.0006213909798141,False,2026-08-14,False,False,0.14,0.0196,0.14,0.0006,,1.0,0.13999938964849434
ORCL,_NaiveModel,156.22000122070312,150.52000427246094,2026-08-14 00:00:00,0.0,-5.699996948242188,0.0,-0.0364869856849469,False,2026-08-14,False,False,5.7,32.49,5.7,0.0379,,1.0,5.6999969482421875
PG,_NaiveModel,144.25999450683594,144.5500030517578,2026-08-14 00:00:00,0.0,0.290008544921875,0.0,0.002010318563461,False,2026-08-14,False,False,0.29,0.0841,0.29,0.002,,1.0,-0.290008544921875
PLTR,_NaiveModel,179.00999450683594,174.0399932861328,2026-08-14 00:00:00,0.0,-4.970001220703125,0.0,-0.0277638197486975,False,2026-08-14,False,False,4.97,24.7009,4.97,0.0286,,1.0,4.970001220703125
TSLA,_NaiveModel,339.9599914550781,342.2699890136719,2026-08-14 00:00:00,0.0,2.30999755859375,0.0,0.0067949100384037,False,2026-08-14,False,False,2.31,5.3361,2.31,0.0067,,1.0,-2.30999755859375
TSM,_NaiveModel,430.489990234375,426.3500061035156,2026-08-14 00:00:00,0.0,-4.139984130859375,0.0,-0.0096169114840635,False,2026-08-14,False,False,4.14,17.1395,4.14,0.0097,,1.0,4.139984130859375
UNH,_NaiveModel,399.05999755859375,401.7300109863281,2026-08-14 00:00:00,0.0,2.670013427734375,0.0,0.0066907568888619,False,2026-08-14,False,False,2.67,7.129,2.67,0.0066,,1.0,-2.670013427734375
V,_NaiveModel,365.4500122070313,364.1499938964844,2026-08-14 00:00:00,0.0,-1.3000183105469318,0.0,-0.0035573081601388,False,2026-08-14,False,False,1.3,1.69,1.3,0.0036,,1.0,1.3000183105469318
WMT,_NaiveModel,115.72000122070312,115.2699966430664,2026-08-14 00:00:00,0.0,-0.4500045776367187,0.0,-0.0038887363713249,False,2026-08-14,False,False,0.45,0.2025,0.45,0.0039,,1.0,0.45000457763671875
XOM,_NaiveModel,158.61000061035156,160.10000610351562,2026-08-14 00:00:00,0.0,1.4900054931640625,0.0,0.0093941459392871,False,2026-08-14,False,False,1.49,2.2201,1.49,0.0093,,1.0,-1.4900054931640625
AAPL,_NaiveModel,302.25,305.260009765625,2026-08-13 00:00:00,0.0,3.010009765625,0.0,0.0099586758167907,False,2026-08-13,False,False,3.01,9.0602,3.01,0.0099,,1.0,-3.010009765625
AMD,_NaiveModel,482.9299926757813,483.010009765625,2026-08-13 00:00:00,0.0,0.0800170898436931,0.0,0.0001656908683603,False,2026-08-13,False,False,0.08,0.0064,0.08,0.0002,,1.0,-0.08001708984369316
AMZN,_NaiveModel,267.2799987792969,265.1300048828125,2026-08-13 00:00:00,0.0,-2.149993896484375,0.0,-0.0080439760038299,False,2026-08-13,False,False,2.15,4.6225,2.15,0.0081,,1.0,2.149993896484375
ASML,_NaiveModel,1810.0699462890625,1847.9000244140625,2026-08-13 00:00:00,0.0,37.830078125,0.0,0.0208997879902695,False,2026-08-13,False,False,37.8301,1431.1148,37.8301,0.0205,,1.0,-37.830078125
AVGO,_NaiveModel,416.0499877929688,417.8200073242188,2026-08-13 00:00:00,0.0,1.77001953125,0.0,0.0042543434279122,False,2026-08-13,False,False,1.77,3.133,1.77,0.0042,,1.0,-1.77001953125
BRK-B,_NaiveModel,510.0,506.9299926757813,2026-08-13 00:00:00,0.0,-3.070007324218693,0.0,-0.0060196222043503,False,2026-08-13,False,False,3.07,9.4249,3.07,0.0061,,1.0,3.070007324218693
CAT,_NaiveModel,855.5999755859375,854.5999755859375,2026-08-13 00:00:00,0.0,-1.0,0.0,-0.0011687704868331,False,2026-08-13,False,False,1.0,1.0,1.0,0.0012,,1.0,1.0
COST,_NaiveModel,949.5800170898438,961.8499755859376,2026-08-13 00:00:00,0.0,12.269958496093864,0.0,0.0129214581975906,False,2026-08-13,False,False,12.27,150.5519,12.27,0.0128,,1.0,-12.269958496093864
CRM,_NaiveModel,193.32000732421875,201.3699951171875,2026-08-13 00:00:00,0.0,8.04998779296875,0.0,0.0416407380921936,False,2026-08-13,False,False,8.05,64.8023,8.05,0.04,,1.0,-8.04998779296875
GOOGL,_NaiveModel,343.5400085449219,346.3599853515625,2026-08-13 00:00:00,0.0,2.819976806640625,0.0,0.0082085833862109,False,2026-08-13,False,False,2.82,7.9523,2.82,0.0081,,1.0,-2.819976806640625
JNJ,_NaiveModel,260.8599853515625,262.0799865722656,2026-08-13 00:00:00,0.0,1.220001220703125,0.0,0.004676843092891,False,2026-08-13,False,False,1.22,1.4884,1.22,0.0047,,1.0,-1.220001220703125
JPM,_NaiveModel,365.1799926757813,363.1099853515625,2026-08-13 00:00:00,0.0,-2.070007324218807,0.0,-0.0056684576530363,False,2026-08-13,False,False,2.07,4.2849,2.07,0.0057,,1.0,2.070007324218807
LLY,_NaiveModel,1220.280029296875,1209.0,2026-08-13 00:00:00,0.0,-11.280029296875,0.0,-0.0092438039024325,False,2026-08-13,False,False,11.28,127.2391,11.28,0.0093,,1.0,11.280029296875
LMT,_NaiveModel,606.719970703125,598.010009765625,2026-08-13 00:00:00,0.0,-8.7099609375,0.0,-0.0143558171118153,False,2026-08-13,False,False,8.71,75.8634,8.71,0.0146,,1.0,8.7099609375
MA,_NaiveModel,559.72998046875,567.0399780273438,2026-08-13 00:00:00,0.0,7.30999755859375,0.0,0.0130598642446701,False,2026-08-13,False,False,7.31,53.4361,7.31,0.0129,,1.0,-7.30999755859375
MCD,_NaiveModel,275.70001220703125,272.25,2026-08-13 00:00:00,0.0,-3.45001220703125,0.0,-0.0125136454634631,False,2026-08-13,False,False,3.45,11.9026,3.45,0.0127,,1.0,3.45001220703125
META,_NaiveModel,578.8499755859375,594.969970703125,2026-08-13 00:00:00,0.0,16.1199951171875,0.0,0.0278483126839042,False,2026-08-13,False,False,16.12,259.8542,16.12,0.0271,,1.0,-16.1199951171875
MRK,_NaiveModel,132.9199981689453,135.5500030517578,2026-08-13 00:00:00,0.0,2.6300048828125,0.0,0.0197863746542464,False,2026-08-13,False,False,2.63,6.9169,2.63,0.0194,,1.0,-2.6300048828125
MSFT,_NaiveModel,492.4299926757813,496.8800048828125,2026-08-13 00:00:00,0.0,4.450012207031193,0.0,0.0090368423394573,False,2026-08-13,False,False,4.45,19.8026,4.45,0.009,,1.0,-4.450012207031193
NEE,_NaiveModel,85.77999877929688,86.01000213623047,2026-08-13 00:00:00,0.0,0.2300033569335937,0.0,0.0026813168594857,False,2026-08-13,False,False,0.23,0.0529,0.23,0.0027,,1.0,-0.23000335693359375
NVDA,_NaiveModel,224.08999633789065,225.3000030517578,2026-08-13 00:00:00,0.0,1.210006713867159,0.0,0.0053996462744489,False,2026-08-13,False,False,1.21,1.4641,1.21,0.0054,,1.0,-1.210006713867159
ORCL,_NaiveModel,153.27999877929688,156.22000122070312,2026-08-13 00:00:00,0.0,2.94000244140625,0.0,0.0191806006316549,False,2026-08-13,False,False,2.94,8.6436,2.94,0.0188,,1.0,-2.94000244140625
PG,_NaiveModel,144.0800018310547,144.25999450683594,2026-08-13 00:00:00,0.0,0.17999267578125,0.0,0.0012492550908786,False,2026-08-13,False,False,0.18,0.0324,0.18,0.0012,,1.0,-0.17999267578125
PLTR,_NaiveModel,171.0399932861328,179.00999450683594,2026-08-13 00:00:00,0.0,7.970001220703125,0.0,0.0465972961503226,False,2026-08-13,False,False,7.97,63.5209,7.97,0.0445,,1.0,-7.970001220703125
TSLA,_NaiveModel,327.510009765625,339.9599914550781,2026-08-13 00:00:00,0.0,12.449981689453123,0.0,0.0380140493976433,False,2026-08-13,False,False,12.45,155.002,12.45,0.0366,,1.0,-12.449981689453125
TSM,_NaiveModel,429.1499938964844,430.489990234375,2026-08-13 00:00:00,0.0,1.339996337890625,0.0,0.0031224428683409,False,2026-08-13,False,False,1.34,1.7956,1.34,0.0031,,1.0,-1.339996337890625
UNH,_NaiveModel,405.5899963378906,399.05999755859375,2026-08-13 00:00:00,0.0,-6.529998779296875,0.0,-0.0160999996012151,False,2026-08-13,False,False,6.53,42.6409,6.53,0.0164,,1.0,6.529998779296875
V,_NaiveModel,359.4200134277344,365.4500122070313,2026-08-13 00:00:00,0.0,6.029998779296932,0.0,0.0167770256358007,False,2026-08-13,False,False,6.03,36.3609,6.03,0.0165,,1.0,-6.029998779296932
WMT,_NaiveModel,116.01000213623048,115.72000122070312,2026-08-13 00:00:00,0.0,-0.2900009155273579,0.0,-0.0024997923471013,False,2026-08-13,False,False,0.29,0.0841,0.29,0.0025,,1.0,0.29000091552735796
XOM,_NaiveModel,159.75,158.61000061035156,2026-08-13 00:00:00,0.0,-1.1399993896484375,0.0,-0.0071361464140747,False,2026-08-13,False,False,1.14,1.2996,1.14,0.0072,,1.0,1.1399993896484375
AAPL,_NaiveModel,313.3299865722656,308.260009765625,2026-08-10 00:00:00,0.0,-5.069976806640625,0.0,-0.0161809498736607,False,2026-08-10,False,False,5.07,25.7047,5.07,0.0164,,1.0,5.069976806640625
AMD,_NaiveModel,483.3599853515625,469.55999755859375,2026-08-10 00:00:00,0.0,-13.79998779296875,0.0,-0.0285501245679896,False,2026-08-10,False,False,13.8,190.4397,13.8,0.0294,,1.0,13.79998779296875
AMZN,_NaiveModel,274.4800109863281,278.0899963378906,2026-08-10 00:00:00,0.0,3.6099853515625,0.0,0.0131520883382007,False,2026-08-10,False,False,3.61,13.032,3.61,0.013,,1.0,-3.6099853515625
ASML,_NaiveModel,1740.989990234375,1733.47998046875,2026-08-10 00:00:00,0.0,-7.510009765625,0.0,-0.0043136432763832,False,2026-08-10,False,False,7.51,56.4002,7.51,0.0043,,1.0,7.510009765625
AVGO,_NaiveModel,427.760009765625,422.3999938964844,2026-08-10 00:00:00,0.0,-5.360015869140625,0.0,-0.0125304276855553,False,2026-08-10,False,False,5.36,28.7298,5.36,0.0127,,1.0,5.360015869140625
BRK-B,_NaiveModel,521.7999877929688,529.4199829101562,2026-08-10 00:00:00,0.0,7.6199951171875,0.0,0.0146032872660986,False,2026-08-10,False,False,7.62,58.0643,7.62,0.0144,,1.0,-7.6199951171875
CAT,_NaiveModel,842.1900024414062,837.5800170898438,2026-08-10 00:00:00,0.0,-4.6099853515625,0.0,-0.005473806787303,False,2026-08-10,False,False,4.61,21.252,4.61,0.0055,,1.0,4.6099853515625
COST,_NaiveModel,947.8200073242188,952.75,2026-08-10 00:00:00,0.0,4.92999267578125,0.0,0.0052014017827066,False,2026-08-10,False,False,4.93,24.3048,4.93,0.0052,,1.0,-4.92999267578125
CRM,_NaiveModel,192.7400054931641,197.509994506836,2026-08-10 00:00:00,0.0,4.769989013671875,0.0,0.0247483079678601,False,2026-08-10,False,False,4.77,22.7528,4.77,0.0242,,1.0,-4.769989013671903
GOOGL,_NaiveModel,354.29998779296875,357.5199890136719,2026-08-10 00:00:00,0.0,3.220001220703125,0.0,0.0090883469704907,False,2026-08-10,False,False,3.22,10.3684,3.22,0.009,,1.0,-3.220001220703125
JNJ,_NaiveModel,259.239990234375,261.8099975585937,2026-08-10 00:00:00,0.0,2.570007324218693,0.0,0.0099136222073422,False,2026-08-10,False,False,2.57,6.6049,2.57,0.0098,,1.0,-2.570007324218693
JPM,_NaiveModel,357.5199890136719,359.7900085449219,2026-08-10 00:00:00,0.0,2.27001953125,0.0,0.0063493499692493,False,2026-08-10,False,False,2.27,5.153,2.27,0.0063,,1.0,-2.27001953125
LLY,_NaiveModel,1185.7099609375,1231.93994140625,2026-08-10 00:00:00,0.0,46.22998046875,0.0,0.0389892823639581,False,2026-08-10,False,False,46.23,2137.2111,46.23,0.0375,,1.0,-46.22998046875
LMT,_NaiveModel,587.9500122070312,603.1599731445312,2026-08-10 00:00:00,0.0,15.2099609375,0.0,0.0258694797545887,False,2026-08-10,False,False,15.21,231.3429,15.21,0.0252,,1.0,-15.2099609375
MA,_NaiveModel,562.9500122070312,563.1699829101562,2026-08-10 00:00:00,0.0,0.219970703125,0.0,0.0003907464221603,False,2026-08-10,False,False,0.22,0.0484,0.22,0.0004,,1.0,-0.219970703125
MCD,_NaiveModel,274.4800109863281,273.7200012207031,2026-08-10 00:00:00,0.0,-0.760009765625,0.0,-0.0027689075167767,False,2026-08-10,False,False,0.76,0.5776,0.76,0.0028,,1.0,0.760009765625
META,_NaiveModel,592.0999755859375,594.9199829101562,2026-08-10 00:00:00,0.0,2.82000732421875,0.0,0.0047627215681407,False,2026-08-10,False,False,2.82,7.9524,2.82,0.0047,,1.0,-2.82000732421875
MRK,_NaiveModel,128.5800018310547,130.9199981689453,2026-08-10 00:00:00,0.0,2.339996337890625,0.0,0.0181987580072149,False,2026-08-10,False,False,2.34,5.4756,2.34,0.0179,,1.0,-2.339996337890625
MSFT,_NaiveModel,499.989990234375,506.05999755859375,2026-08-10 00:00:00,0.0,6.07000732421875,0.0,0.0121402576907057,False,2026-08-10,False,False,6.07,36.845,6.07,0.012,,1.0,-6.07000732421875
NEE,_NaiveModel,84.6500015258789,84.69999694824219,2026-08-10 00:00:00,0.0,0.0499954223632812,0.0,0.0005906133663564,False,2026-08-10,False,False,0.05,0.0025,0.05,0.0006,,1.0,-0.04999542236328125
NVDA,_NaiveModel,223.9600067138672,217.5500030517578,2026-08-10 00:00:00,0.0,-6.410003662109375,0.0,-0.0286211978476087,False,2026-08-10,False,False,6.41,41.0881,6.41,0.0295,,1.0,6.410003662109375
ORCL,_NaiveModel,147.02000427246094,151.0500030517578,2026-08-10 00:00:00,0.0,4.029998779296875,0.0,0.0274112274668989,False,2026-08-10,False,False,4.03,16.2409,4.03,0.0267,,1.0,-4.029998779296875
PG,_NaiveModel,145.7899932861328,146.44000244140625,2026-08-10 00:00:00,0.0,0.6500091552734375,0.0,0.0044585306619618,False,2026-08-10,False,False,0.65,0.4225,0.65,0.0044,,1.0,-0.6500091552734375
PLTR,_NaiveModel,172.00999450683594,175.22999572753906,2026-08-10 00:00:00,0.0,3.220001220703125,0.0,0.0187198495641784,False,2026-08-10,False,False,3.22,10.3684,3.22,0.0184,,1.0,-3.220001220703125
TSLA,_NaiveModel,328.5799865722656,330.8800048828125,2026-08-10 00:00:00,0.0,2.300018310546875,0.0,0.006999873408422,False,2026-08-10,False,False,2.3,5.2901,2.3,0.007,,1.0,-2.300018310546875
TSM,_NaiveModel,420.0400085449219,418.4700012207031,2026-08-10 00:00:00,0.0,-1.57000732421875,0.0,-0.0037377566238451,False,2026-08-10,False,False,1.57,2.4649,1.57,0.0038,,1.0,1.57000732421875
UNH,_NaiveModel,407.0799865722656,408.739990234375,2026-08-10 00:00:00,0.0,1.660003662109375,0.0,0.0040778316715766,False,2026-08-10,False,False,1.66,2.7556,1.66,0.0041,,1.0,-1.660003662109375
V,_NaiveModel,362.5,361.3200073242188,2026-08-10 00:00:00,0.0,-1.1799926757811932,0.0,-0.0032551522090515,False,2026-08-10,False,False,1.18,1.3924,1.18,0.0033,,1.0,1.1799926757811932
WMT,_NaiveModel,111.8499984741211,112.66000366210938,2026-08-10 00:00:00,0.0,0.8100051879882812,0.0,0.0072418882345867,False,2026-08-10,False,False,0.81,0.6561,0.81,0.0072,,1.0,-0.8100051879882812
XOM,_NaiveModel,153.0399932861328,159.7899932861328,2026-08-10 00:00:00,0.0,6.75,0.0,0.044106117983028,False,2026-08-10,False,False,6.75,45.5625,6.75,0.0422,,1.0,-6.75
AAPL,_NaiveModel,312.4100036621094,313.3299865722656,2026-08-07 00:00:00,0.0,0.91998291015625,0.0,0.0029447933784837,False,2026-08-07,False,False,0.92,0.8464,0.92,0.0029,,1.0,-0.91998291015625
AMD,_NaiveModel,489.2799987792969,483.3599853515625,2026-08-07 00:00:00,0.0,-5.920013427734375,0.0,-0.0120994388540389,False,2026-08-07,False,False,5.92,35.0466,5.92,0.0122,,1.0,5.920013427734375
AMZN,_NaiveModel,272.260009765625,274.4800109863281,2026-08-07 00:00:00,0.0,2.220001220703125,0.0,0.0081539746605247,False,2026-08-07,False,False,2.22,4.9284,2.22,0.0081,,1.0,-2.220001220703125
ASML,_NaiveModel,1704.3699951171875,1740.989990234375,2026-08-07 00:00:00,0.0,36.6199951171875,0.0,0.0214859421499435,False,2026-08-07,False,False,36.62,1341.024,36.62,0.021,,1.0,-36.6199951171875
AVGO,_NaiveModel,420.5700073242188,427.760009765625,2026-08-07 00:00:00,0.0,7.190002441406193,0.0,0.0170958516208774,False,2026-08-07,False,False,7.19,51.6961,7.19,0.0168,,1.0,-7.190002441406193
BRK-B,_NaiveModel,524.6099853515625,521.7999877929688,2026-08-07 00:00:00,0.0,-2.80999755859375,0.0,-0.0053563554584472,False,2026-08-07,False,False,2.81,7.8961,2.81,0.0054,,1.0,2.80999755859375
CAT,_NaiveModel,856.9600219726562,842.1900024414062,2026-08-07 00:00:00,0.0,-14.77001953125,0.0,-0.0172353658893568,False,2026-08-07,False,False,14.77,218.1535,14.77,0.0175,,1.0,14.77001953125
COST,_NaiveModel,949.1500244140624,947.8200073242188,2026-08-07 00:00:00,0.0,-1.3300170898436363,0.0,-0.0014012717227339,False,2026-08-07,False,False,1.33,1.7689,1.33,0.0014,,1.0,1.3300170898436363
CRM,_NaiveModel,186.7700042724609,192.7400054931641,2026-08-07 00:00:00,0.0,5.970001220703182,0.0,0.0319644540565203,False,2026-08-07,False,False,5.97,35.6409,5.97,0.031,,1.0,-5.970001220703182
GOOGL,_NaiveModel,357.75,354.29998779296875,2026-08-07 00:00:00,0.0,-3.45001220703125,0.0,-0.0096436399917016,False,2026-08-07,False,False,3.45,11.9026,3.45,0.0097,,1.0,3.45001220703125
JNJ,_NaiveModel,256.9800109863281,259.239990234375,2026-08-07 00:00:00,0.0,2.259979248046875,0.0,0.0087943775835822,False,2026-08-07,False,False,2.26,5.1075,2.26,0.0087,,1.0,-2.259979248046875
JPM,_NaiveModel,356.29998779296875,357.5199890136719,2026-08-07 00:00:00,0.0,1.220001220703125,0.0,0.0034240843741258,False,2026-08-07,False,False,1.22,1.4884,1.22,0.0034,,1.0,-1.220001220703125
LLY,_NaiveModel,1191.93994140625,1185.7099609375,2026-08-07 00:00:00,0.0,-6.22998046875,0.0,-0.0052267570305596,False,2026-08-07,False,False,6.23,38.8127,6.23,0.0053,,1.0,6.22998046875
LMT,_NaiveModel,582.8499755859375,587.9500122070312,2026-08-07 00:00:00,0.0,5.10003662109375,0.0,0.0087501704293059,False,2026-08-07,False,False,5.1,26.0104,5.1,0.0087,,1.0,-5.10003662109375
MA,_NaiveModel,575.9500122070312,562.9500122070312,2026-08-07 00:00:00,0.0,-13.0,0.0,-0.0225714032892962,False,2026-08-07,False,False,13.0,169.0,13.0,0.0231,,1.0,13.0
MCD,_NaiveModel,276.260009765625,274.4800109863281,2026-08-07 00:00:00,0.0,-1.779998779296875,0.0,-0.0064432010293744,False,2026-08-07,False,False,1.78,3.1684,1.78,0.0065,,1.0,1.779998779296875
META,_NaiveModel,589.9000244140625,592.0999755859375,2026-08-07 00:00:00,0.0,2.199951171875,0.0,0.0037293627408477,False,2026-08-07,False,False,2.2,4.8398,2.2,0.0037,,1.0,-2.199951171875
MRK,_NaiveModel,128.3699951171875,128.5800018310547,2026-08-07 00:00:00,0.0,0.2100067138671875,0.0,0.0016359486005703,False,2026-08-07,False,False,0.21,0.0441,0.21,0.0016,,1.0,-0.2100067138671875
MSFT,_NaiveModel,499.8599853515625,499.989990234375,2026-08-07 00:00:00,0.0,0.1300048828125,0.0,0.0002600825963715,False,2026-08-07,False,False,0.13,0.0169,0.13,0.0003,,1.0,-0.1300048828125
NEE,_NaiveModel,84.5999984741211,84.6500015258789,2026-08-07 00:00:00,0.0,0.0500030517578125,0.0,0.0005910526319111,False,2026-08-07,False,False,0.05,0.0025,0.05,0.0006,,1.0,-0.0500030517578125
NVDA,_NaiveModel,218.9900054931641,223.9600067138672,2026-08-07 00:00:00,0.0,4.970001220703097,0.0,0.0226951052378426,False,2026-08-07,False,False,4.97,24.7009,4.97,0.0222,,1.0,-4.970001220703097
ORCL,_NaiveModel,143.47000122070312,147.02000427246094,2026-08-07 00:00:00,0.0,3.5500030517578125,0.0,0.0247438699487899,False,2026-08-07,False,False,3.55,12.6025,3.55,0.0241,,1.0,-3.5500030517578125
PG,_NaiveModel,146.97000122070312,145.7899932861328,2026-08-07 00:00:00,0.0,-1.1800079345703125,0.0,-0.0080289033460529,False,2026-08-07,False,False,1.18,1.3924,1.18,0.0081,,1.0,1.1800079345703125
PLTR,_NaiveModel,155.9199981689453,172.00999450683594,2026-08-07 00:00:00,0.0,16.089996337890625,0.0,0.1031939233378934,False,2026-08-07,False,False,16.09,258.888,16.09,0.0935,,1.0,-16.089996337890625
TSLA,_NaiveModel,319.5299987792969,328.5799865722656,2026-08-07 00:00:00,0.0,9.04998779296875,0.0,0.0283228110898585,False,2026-08-07,False,False,9.05,81.9023,9.05,0.0275,,1.0,-9.04998779296875
TSM,_NaiveModel,418.2000122070313,420.0400085449219,2026-08-07 00:00:00,0.0,1.839996337890568,0.0,0.0043997998187041,False,2026-08-07,False,False,1.84,3.3856,1.84,0.0044,,1.0,-1.8399963378905682
UNH,_NaiveModel,403.9700012207031,407.0799865722656,2026-08-07 00:00:00,0.0,3.1099853515625,0.0,0.0076985551951007,False,2026-08-07,False,False,3.11,9.672,3.11,0.0076,,1.0,-3.1099853515625
V,_NaiveModel,370.4700012207031,362.5,2026-08-07 00:00:00,0.0,-7.970001220703125,0.0,-0.0215132161698433,False,2026-08-07,False,False,7.97,63.5209,7.97,0.022,,1.0,7.970001220703125
WMT,_NaiveModel,112.06999969482422,111.8499984741211,2026-08-07 00:00:00,0.0,-0.220001220703125,0.0,-0.001963069700207,False,2026-08-07,False,False,0.22,0.0484,0.22,0.002,,1.0,0.220001220703125
XOM,_NaiveModel,154.83999633789062,153.0399932861328,2026-08-07 00:00:00,0.0,-1.8000030517578125,0.0,-0.0116249231098524,False,2026-08-07,False,False,1.8,3.24,1.8,0.0118,,1.0,1.8000030517578125
AAPL,_NaiveModel,311.0,312.4100036621094,2026-08-06 00:00:00,0.0,1.410003662109375,0.0,0.0045337738331491,False,2026-08-06,False,False,1.41,1.9881,1.41,0.0045,,1.0,-1.410003662109375
AMD,_NaiveModel,482.0499877929688,489.2799987792969,2026-08-06 00:00:00,0.0,7.230010986328068,0.0,0.0149984673154544,False,2026-08-06,False,False,7.23,52.2731,7.23,0.0148,,1.0,-7.230010986328068
AMZN,_NaiveModel,272.6499938964844,272.260009765625,2026-08-06 00:00:00,0.0,-0.389984130859375,0.0,-0.0014303471101761,False,2026-08-06,False,False,0.39,0.1521,0.39,0.0014,,1.0,0.389984130859375
ASML,_NaiveModel,1678.219970703125,1704.3699951171875,2026-08-06 00:00:00,0.0,26.1500244140625,0.0,0.0155820004949091,False,2026-08-06,False,False,26.15,683.8238,26.15,0.0153,,1.0,-26.1500244140625
AVGO,_NaiveModel,418.2799987792969,420.5700073242188,2026-08-06 00:00:00,0.0,2.290008544921932,0.0,0.0054748220130177,False,2026-08-06,False,False,2.29,5.2441,2.29,0.0054,,1.0,-2.290008544921932
BRK-B,_NaiveModel,518.8499755859375,524.6099853515625,2026-08-06 00:00:00,0.0,5.760009765625,0.0,0.0111014937586153,False,2026-08-06,False,False,5.76,33.1777,5.76,0.011,,1.0,-5.760009765625
CAT,_NaiveModel,871.0800170898438,856.9600219726562,2026-08-06 00:00:00,0.0,-14.1199951171875,0.0,-0.0162097566700708,False,2026-08-06,False,False,14.12,199.3743,14.12,0.0165,,1.0,14.1199951171875
COST,_NaiveModel,941.989990234375,949.1500244140624,2026-08-06 00:00:00,0.0,7.160034179687386,0.0,0.0076009663095314,False,2026-08-06,False,False,7.16,51.2661,7.16,0.0075,,1.0,-7.160034179687386
CRM,_NaiveModel,192.97999572753903,186.7700042724609,2026-08-06 00:00:00,0.0,-6.209991455078125,0.0,-0.0321794569000082,False,2026-08-06,False,False,6.21,38.564,6.21,0.0332,,1.0,6.209991455078125
GOOGL,_NaiveModel,362.4299926757813,357.75,2026-08-06 00:00:00,0.0,-4.679992675781307,0.0,-0.0129128183935038,False,2026-08-06,False,False,4.68,21.9023,4.68,0.0131,,1.0,4.679992675781307
JNJ,_NaiveModel,257.5899963378906,256.9800109863281,2026-08-06 00:00:00,0.0,-0.6099853515625,0.0,-0.0023680475182831,False,2026-08-06,False,False,0.61,0.3721,0.61,0.0024,,1.0,0.6099853515625
JPM,_NaiveModel,359.239990234375,356.29998779296875,2026-08-06 00:00:00,0.0,-2.94000244140625,0.0,-0.0081839509000324,False,2026-08-06,False,False,2.94,8.6436,2.94,0.0083,,1.0,2.94000244140625
LLY,_NaiveModel,1169.8599853515625,1191.93994140625,2026-08-06 00:00:00,0.0,22.0799560546875,0.0,0.0188740159772642,False,2026-08-06,False,False,22.08,487.5245,22.08,0.0185,,1.0,-22.0799560546875
LMT,_NaiveModel,577.5999755859375,582.8499755859375,2026-08-06 00:00:00,0.0,5.25,0.0,0.0090893355642444,False,2026-08-06,False,False,5.25,27.5625,5.25,0.009,,1.0,-5.25
MA,_NaiveModel,570.47998046875,575.9500122070312,2026-08-06 00:00:00,0.0,5.47003173828125,0.0,0.0095884727344623,False,2026-08-06,False,False,5.47,29.9212,5.47,0.0095,,1.0,-5.47003173828125
MCD,_NaiveModel,274.0,276.260009765625,2026-08-06 00:00:00,0.0,2.260009765625,0.0,0.0082482108234489,False,2026-08-06,False,False,2.26,5.1076,2.26,0.0082,,1.0,-2.260009765625
META,_NaiveModel,588.77001953125,589.9000244140625,2026-08-06 00:00:00,0.0,1.1300048828125,0.0,0.0019192636264192,False,2026-08-06,False,False,1.13,1.2769,1.13,0.0019,,1.0,-1.1300048828125
MRK,_NaiveModel,128.3300018310547,128.3699951171875,2026-08-06 00:00:00,0.0,0.0399932861328125,0.0,0.0003116440860451,False,2026-08-06,False,False,0.04,0.0016,0.04,0.0003,,1.0,-0.0399932861328125
MSFT,_NaiveModel,487.4599914550781,499.8599853515625,2026-08-06 00:00:00,0.0,12.399993896484377,0.0,0.0254379725800062,False,2026-08-06,False,False,12.4,153.7598,12.4,0.0248,,1.0,-12.399993896484375
NEE,_NaiveModel,85.91000366210938,84.5999984741211,2026-08-06 00:00:00,0.0,-1.3100051879882812,0.0,-0.015248575627358,False,2026-08-06,False,False,1.31,1.7161,1.31,0.0155,,1.0,1.3100051879882812
NVDA,_NaiveModel,219.22000122070312,218.9900054931641,2026-08-06 00:00:00,0.0,-0.229995727539034,0.0,-0.0010491548501885,False,2026-08-06,False,False,0.23,0.0529,0.23,0.0011,,1.0,0.22999572753903408
ORCL,_NaiveModel,144.38999938964844,143.47000122070312,2026-08-06 00:00:00,0.0,-0.9199981689453124,0.0,-0.0063716197301353,False,2026-08-06,False,False,0.92,0.8464,0.92,0.0064,,1.0,0.9199981689453125
PG,_NaiveModel,146.8000030517578,146.97000122070312,2026-08-06 00:00:00,0.0,0.1699981689453125,0.0,0.0011580256499407,False,2026-08-06,False,False,0.17,0.0289,0.17,0.0012,,1.0,-0.1699981689453125
PLTR,_NaiveModel,158.42999267578125,155.9199981689453,2026-08-06 00:00:00,0.0,-2.509994506835937,0.0,-0.0158429250954553,False,2026-08-06,False,False,2.51,6.3001,2.51,0.0161,,1.0,2.5099945068359375
TSLA,_NaiveModel,321.54998779296875,319.5299987792969,2026-08-06 00:00:00,0.0,-2.019989013671875,0.0,-0.0062820372892455,False,2026-08-06,False,False,2.02,4.0804,2.02,0.0063,,1.0,2.019989013671875
TSM,_NaiveModel,414.0,418.2000122070313,2026-08-06 00:00:00,0.0,4.200012207031307,0.0,0.0101449570218147,False,2026-08-06,False,False,4.2,17.6401,4.2,0.01,,1.0,-4.200012207031307
UNH,_NaiveModel,412.75,403.9700012207031,2026-08-06 00:00:00,0.0,-8.779998779296875,0.0,-0.0212719534325787,False,2026-08-06,False,False,8.78,77.0884,8.78,0.0217,,1.0,8.779998779296875
V,_NaiveModel,368.5400085449219,370.4700012207031,2026-08-06 00:00:00,0.0,1.92999267578125,0.0,0.0052368606692155,False,2026-08-06,False,False,1.93,3.7249,1.93,0.0052,,1.0,-1.92999267578125
WMT,_NaiveModel,112.33999633789062,112.06999969482422,2026-08-06 00:00:00,0.0,-0.2699966430664062,0.0,-0.0024033883912041,False,2026-08-06,False,False,0.27,0.0729,0.27,0.0024,,1.0,0.26999664306640625
XOM,_NaiveModel,151.6300048828125,154.83999633789062,2026-08-06 00:00:00,0.0,3.209991455078125,0.0,0.0211698961400085,False,2026-08-06,False,False,3.21,10.304,3.21,0.0207,,1.0,-3.209991455078125
AAPL,_NaiveModel,309.3800048828125,311.0,2026-08-05 00:00:00,0.0,1.6199951171875,0.0,0.0052362631444172,False,2026-08-05,False,False,1.62,2.6244,1.62,0.0052,,1.0,-1.6199951171875
AMD,_NaiveModel,518.5800170898438,482.0499877929688,2026-08-05 00:00:00,0.0,-36.53002929687494,0.0,-0.0704424160072217,False,2026-08-05,False,False,36.53,1334.443,36.53,0.0758,,1.0,36.53002929687494
AMZN,_NaiveModel,277.4200134277344,272.6499938964844,2026-08-05 00:00:00,0.0,-4.77001953125,0.0,-0.0171942156310671,False,2026-08-05,False,False,4.77,22.7531,4.77,0.0175,,1.0,4.77001953125
ASML,_NaiveModel,1711.8900146484375,1678.219970703125,2026-08-05 00:00:00,0.0,-33.6700439453125,0.0,-0.0196683453126088,False,2026-08-05,False,False,33.67,1133.6719,33.67,0.0201,,1.0,33.6700439453125
AVGO,_NaiveModel,418.1600036621094,418.2799987792969,2026-08-05 00:00:00,0.0,0.1199951171875,0.0,0.0002869598147518,False,2026-08-05,False,False,0.12,0.0144,0.12,0.0003,,1.0,-0.1199951171875
BRK-B,_NaiveModel,517.219970703125,518.8499755859375,2026-08-05 00:00:00,0.0,1.6300048828125,0.0,0.0031514732128317,False,2026-08-05,False,False,1.63,2.6569,1.63,0.0031,,1.0,-1.6300048828125
CAT,_NaiveModel,876.5399780273438,871.0800170898438,2026-08-05 00:00:00,0.0,-5.4599609375,0.0,-0.0062289924867861,False,2026-08-05,False,False,5.46,29.8112,5.46,0.0063,,1.0,5.4599609375
COST,_NaiveModel,947.8499755859376,941.989990234375,2026-08-05 00:00:00,0.0,-5.859985351562614,0.0,-0.0061823975338925,False,2026-08-05,False,False,5.86,34.3394,5.86,0.0062,,1.0,5.859985351562614
CRM,_NaiveModel,190.9900054931641,192.97999572753903,2026-08-05 00:00:00,0.0,1.9899902343749432,0.0,0.010419342254253,False,2026-08-05,False,False,1.99,3.9601,1.99,0.0103,,1.0,-1.9899902343749432
GOOGL,_NaiveModel,377.6499938964844,362.4299926757813,2026-08-05 00:00:00,0.0,-15.220001220703068,0.0,-0.040301870691609,False,2026-08-05,False,False,15.22,231.6484,15.22,0.042,,1.0,15.220001220703068
JNJ,_NaiveModel,254.92999267578125,257.5899963378906,2026-08-05 00:00:00,0.0,2.660003662109375,0.0,0.0104342515142671,False,2026-08-05,False,False,2.66,7.0756,2.66,0.0103,,1.0,-2.660003662109375
JPM,_NaiveModel,357.5199890136719,359.239990234375,2026-08-05 00:00:00,0.0,1.720001220703125,0.0,0.004810923231029,False,2026-08-05,False,False,1.72,2.9584,1.72,0.0048,,1.0,-1.720001220703125
LLY,_NaiveModel,1115.6800537109375,1169.8599853515625,2026-08-05 00:00:00,0.0,54.179931640625,0.0,0.0485622481646181,False,2026-08-05,False,False,54.1799,2935.465,54.1799,0.0463,,1.0,-54.179931640625
LMT,_NaiveModel,589.3300170898438,577.5999755859375,2026-08-05 00:00:00,0.0,-11.73004150390625,0.0,-0.0199040285811845,False,2026-08-05,False,False,11.73,137.5939,11.73,0.0203,,1.0,11.73004150390625
MA,_NaiveModel,571.0999755859375,570.47998046875,2026-08-05 00:00:00,0.0,-0.6199951171875,0.0,-0.0010856157305056,False,2026-08-05,False,False,0.62,0.3844,0.62,0.0011,,1.0,0.6199951171875
MCD,_NaiveModel,268.3399963378906,274.0,2026-08-05 00:00:00,0.0,5.660003662109375,0.0,0.0210926575961578,False,2026-08-05,False,False,5.66,32.0356,5.66,0.0207,,1.0,-5.660003662109375
META,_NaiveModel,587.9400024414062,588.77001953125,2026-08-05 00:00:00,0.0,0.83001708984375,0.0,0.0014117377392202,False,2026-08-05,False,False,0.83,0.6889,0.83,0.0014,,1.0,-0.83001708984375
MRK,_NaiveModel,128.0,128.3300018310547,2026-08-05 00:00:00,0.0,0.3300018310546875,0.0,0.0025781393051147,False,2026-08-05,False,False,0.33,0.1089,0.33,0.0026,,1.0,-0.3300018310546875
MSFT,_NaiveModel,492.80999755859375,487.4599914550781,2026-08-05 00:00:00,0.0,-5.350006103515625,0.0,-0.0108561233132846,False,2026-08-05,False,False,5.35,28.6226,5.35,0.011,,1.0,5.350006103515625
NEE,_NaiveModel,87.19999694824219,85.91000366210938,2026-08-05 00:00:00,0.0,-1.2899932861328125,0.0,-0.014793501505493,False,2026-08-05,False,False,1.29,1.6641,1.29,0.015,,1.0,1.2899932861328125
NVDA,_NaiveModel,211.94000244140625,219.22000122070312,2026-08-05 00:00:00,0.0,7.279998779296875,0.0,0.0343493379986608,False,2026-08-05,False,False,7.28,52.9984,7.28,0.0332,,1.0,-7.279998779296875
ORCL,_NaiveModel,145.74000549316406,144.38999938964844,2026-08-05 00:00:00,0.0,-1.350006103515625,0.0,-0.0092631127530659,False,2026-08-05,False,False,1.35,1.8225,1.35,0.0093,,1.0,1.350006103515625
PG,_NaiveModel,148.00999450683594,146.8000030517578,2026-08-05 00:00:00,0.0,-1.209991455078125,0.0,-0.0081750658738267,False,2026-08-05,False,False,1.21,1.4641,1.21,0.0082,,1.0,1.209991455078125
PLTR,_NaiveModel,162.66000366210938,158.42999267578125,2026-08-05 00:00:00,0.0,-4.230010986328125,0.0,-0.0260052311022631,False,2026-08-05,False,False,4.23,17.893,4.23,0.0267,,1.0,4.230010986328125
TSLA,_NaiveModel,327.3500061035156,321.54998779296875,2026-08-05 00:00:00,0.0,-5.800018310546875,0.0,-0.0177180944017235,False,2026-08-05,False,False,5.8,33.6402,5.8,0.018,,1.0,5.800018310546875
TSM,_NaiveModel,417.1700134277344,414.0,2026-08-05 00:00:00,0.0,-3.170013427734375,0.0,-0.0075988525677757,False,2026-08-05,False,False,3.17,10.049,3.17,0.0077,,1.0,3.170013427734375
UNH,_NaiveModel,407.5499877929688,412.75,2026-08-05 00:00:00,0.0,5.200012207031193,0.0,0.0127592009883036,False,2026-08-05,False,False,5.2,27.0401,5.2,0.0126,,1.0,-5.200012207031193
V,_NaiveModel,369.5899963378906,368.5400085449219,2026-08-05 00:00:00,0.0,-1.04998779296875,0.0,-0.0028409529569864,False,2026-08-05,False,False,1.05,1.1025,1.05,0.0028,,1.0,1.04998779296875
WMT,_NaiveModel,111.5500030517578,112.33999633789062,2026-08-05 00:00:00,0.0,0.7899932861328267,0.0,0.0070819656164982,False,2026-08-05,False,False,0.79,0.6241,0.79,0.007,,1.0,-0.7899932861328267
XOM,_NaiveModel,153.9600067138672,151.6300048828125,2026-08-05 00:00:00,0.0,-2.3300018310546875,0.0,-0.0151338122203707,False,2026-08-05,False,False,2.33,5.4289,2.33,0.0154,,1.0,2.3300018310546875
AAPL,_NaiveModel,333.42999267578125,308.9100036621094,2026-07-31 00:00:00,0.0,-24.519989013671875,0.0,-0.0735386424505442,False,2026-07-31,False,False,24.52,601.2299,24.52,0.0794,,1.0,24.519989013671875
AMD,_NaiveModel,485.3900146484375,476.1499938964844,2026-07-31 00:00:00,0.0,-9.240020751953123,0.0,-0.019036281079341,False,2026-07-31,False,False,9.24,85.378,9.24,0.0194,,1.0,9.240020751953125
AMZN,_NaiveModel,235.5,271.5799865722656,2026-07-31 00:00:00,0.0,36.079986572265625,0.0,0.1532058877803211,False,2026-07-31,False,False,36.08,1301.7654,36.08,0.1329,,1.0,-36.079986572265625
ASML,_NaiveModel,1651.43994140625,1629.0,2026-07-31 00:00:00,0.0,-22.43994140625,0.0,-0.0135881062602505,False,2026-07-31,False,False,22.4399,503.551,22.4399,0.0138,,1.0,22.43994140625
AVGO,_NaiveModel,387.8399963378906,389.2799987792969,2026-07-31 00:00:00,0.0,1.44000244140625,0.0,0.0037128776170668,False,2026-07-31,False,False,1.44,2.0736,1.44,0.0037,,1.0,-1.44000244140625
BRK-B,_NaiveModel,509.6799926757813,511.5400085449219,2026-07-31 00:00:00,0.0,1.860015869140568,0.0,0.0036493797988334,False,2026-07-31,False,False,1.86,3.4597,1.86,0.0036,,1.0,-1.8600158691405682
CAT,_NaiveModel,809.1400146484375,814.8099975585938,2026-07-31 00:00:00,0.0,5.66998291015625,0.0,0.007007418750165,False,2026-07-31,False,False,5.67,32.1487,5.67,0.007,,1.0,-5.66998291015625
COST,_NaiveModel,954.1699829101562,951.8900146484376,2026-07-31 00:00:00,0.0,-2.2799682617186363,0.0,-0.002389478083103,False,2026-07-31,False,False,2.28,5.1983,2.28,0.0024,,1.0,2.2799682617186363
CRM,_NaiveModel,180.7100067138672,184.0200042724609,2026-07-31 00:00:00,0.0,3.3099975585937216,0.0,0.0183166257297234,False,2026-07-31,False,False,3.31,10.9561,3.31,0.018,,1.0,-3.3099975585937216
GOOGL,_NaiveModel,333.6600036621094,356.1300048828125,2026-07-31 00:00:00,0.0,22.470001220703125,0.0,0.0673440057965654,False,2026-07-31,False,False,22.47,504.901,22.47,0.0631,,1.0,-22.470001220703125
JNJ,_NaiveModel,255.82000732421875,256.3500061035156,2026-07-31 00:00:00,0.0,0.529998779296875,0.0,0.0020717643816856,False,2026-07-31,False,False,0.53,0.2809,0.53,0.0021,,1.0,-0.529998779296875
JPM,_NaiveModel,350.8500061035156,351.7900085449219,2026-07-31 00:00:00,0.0,0.94000244140625,0.0,0.0026792145505304,False,2026-07-31,False,False,0.94,0.8836,0.94,0.0027,,1.0,-0.94000244140625
LLY,_NaiveModel,1154.969970703125,1148.8399658203125,2026-07-31 00:00:00,0.0,-6.1300048828125,0.0,-0.0053075015267112,False,2026-07-31,False,False,6.13,37.577,6.13,0.0053,,1.0,6.1300048828125
LMT,_NaiveModel,574.1099853515625,582.739990234375,2026-07-31 00:00:00,0.0,8.6300048828125,0.0,0.0150319714044475,False,2026-07-31,False,False,8.63,74.477,8.63,0.0148,,1.0,-8.6300048828125
MA,_NaiveModel,577.3499755859375,573.0999755859375,2026-07-31 00:00:00,0.0,-4.25,0.0,-0.0073612196756166,False,2026-07-31,False,False,4.25,18.0625,4.25,0.0074,,1.0,4.25
MCD,_NaiveModel,268.44000244140625,270.6400146484375,2026-07-31 00:00:00,0.0,2.20001220703125,0.0,0.0081955453249239,False,2026-07-31,False,False,2.2,4.8401,2.2,0.0081,,1.0,-2.20001220703125
META,_NaiveModel,539.030029296875,556.7100219726562,2026-07-31 00:00:00,0.0,17.67999267578125,0.0,0.0327996432756139,False,2026-07-31,False,False,17.68,312.5821,17.68,0.0318,,1.0,-17.67999267578125
MRK,_NaiveModel,129.7899932861328,130.1999969482422,2026-07-31 00:00:00,0.0,0.410003662109375,0.0,0.0031589774506381,False,2026-07-31,False,False,0.41,0.1681,0.41,0.0031,,1.0,-0.410003662109375
MSFT,_NaiveModel,451.1000061035156,464.7200012207031,2026-07-31 00:00:00,0.0,13.6199951171875,0.0,0.0301928506603967,False,2026-07-31,False,False,13.62,185.5043,13.62,0.0293,,1.0,-13.6199951171875
NEE,_NaiveModel,87.93000030517578,86.91999816894531,2026-07-31 00:00:00,0.0,-1.0100021362304688,0.0,-0.0114864338988409,False,2026-07-31,False,False,1.01,1.0201,1.01,0.0116,,1.0,1.0100021362304688
NVDA,_NaiveModel,195.0399932861328,200.75,2026-07-31 00:00:00,0.0,5.710006713867188,0.0,0.0292760813700928,False,2026-07-31,False,False,5.71,32.6042,5.71,0.0284,,1.0,-5.7100067138671875
ORCL,_NaiveModel,127.55999755859376,129.8699951171875,2026-07-31 00:00:00,0.0,2.309997558593736,0.0,0.0181091063249092,False,2026-07-31,False,False,2.31,5.3361,2.31,0.0178,,1.0,-2.309997558593736
PG,_NaiveModel,143.9600067138672,144.49000549316406,2026-07-31 00:00:00,0.0,0.529998779296875,0.0,0.0036815695650132,False,2026-07-31,False,False,0.53,0.2809,0.53,0.0037,,1.0,-0.529998779296875
PLTR,_NaiveModel,122.26000213623048,123.05999755859376,2026-07-31 00:00:00,0.0,0.7999954223632812,0.0,0.0065433944739496,False,2026-07-31,False,False,0.8,0.64,0.8,0.0065,,1.0,-0.7999954223632812
TSLA,_NaiveModel,308.8500061035156,311.2099914550781,2026-07-31 00:00:00,0.0,2.3599853515625,0.0,0.00764120221766,False,2026-07-31,False,False,2.36,5.5695,2.36,0.0076,,1.0,-2.3599853515625
TSM,_NaiveModel,403.30999755859375,404.25,2026-07-31 00:00:00,0.0,0.94000244140625,0.0,0.0023307194145855,False,2026-07-31,False,False,0.94,0.8836,0.94,0.0023,,1.0,-0.94000244140625
UNH,_NaiveModel,421.4700012207031,414.3999938964844,2026-07-31 00:00:00,0.0,-7.07000732421875,0.0,-0.0167746394849974,False,2026-07-31,False,False,7.07,49.985,7.07,0.0171,,1.0,7.07000732421875
V,_NaiveModel,366.2699890136719,366.1300048828125,2026-07-31 00:00:00,0.0,-0.139984130859375,0.0,-0.0003821883721249,False,2026-07-31,False,False,0.14,0.0196,0.14,0.0004,,1.0,0.139984130859375
WMT,_NaiveModel,111.0999984741211,111.1999969482422,2026-07-31 00:00:00,0.0,0.0999984741211079,0.0,0.0009000762870793,False,2026-07-31,False,False,0.1,0.01,0.1,0.0009,,1.0,-0.09999847412110796
XOM,_NaiveModel,156.97000122070312,155.44000244140625,2026-07-31 00:00:00,0.0,-1.529998779296875,0.0,-0.0097470775778721,False,2026-07-31,False,False,1.53,2.3409,1.53,0.0098,,1.0,1.529998779296875
AAPL,_NaiveModel,338.19000244140625,333.42999267578125,2026-07-30 00:00:00,0.0,-4.760009765625,0.0,-0.0140749570692874,False,2026-07-30,False,False,4.76,22.6577,4.76,0.0143,,1.0,4.760009765625
AMD,_NaiveModel,429.55999755859375,485.3900146484375,2026-07-30 00:00:00,0.0,55.83001708984375,0.0,0.1299702425904504,False,2026-07-30,False,False,55.83,3116.9908,55.83,0.115,,1.0,-55.83001708984375
AMZN,_NaiveModel,226.6499938964844,235.5,2026-07-30 00:00:00,0.0,8.850006103515597,0.0,0.0390470167299345,False,2026-07-30,False,False,8.85,78.3226,8.85,0.0376,,1.0,-8.850006103515597
ASML,_NaiveModel,1550.68994140625,1651.43994140625,2026-07-30 00:00:00,0.0,100.75,0.0,0.0649710798463259,False,2026-07-30,False,False,100.75,10150.5625,100.75,0.061,,1.0,-100.75
AVGO,_NaiveModel,370.3200073242188,387.8399963378906,2026-07-30 00:00:00,0.0,17.519989013671818,0.0,0.0473104036162239,False,2026-07-30,False,False,17.52,306.95,17.52,0.0452,,1.0,-17.519989013671818
BRK-B,_NaiveModel,509.1600036621094,509.6799926757813,2026-07-30 00:00:00,0.0,0.5199890136719318,0.0,0.0010212683830857,False,2026-07-30,False,False,0.52,0.2704,0.52,0.001,,1.0,-0.5199890136719318
CAT,_NaiveModel,782.7100219726562,809.1400146484375,2026-07-30 00:00:00,0.0,26.42999267578125,0.0,0.0337672853723911,False,2026-07-30,False,False,26.43,698.5445,26.43,0.0327,,1.0,-26.42999267578125
COST,_NaiveModel,974.030029296875,954.1699829101562,2026-07-30 00:00:00,0.0,-19.86004638671875,0.0,-0.0203895627335588,False,2026-07-30,False,False,19.86,394.4214,19.86,0.0208,,1.0,19.86004638671875
CRM,_NaiveModel,188.3800048828125,180.7100067138672,2026-07-30 00:00:00,0.0,-7.669998168945312,0.0,-0.0407155641264404,False,2026-07-30,False,False,7.67,58.8289,7.67,0.0424,,1.0,7.6699981689453125
GOOGL,_NaiveModel,336.7099914550781,333.6600036621094,2026-07-30 00:00:00,0.0,-3.04998779296875,0.0,-0.0090582040045451,False,2026-07-30,False,False,3.05,9.3024,3.05,0.0091,,1.0,3.04998779296875
JNJ,_NaiveModel,265.5299987792969,255.82000732421875,2026-07-30 00:00:00,0.0,-9.709991455078123,0.0,-0.0365683406760713,False,2026-07-30,False,False,9.71,94.2839,9.71,0.038,,1.0,9.709991455078125
JPM,_NaiveModel,344.7099914550781,350.8500061035156,2026-07-30 00:00:00,0.0,6.1400146484375,0.0,0.0178121168537049,False,2026-07-30,False,False,6.14,37.6998,6.14,0.0175,,1.0,-6.1400146484375
LLY,_NaiveModel,1210.02001953125,1154.969970703125,2026-07-30 00:00:00,0.0,-55.050048828125,0.0,-0.0454951554020162,False,2026-07-30,False,False,55.05,3030.5079,55.05,0.0477,,1.0,55.050048828125
LMT,_NaiveModel,569.2000122070312,574.1099853515625,2026-07-30 00:00:00,0.0,4.90997314453125,0.0,0.0086260945875478,False,2026-07-30,False,False,4.91,24.1078,4.91,0.0086,,1.0,-4.90997314453125
MA,_NaiveModel,563.3200073242188,577.3499755859375,2026-07-30 00:00:00,0.0,14.02996826171875,0.0,0.024905858267597,False,2026-07-30,False,False,14.03,196.84,14.03,0.0243,,1.0,-14.02996826171875
MCD,_NaiveModel,271.5199890136719,268.44000244140625,2026-07-30 00:00:00,0.0,-3.079986572265625,0.0,-0.0113434984416949,False,2026-07-30,False,False,3.08,9.4863,3.08,0.0115,,1.0,3.079986572265625
META,_NaiveModel,585.6099853515625,539.030029296875,2026-07-30 00:00:00,0.0,-46.5799560546875,0.0,-0.0795409183925098,False,2026-07-30,False,False,46.58,2169.6923,46.58,0.0864,,1.0,46.5799560546875
MRK,_NaiveModel,130.36000061035156,129.7899932861328,2026-07-30 00:00:00,0.0,-0.57000732421875,0.0,-0.0043725630680419,False,2026-07-30,False,False,0.57,0.3249,0.57,0.0044,,1.0,0.57000732421875
MSFT,_NaiveModel,390.5400085449219,451.1000061035156,2026-07-30 00:00:00,0.0,60.55999755859375,0.0,0.1550673330095649,False,2026-07-30,False,False,60.56,3667.5133,60.56,0.1342,,1.0,-60.55999755859375
NEE,_NaiveModel,88.45999908447266,87.93000030517578,2026-07-30 00:00:00,0.0,-0.529998779296875,0.0,-0.0059913948087515,False,2026-07-30,False,False,0.53,0.2809,0.53,0.006,,1.0,0.529998779296875
NVDA,_NaiveModel,190.009994506836,195.0399932861328,2026-07-30 00:00:00,2.8421709430404014e-14,5.029998779296847,1.495800760595332e-16,0.0264722852729511,True,2026-07-30,False,False,5.03,25.3009,5.03,0.0258,,1.0,-5.029998779296818
ORCL,_NaiveModel,117.73999786376952,127.55999755859376,2026-07-30 00:00:00,0.0,9.819999694824247,0.0,0.0834041096738122,False,2026-07-30,False,False,9.82,96.4324,9.82,0.077,,1.0,-9.819999694824247
PG,_NaiveModel,146.10000610351562,143.9600067138672,2026-07-30 00:00:00,0.0,-2.139999389648437,0.0,-0.0146474969216099,False,2026-07-30,False,False,2.14,4.5796,2.14,0.0149,,1.0,2.1399993896484375
PLTR,_NaiveModel,123.0,122.26000213623048,2026-07-30 00:00:00,0.0,-0.739997863769517,0.0,-0.0060162427948741,False,2026-07-30,False,False,0.74,0.5476,0.74,0.0061,,1.0,0.739997863769517
TSLA,_NaiveModel,298.32000732421875,308.8500061035156,2026-07-30 00:00:00,0.0,10.529998779296877,0.0,0.0352976619762975,False,2026-07-30,False,False,10.53,110.8809,10.53,0.0341,,1.0,-10.529998779296875
TSM,_NaiveModel,374.6700134277344,403.30999755859375,2026-07-30 00:00:00,0.0,28.63998413085937,0.0,0.0764405559677473,False,2026-07-30,False,False,28.64,820.2487,28.64,0.071,,1.0,-28.639984130859375
UNH,_NaiveModel,420.5700073242188,421.4700012207031,2026-07-30 00:00:00,0.0,0.8999938964843182,0.0,0.002139938371284,False,2026-07-30,False,False,0.9,0.81,0.9,0.0021,,1.0,-0.8999938964843182
V,_NaiveModel,368.7300109863281,366.2699890136719,2026-07-30 00:00:00,0.0,-2.46002197265625,0.0,-0.0066716076786802,False,2026-07-30,False,False,2.46,6.0517,2.46,0.0067,,1.0,2.46002197265625
WMT,_NaiveModel,114.22000122070312,111.0999984741211,2026-07-30 00:00:00,0.0,-3.1200027465820312,0.0,-0.0273157302857436,False,2026-07-30,False,False,3.12,9.7344,3.12,0.0281,,1.0,3.1200027465820312
XOM,_NaiveModel,156.75,156.97000122070312,2026-07-30 00:00:00,0.0,0.220001220703125,0.0,0.0014035165595095,False,2026-07-30,False,False,0.22,0.0484,0.22,0.0014,,1.0,-0.220001220703125
AAPL,_NaiveModel,340.0799865722656,338.19000244140625,2026-07-29 00:00:00,0.0,-1.889984130859375,0.0,-0.0055574694350846,False,2026-07-29,False,False,1.89,3.572,1.89,0.0056,,1.0,1.889984130859375
AMD,_NaiveModel,454.6199951171875,429.55999755859375,2026-07-29 00:00:00,0.0,-25.05999755859375,0.0,-0.0551229550564181,False,2026-07-29,False,False,25.06,628.0035,25.06,0.0583,,1.0,25.05999755859375
AMZN,_NaiveModel,230.8600006103516,226.6499938964844,2026-07-29 00:00:00,0.0,-4.210006713867188,0.0,-0.0182361894773312,False,2026-07-29,False,False,4.21,17.7242,4.21,0.0186,,1.0,4.2100067138671875
ASML,_NaiveModel,1582.949951171875,1550.68994140625,2026-07-29 00:00:00,0.0,-32.260009765625,0.0,-0.0203796776655778,False,2026-07-29,False,False,32.26,1040.7082,32.26,0.0208,,1.0,32.260009765625
AVGO,_NaiveModel,380.9100036621094,370.3200073242188,2026-07-29 00:00:00,0.0,-10.589996337890568,0.0,-0.0278018330736321,False,2026-07-29,False,False,10.59,112.148,10.59,0.0286,,1.0,10.589996337890568
BRK-B,_NaiveModel,512.3699951171875,509.1600036621094,2026-07-29 00:00:00,0.0,-3.209991455078125,0.0,-0.0062649871882992,False,2026-07-29,False,False,3.21,10.304,3.21,0.0063,,1.0,3.209991455078125
CAT,_NaiveModel,840.8499755859375,782.7100219726562,2026-07-29 00:00:00,0.0,-58.13995361328125,0.0,-0.0691442650905318,False,2026-07-29,False,False,58.14,3380.2542,58.14,0.0743,,1.0,58.13995361328125
COST,_NaiveModel,966.5800170898438,974.030029296875,2026-07-29 00:00:00,0.0,7.45001220703125,0.0,0.0077076000696368,False,2026-07-29,False,False,7.45,55.5027,7.45,0.0076,,1.0,-7.45001220703125
CRM,_NaiveModel,181.5,188.3800048828125,2026-07-29 00:00:00,0.0,6.8800048828125,0.0,0.0379063629907024,False,2026-07-29,False,False,6.88,47.3345,6.88,0.0365,,1.0,-6.8800048828125
GOOGL,_NaiveModel,333.7099914550781,336.7099914550781,2026-07-29 00:00:00,0.0,3.0,0.0,0.0089898417093209,False,2026-07-29,False,False,3.0,9.0,3.0,0.0089,,1.0,-3.0
JNJ,_NaiveModel,266.7300109863281,265.5299987792969,2026-07-29 00:00:00,0.0,-1.20001220703125,0.0,-0.0044989770839576,False,2026-07-29,False,False,1.2,1.44,1.2,0.0045,,1.0,1.20001220703125
JPM,_NaiveModel,357.3099975585937,344.7099914550781,2026-07-29 00:00:00,0.0,-12.600006103515568,0.0,-0.0352635140063478,False,2026-07-29,False,False,12.6,158.7602,12.6,0.0366,,1.0,12.600006103515568
LLY,_NaiveModel,1220.6600341796875,1210.02001953125,2026-07-29 00:00:00,0.0,-10.6400146484375,0.0,-0.0087166076962516,False,2026-07-29,False,False,10.64,113.2099,10.64,0.0088,,1.0,10.6400146484375
LMT,_NaiveModel,581.3099975585938,569.2000122070312,2026-07-29 00:00:00,0.0,-12.1099853515625,0.0,-0.0208322330639803,False,2026-07-29,False,False,12.11,146.6517,12.11,0.0213,,1.0,12.1099853515625
MA,_NaiveModel,562.75,563.3200073242188,2026-07-29 00:00:00,0.0,0.57000732421875,0.0,0.0010128961780875,False,2026-07-29,False,False,0.57,0.3249,0.57,0.001,,1.0,-0.57000732421875
MCD,_NaiveModel,273.0199890136719,271.5199890136719,2026-07-29 00:00:00,0.0,-1.5,0.0,-0.0054941032172002,False,2026-07-29,False,False,1.5,2.25,1.5,0.0055,,1.0,1.5
META,_NaiveModel,593.4099731445312,585.6099853515625,2026-07-29 00:00:00,0.0,-7.79998779296875,0.0,-0.0131443490099027,False,2026-07-29,False,False,7.8,60.8398,7.8,0.0133,,1.0,7.79998779296875
MRK,_NaiveModel,131.82000732421875,130.36000061035156,2026-07-29 00:00:00,0.0,-1.4600067138671875,0.0,-0.01107575961725,False,2026-07-29,False,False,1.46,2.1316,1.46,0.0112,,1.0,1.4600067138671875
MSFT,_NaiveModel,393.3500061035156,390.5400085449219,2026-07-29 00:00:00,0.0,-2.80999755859375,0.0,-0.0071437587771493,False,2026-07-29,False,False,2.81,7.8961,2.81,0.0072,,1.0,2.80999755859375
NEE,_NaiveModel,89.27999877929688,88.45999908447266,2026-07-29 00:00:00,0.0,-0.8199996948242188,0.0,-0.009184584521011,False,2026-07-29,False,False,0.82,0.6724,0.82,0.0093,,1.0,0.8199996948242188
NVDA,_NaiveModel,197.009994506836,190.009994506836,2026-07-29 00:00:00,2.8421709430404014e-14,-7.0,1.442653176126951e-16,-0.0355311923007901,False,2026-07-29,False,False,7.0,49.0,7.0,0.0368,,1.0,7.0
ORCL,_NaiveModel,119.95999908447266,117.73999786376952,2026-07-29 00:00:00,0.0,-2.220001220703139,0.0,-0.0185061790400637,False,2026-07-29,False,False,2.22,4.9284,2.22,0.0189,,1.0,2.220001220703139
PG,_NaiveModel,148.8800048828125,146.10000610351562,2026-07-29 00:00:00,0.0,-2.779998779296875,0.0,-0.0186727477708311,False,2026-07-29,False,False,2.78,7.7284,2.78,0.019,,1.0,2.779998779296875
PLTR,_NaiveModel,123.52999877929688,123.0,2026-07-29 00:00:00,0.0,-0.529998779296875,0.0,-0.0042904459202965,False,2026-07-29,False,False,0.53,0.2809,0.53,0.0043,,1.0,0.529998779296875
TSLA,_NaiveModel,307.44000244140625,298.32000732421875,2026-07-29 00:00:00,0.0,-9.1199951171875,0.0,-0.0296643086285612,False,2026-07-29,False,False,9.12,83.1743,9.12,0.0306,,1.0,9.1199951171875
TSM,_NaiveModel,392.30999755859375,374.6700134277344,2026-07-29 00:00:00,0.0,-17.639984130859375,0.0,-0.0449644012149467,False,2026-07-29,False,False,17.64,311.169,17.64,0.0471,,1.0,17.639984130859375
UNH,_NaiveModel,428.7900085449219,420.5700073242188,2026-07-29 00:00:00,0.0,-8.220001220703068,0.0,-0.0191702256510062,False,2026-07-29,False,False,8.22,67.5684,8.22,0.0195,,1.0,8.220001220703068
V,_NaiveModel,366.5899963378906,368.7300109863281,2026-07-29 00:00:00,0.0,2.1400146484375,0.0,0.0058376242391105,False,2026-07-29,False,False,2.14,4.5797,2.14,0.0058,,1.0,-2.1400146484375
WMT,_NaiveModel,113.0999984741211,114.22000122070312,2026-07-29 00:00:00,0.0,1.1200027465820312,0.0,0.0099027653553709,False,2026-07-29,False,False,1.12,1.2544,1.12,0.0098,,1.0,-1.1200027465820312
XOM,_NaiveModel,153.0399932861328,156.75,2026-07-29 00:00:00,0.0,3.710006713867188,0.0,0.02424207316143,False,2026-07-29,False,False,3.71,13.7641,3.71,0.0237,,1.0,-3.7100067138671875
AAPL,_NaiveModel,336.9100036621094,340.0799865722656,2026-07-28 00:00:00,0.0,3.16998291015625,0.0,0.0094089901626532,False,2026-07-28,False,False,3.17,10.0488,3.17,0.0093,,1.0,-3.16998291015625
AMD,_NaiveModel,494.9500122070313,454.6199951171875,2026-07-28 00:00:00,0.0,-40.33001708984381,0.0,-0.0814830105973899,False,2026-07-28,False,False,40.33,1626.5103,40.33,0.0887,,1.0,40.33001708984381
AMZN,_NaiveModel,231.38999938964844,230.8600006103516,2026-07-28 00:00:00,0.0,-0.5299987792968466,0.0,-0.0022904999381773,False,2026-07-28,False,False,0.53,0.2809,0.53,0.0023,,1.0,0.5299987792968466
ASML,_NaiveModel,1655.260009765625,1582.949951171875,2026-07-28 00:00:00,0.0,-72.31005859375,0.0,-0.0436850151439281,False,2026-07-28,False,False,72.3101,5228.7446,72.3101,0.0457,,1.0,72.31005859375
AVGO,_NaiveModel,383.2200012207031,380.9100036621094,2026-07-28 00:00:00,0.0,-2.30999755859375,0.0,-0.0060278627191574,False,2026-07-28,False,False,2.31,5.3361,2.31,0.0061,,1.0,2.30999755859375
BRK-B,_NaiveModel,497.1799926757813,512.3699951171875,2026-07-28 00:00:00,0.0,15.190002441406191,0.0,0.0305523204175109,False,2026-07-28,False,False,15.19,230.7362,15.19,0.0296,,1.0,-15.190002441406193
CAT,_NaiveModel,873.280029296875,840.8499755859375,2026-07-28 00:00:00,0.0,-32.4300537109375,0.0,-0.0371359158837614,False,2026-07-28,False,False,32.4301,1051.7084,32.4301,0.0386,,1.0,32.4300537109375
COST,_NaiveModel,951.5800170898438,966.5800170898438,2026-07-28 00:00:00,0.0,15.0,0.0,0.0157632566159528,False,2026-07-28,False,False,15.0,225.0,15.0,0.0155,,1.0,-15.0
CRM,_NaiveModel,173.60000610351562,181.5,2026-07-28 00:00:00,0.0,7.899993896484375,0.0,0.0455068756839426,False,2026-07-28,False,False,7.9,62.4099,7.9,0.0435,,1.0,-7.899993896484375
GOOGL,_NaiveModel,326.5599975585937,333.7099914550781,2026-07-28 00:00:00,0.0,7.149993896484432,0.0,0.0218948859319535,False,2026-07-28,False,False,7.15,51.1224,7.15,0.0214,,1.0,-7.149993896484432
JNJ,_NaiveModel,265.95001220703125,266.7300109863281,2026-07-28 00:00:00,0.0,0.779998779296875,0.0,0.0029328773961088,False,2026-07-28,False,False,0.78,0.6084,0.78,0.0029,,1.0,-0.779998779296875
JPM,_NaiveModel,356.20001220703125,357.3099975585937,2026-07-28 00:00:00,0.0,1.1099853515624432,0.0,0.0031161856078693,False,2026-07-28,False,False,1.11,1.2321,1.11,0.0031,,1.0,-1.1099853515624432
LLY,_NaiveModel,1197.530029296875,1220.6600341796875,2026-07-28 00:00:00,0.0,23.1300048828125,0.0,0.0193147598114038,False,2026-07-28,False,False,23.13,534.9971,23.13,0.0189,,1.0,-23.1300048828125
LMT,_NaiveModel,580.0,581.3099975585938,2026-07-28 00:00:00,0.0,1.30999755859375,0.0,0.002258616480334,False,2026-07-28,False,False,1.31,1.7161,1.31,0.0023,,1.0,-1.30999755859375
MA,_NaiveModel,551.7100219726562,562.75,2026-07-28 00:00:00,0.0,11.03997802734375,0.0,0.0200104721459834,False,2026-07-28,False,False,11.04,121.8811,11.04,0.0196,,1.0,-11.03997802734375
MCD,_NaiveModel,270.6700134277344,273.0199890136719,2026-07-28 00:00:00,0.0,2.3499755859375,0.0,0.0086820684573724,False,2026-07-28,False,False,2.35,5.5224,2.35,0.0086,,1.0,-2.3499755859375
META,_NaiveModel,593.8699951171875,593.4099731445312,2026-07-28 00:00:00,0.0,-0.46002197265625,0.0,-0.0007746173008209,False,2026-07-28,False,False,0.46,0.2116,0.46,0.0008,,1.0,0.46002197265625
MRK,_NaiveModel,130.75999450683594,131.82000732421875,2026-07-28 00:00:00,0.0,1.0600128173828125,0.0,0.0081065529360158,False,2026-07-28,False,False,1.06,1.1236,1.06,0.008,,1.0,-1.0600128173828125
MSFT,_NaiveModel,389.1000061035156,393.3500061035156,2026-07-28 00:00:00,0.0,4.25,0.0,0.0109226418230107,False,2026-07-28,False,False,4.25,18.0625,4.25,0.0108,,1.0,-4.25
NEE,_NaiveModel,88.83000183105469,89.27999877929688,2026-07-28 00:00:00,0.0,0.4499969482421875,0.0,0.0050658216702284,False,2026-07-28,False,False,0.45,0.2025,0.45,0.005,,1.0,-0.4499969482421875
NVDA,_NaiveModel,196.509994506836,197.009994506836,2026-07-28 00:00:00,2.8421709430404014e-14,0.5,1.446323862647877e-16,0.0025443998472179,True,2026-07-28,False,False,0.5,0.25,0.5,0.0025,,1.0,-0.5
ORCL,_NaiveModel,119.9000015258789,119.95999908447266,2026-07-28 00:00:00,0.0,0.05999755859375,0.0,0.0005003966457898,False,2026-07-28,False,False,0.06,0.0036,0.06,0.0005,,1.0,-0.05999755859375
PG,_NaiveModel,148.6300048828125,148.8800048828125,2026-07-28 00:00:00,0.0,0.25,0.0,0.0016820291447686,False,2026-07-28,False,False,0.25,0.0625,0.25,0.0017,,1.0,-0.25
PLTR,_NaiveModel,131.52999877929688,123.52999877929688,2026-07-28 00:00:00,0.0,-8.0,0.0,-0.0608226265813606,False,2026-07-28,False,False,8.0,64.0,8.0,0.0648,,1.0,8.0
TSLA,_NaiveModel,309.2200012207031,307.44000244140625,2026-07-28 00:00:00,0.0,-1.779998779296875,0.0,-0.0057564154073798,False,2026-07-28,False,False,1.78,3.1684,1.78,0.0058,,1.0,1.779998779296875
TSM,_NaiveModel,399.0899963378906,392.30999755859375,2026-07-28 00:00:00,0.0,-6.779998779296875,0.0,-0.0169886462740513,False,2026-07-28,False,False,6.78,45.9684,6.78,0.0173,,1.0,6.779998779296875
UNH,_NaiveModel,417.6400146484375,428.7900085449219,2026-07-28 00:00:00,0.0,11.149993896484377,0.0,0.0266976187755147,False,2026-07-28,False,False,11.15,124.3224,11.15,0.026,,1.0,-11.149993896484375
V,_NaiveModel,362.5299987792969,366.5899963378906,2026-07-28 00:00:00,0.0,4.05999755859375,0.0,0.0111990664835033,False,2026-07-28,False,False,4.06,16.4836,4.06,0.0111,,1.0,-4.05999755859375
WMT,_NaiveModel,111.73999786376952,113.0999984741211,2026-07-28 00:00:00,0.0,1.3600006103515767,0.0,0.0121711172037935,False,2026-07-28,False,False,1.36,1.8496,1.36,0.012,,1.0,-1.3600006103515767
XOM,_NaiveModel,154.77000427246094,153.0399932861328,2026-07-28 00:00:00,0.0,-1.730010986328125,0.0,-0.0111779475258175,False,2026-07-28,False,False,1.73,2.9929,1.73,0.0113,,1.0,1.730010986328125
AAPL,_NaiveModel,333.0199890136719,336.9100036621094,2026-07-27 00:00:00,0.0,3.8900146484375,0.0,0.0116810244933309,False,2026-07-27,False,False,3.89,15.1322,3.89,0.0115,,1.0,-3.8900146484375
AMD,_NaiveModel,521.9500122070312,494.9500122070313,2026-07-27 00:00:00,0.0,-26.999999999999943,0.0,-0.0517290916151763,False,2026-07-27,False,False,27.0,729.0,27.0,0.0546,,1.0,26.999999999999943
AMZN,_NaiveModel,232.1100006103516,231.38999938964844,2026-07-27 00:00:00,0.0,-0.7200012207031534,0.0,-0.003101982761664,False,2026-07-27,False,False,0.72,0.5184,0.72,0.0031,,1.0,0.7200012207031534
ASML,_NaiveModel,1757.0899658203125,1655.260009765625,2026-07-27 00:00:00,0.0,-101.8299560546875,0.0,-0.0579537519623517,False,2026-07-27,False,False,101.83,10369.34,101.83,0.0615,,1.0,101.8299560546875
AVGO,_NaiveModel,381.9200134277344,383.2200012207031,2026-07-27 00:00:00,0.0,1.29998779296875,0.0,0.0034038221283596,False,2026-07-27,False,False,1.3,1.69,1.3,0.0034,,1.0,-1.29998779296875
BRK-B,_NaiveModel,494.9299926757813,497.1799926757813,2026-07-27 00:00:00,0.0,2.25,0.0,0.0045460974951944,False,2026-07-27,False,False,2.25,5.0625,2.25,0.0045,,1.0,-2.25
CAT,_NaiveModel,888.72998046875,873.280029296875,2026-07-27 00:00:00,0.0,-15.449951171875,0.0,-0.017384302894481,False,2026-07-27,False,False,15.45,238.701,15.45,0.0177,,1.0,15.449951171875
COST,_NaiveModel,935.030029296875,951.5800170898438,2026-07-27 00:00:00,8.97003173828125,25.52001953125,0.0096862317365281,0.0275576308214687,True,2026-07-27,False,False,16.55,273.9021,16.55,0.0174,,1.0,-16.54998779296875
CRM,_NaiveModel,163.66000366210938,173.60000610351562,2026-07-27 00:00:00,0.0,9.94000244140625,0.0,0.0607356850726232,False,2026-07-27,False,False,9.94,98.8036,9.94,0.0573,,1.0,-9.94000244140625
GOOGL,_NaiveModel,319.739990234375,326.5599975585937,2026-07-27 00:00:00,0.0,6.820007324218693,0.0,0.0213298540455308,False,2026-07-27,False,False,6.82,46.5125,6.82,0.0209,,1.0,-6.820007324218693
JNJ,_NaiveModel,263.3999938964844,265.95001220703125,2026-07-27 00:00:00,0.0,2.550018310546875,0.0,0.009681163134533,False,2026-07-27,False,False,2.55,6.5026,2.55,0.0096,,1.0,-2.550018310546875
JPM,_NaiveModel,353.2099914550781,356.20001220703125,2026-07-27 00:00:00,0.0,2.990020751953125,0.0,0.008465277948779,False,2026-07-27,False,False,2.99,8.9402,2.99,0.0084,,1.0,-2.990020751953125
LLY,_NaiveModel,1196.030029296875,1197.530029296875,2026-07-27 00:00:00,0.0,1.5,0.0,0.0012541491126956,False,2026-07-27,False,False,1.5,2.25,1.5,0.0013,,1.0,-1.5
LMT,_NaiveModel,582.5999755859375,580.0,2026-07-27 00:00:00,0.0,-2.5999755859375,0.0,-0.0044627114570724,False,2026-07-27,False,False,2.6,6.7599,2.6,0.0045,,1.0,2.5999755859375
MA,_NaiveModel,539.6599731445312,551.7100219726562,2026-07-27 00:00:00,9.3699951171875,21.4200439453125,0.0176695685482186,0.0403930770575641,True,2026-07-27,False,False,12.05,145.2037,12.05,0.0218,,1.0,-12.050048828125
MCD,_NaiveModel,264.760009765625,270.6700134277344,2026-07-27 00:00:00,0.0,5.910003662109375,0.0,0.0223221160451728,False,2026-07-27,False,False,5.91,34.9281,5.91,0.0218,,1.0,-5.910003662109375
META,_NaiveModel,595.1900024414062,593.8699951171875,2026-07-27 00:00:00,0.0,-1.32000732421875,0.0,-0.0022177914931437,False,2026-07-27,False,False,1.32,1.7424,1.32,0.0022,,1.0,1.32000732421875
MRK,_NaiveModel,131.07000732421875,130.75999450683594,2026-07-27 00:00:00,0.0,-0.3100128173828125,0.0,-0.00236524605218,False,2026-07-27,False,False,0.31,0.0961,0.31,0.0024,,1.0,0.3100128173828125
MSFT,_NaiveModel,381.7000122070313,389.1000061035156,2026-07-27 00:00:00,0.0,7.399993896484318,0.0,0.019386936494177,False,2026-07-27,False,False,7.4,54.7599,7.4,0.019,,1.0,-7.399993896484318
NEE,_NaiveModel,89.77999877929688,88.83000183105469,2026-07-27 00:00:00,0.0,-0.9499969482421876,0.0,-0.0105813874043096,False,2026-07-27,False,False,0.95,0.9025,0.95,0.0107,,1.0,0.9499969482421875
NVDA,_NaiveModel,206.83999633789065,196.509994506836,2026-07-27 00:00:00,0.0,-10.330001831054688,0.0,-0.0499419938790743,False,2026-07-27,False,False,10.33,106.7089,10.33,0.0526,,1.0,10.330001831054659
ORCL,_NaiveModel,114.98999786376952,119.9000015258789,2026-07-27 00:00:00,0.0,4.910003662109389,0.0,0.0426993978026362,False,2026-07-27,False,False,4.91,24.1081,4.91,0.041,,1.0,-4.910003662109389
PG,_NaiveModel,147.41000366210938,148.6300048828125,2026-07-27 00:00:00,0.44000244140625,1.660003662109375,0.0029938248469189,0.0112948468961129,True,2026-07-27,False,False,1.22,1.4884,1.22,0.0082,,1.0,-1.220001220703125
PLTR,_NaiveModel,122.91999816894533,131.52999877929688,2026-07-27 00:00:00,0.0,8.610000610351548,0.0,0.0700455640954182,False,2026-07-27,False,False,8.61,74.1321,8.61,0.0655,,1.0,-8.610000610351548
TSLA,_NaiveModel,313.0299987792969,309.2200012207031,2026-07-27 00:00:00,0.0,-3.80999755859375,0.0,-0.0121713496260785,False,2026-07-27,False,False,3.81,14.5161,3.81,0.0123,,1.0,3.80999755859375
TSM,_NaiveModel,403.4100036621094,399.0899963378906,2026-07-27 00:00:00,0.0,-4.32000732421875,0.0,-0.0107087263206222,False,2026-07-27,False,False,4.32,18.6625,4.32,0.0108,,1.0,4.32000732421875
UNH,_NaiveModel,420.739990234375,417.6400146484375,2026-07-27 00:00:00,0.0,-3.0999755859375,0.0,-0.0073679128627888,False,2026-07-27,False,False,3.1,9.6098,3.1,0.0074,,1.0,3.0999755859375
V,_NaiveModel,355.739990234375,362.5299987792969,2026-07-27 00:00:00,0.0,6.790008544921875,0.0,0.0190869981765287,False,2026-07-27,False,False,6.79,46.1042,6.79,0.0187,,1.0,-6.790008544921875
WMT,_NaiveModel,109.47000122070312,111.73999786376952,2026-07-27 00:00:00,0.0,2.269996643066392,0.0,0.0207362438819182,False,2026-07-27,False,False,2.27,5.1529,2.27,0.0203,,1.0,-2.269996643066392
XOM,_NaiveModel,156.94000244140625,154.77000427246094,2026-07-27 00:00:00,0.0,-2.1699981689453125,0.0,-0.0138269283496123,False,2026-07-27,False,False,2.17,4.7089,2.17,0.014,,1.0,2.1699981689453125
AAPL,_NaiveModel,321.6600036621094,333.0199890136719,2026-07-24 00:00:00,0.0,11.3599853515625,0.0,0.0353167481882382,False,2026-07-24,False,False,11.36,129.0493,11.36,0.0341,,1.0,-11.3599853515625
AMD,_NaiveModel,539.6900024414062,521.9500122070312,2026-07-24 00:00:00,0.0,-17.739990234375,0.0,-0.0328707038376183,False,2026-07-24,False,False,17.74,314.7073,17.74,0.034,,1.0,17.739990234375
AMZN,_NaiveModel,233.6600036621093,232.1100006103516,2026-07-24 00:00:00,-2.8421709430404014e-14,-1.5500030517577557,-1.2163703237591327e-16,-0.0066335831013645,True,2026-07-24,False,False,1.55,2.4025,1.55,0.0067,,1.0,1.5500030517576988
ASML,_NaiveModel,1803.0,1757.0899658203125,2026-07-24 00:00:00,0.0,-45.9100341796875,0.0,-0.025463135984297,False,2026-07-24,False,False,45.91,2107.7312,45.91,0.0261,,1.0,45.9100341796875
AVGO,_NaiveModel,392.4700012207031,381.9200134277344,2026-07-24 00:00:00,0.0,-10.54998779296875,0.0,-0.0268810043064566,False,2026-07-24,False,False,10.55,111.3022,10.55,0.0276,,1.0,10.54998779296875
BRK-B,_NaiveModel,490.8500061035156,494.9299926757813,2026-07-24 00:00:00,0.0,4.079986572265682,0.0,0.0083120841836258,False,2026-07-24,False,False,4.08,16.6463,4.08,0.0082,,1.0,-4.079986572265682
CAT,_NaiveModel,894.5399780273438,888.72998046875,2026-07-24 00:00:00,0.0,-5.80999755859375,0.0,-0.0064949557328964,False,2026-07-24,False,False,5.81,33.7561,5.81,0.0065,,1.0,5.80999755859375
COST,_NaiveModel,926.0599975585938,935.030029296875,2026-07-24 00:00:00,0.0,8.97003173828125,0.0,0.0096862317365281,False,2026-07-24,False,False,8.97,80.4615,8.97,0.0096,,1.0,-8.97003173828125
CRM,_NaiveModel,156.92999267578125,163.66000366210938,2026-07-24 00:00:00,0.0,6.730010986328125,0.0,0.0428854349100263,False,2026-07-24,False,False,6.73,45.293,6.73,0.0411,,1.0,-6.730010986328125
GOOGL,_NaiveModel,317.69000244140625,319.739990234375,2026-07-24 00:00:00,0.0,2.04998779296875,0.0,0.0064527929025618,False,2026-07-24,False,False,2.05,4.2024,2.05,0.0064,,1.0,-2.04998779296875
JNJ,_NaiveModel,259.2699890136719,263.3999938964844,2026-07-24 00:00:00,0.0,4.1300048828125,0.0,0.0159293595781142,False,2026-07-24,False,False,4.13,17.0569,4.13,0.0157,,1.0,-4.1300048828125
JPM,_NaiveModel,349.8999938964844,353.2099914550781,2026-07-24 00:00:00,0.0,3.30999755859375,0.0,0.0094598388577651,False,2026-07-24,False,False,3.31,10.9561,3.31,0.0094,,1.0,-3.30999755859375
LLY,_NaiveModel,1185.8699951171875,1196.030029296875,2026-07-24 00:00:00,0.0,10.1600341796875,0.0,0.0085675784205025,False,2026-07-24,False,False,10.16,103.2263,10.16,0.0085,,1.0,-10.1600341796875
LMT,_NaiveModel,568.5900268554688,582.5999755859375,2026-07-24 00:00:00,0.0,14.00994873046875,0.0,0.0246398073633992,False,2026-07-24,False,False,14.0099,196.2787,14.0099,0.024,,1.0,-14.00994873046875
MA,_NaiveModel,530.2899780273438,539.6599731445312,2026-07-24 00:00:00,0.0,9.3699951171875,0.0,0.0176695685482186,False,2026-07-24,False,False,9.37,87.7968,9.37,0.0174,,1.0,-9.3699951171875
MCD,_NaiveModel,262.79998779296875,264.760009765625,2026-07-24 00:00:00,0.0,1.96002197265625,0.0,0.0074582270308183,False,2026-07-24,False,False,1.96,3.8417,1.96,0.0074,,1.0,-1.96002197265625
META,_NaiveModel,606.0999755859375,595.1900024414062,2026-07-24 00:00:00,0.0,-10.90997314453125,0.0,-0.01800028639497,False,2026-07-24,False,False,10.91,119.0275,10.91,0.0183,,1.0,10.90997314453125
MRK,_NaiveModel,130.47999572753906,131.07000732421875,2026-07-24 00:00:00,0.0,0.5900115966796875,0.0,0.0045218548129915,False,2026-07-24,False,False,0.59,0.3481,0.59,0.0045,,1.0,-0.5900115966796875
MSFT,_NaiveModel,381.5799865722656,381.7000122070313,2026-07-24 00:00:00,0.0,0.1200256347656818,0.0,0.0003145490827332,False,2026-07-24,False,False,0.12,0.0144,0.12,0.0003,,1.0,-0.12002563476568184
NEE,_NaiveModel,89.79000091552734,89.77999877929688,2026-07-24 00:00:00,0.0,-0.0100021362304687,0.0,-0.000111394766995,False,2026-07-24,False,False,0.01,0.0001,0.01,0.0001,,1.0,0.01000213623046875
NVDA,_NaiveModel,208.759994506836,206.83999633789065,2026-07-24 00:00:00,2.8421709430404014e-14,-1.9199981689453125,1.3614538311109854e-16,-0.0091971556786108,False,2026-07-24,False,False,1.92,3.6864,1.92,0.0093,,1.0,1.919998168945341
ORCL,_NaiveModel,120.04000091552734,114.98999786376952,2026-07-24 00:00:00,0.0,-5.050003051757827,0.0,-0.0420693353319076,False,2026-07-24,False,False,5.05,25.5025,5.05,0.0439,,1.0,5.050003051757827
PG,_NaiveModel,146.97000122070312,147.41000366210938,2026-07-24 00:00:00,0.0,0.44000244140625,0.0,0.0029938248469189,False,2026-07-24,False,False,0.44,0.1936,0.44,0.003,,1.0,-0.44000244140625
PLTR,_NaiveModel,123.37000274658205,122.91999816894533,2026-07-24 00:00:00,0.0,-0.4500045776367187,0.0,-0.0036476012613948,False,2026-07-24,False,False,0.45,0.2025,0.45,0.0037,,1.0,0.45000457763671875
TSLA,_NaiveModel,319.69000244140625,313.0299987792969,2026-07-24 00:00:00,0.0,-6.660003662109375,0.0,-0.0208326929564525,False,2026-07-24,False,False,6.66,44.3556,6.66,0.0213,,1.0,6.660003662109375
TSM,_NaiveModel,415.5799865722656,403.4100036621094,2026-07-24 00:00:00,0.0,-12.16998291015625,0.0,-0.0292843334697976,False,2026-07-24,False,False,12.17,148.1085,12.17,0.0302,,1.0,12.16998291015625
UNH,_NaiveModel,423.55999755859375,420.739990234375,2026-07-24 00:00:00,0.0,-2.82000732421875,0.0,-0.0066578698188528,False,2026-07-24,False,False,2.82,7.9524,2.82,0.0067,,1.0,2.82000732421875
V,_NaiveModel,351.6000061035156,355.739990234375,2026-07-24 00:00:00,0.0,4.139984130859375,0.0,0.0117746986888291,False,2026-07-24,False,False,4.14,17.1395,4.14,0.0116,,1.0,-4.139984130859375
WMT,_NaiveModel,108.4000015258789,109.47000122070312,2026-07-24 00:00:00,0.0,1.0699996948242188,0.0,0.0098708457542666,False,2026-07-24,False,False,1.07,1.1449,1.07,0.0098,,1.0,-1.0699996948242188
XOM,_NaiveModel,156.88999938964844,156.94000244140625,2026-07-24 00:00:00,0.0,0.0500030517578125,0.0,0.0003187140796248,False,2026-07-24,False,False,0.05,0.0025,0.05,0.0003,,1.0,-0.0500030517578125
AAPL,_NaiveModel,325.8900146484375,321.6600036621094,2026-07-23 00:00:00,0.0,-4.230010986328125,0.0,-0.0129798729515887,False,2026-07-23,False,False,4.23,17.893,4.23,0.0132,,1.0,4.230010986328125
AMD,_NaiveModel,552.3300170898438,539.6900024414062,2026-07-23 00:00:00,0.0,-12.6400146484375,0.0,-0.022884895365702,False,2026-07-23,False,False,12.64,159.77,12.64,0.0234,,1.0,12.6400146484375
AMZN,_NaiveModel,244.8500061035156,233.66000366210932,2026-07-23 00:00:00,0.0,-11.19000244140625,0.0,-0.0457014586990675,False,2026-07-23,False,False,11.19,125.2162,11.19,0.0479,,1.0,11.190002441406278
ASML,_NaiveModel,1801.8599853515625,1803.0,2026-07-23 00:00:00,0.0,1.1400146484375,0.0,0.0006326876992138,False,2026-07-23,False,False,1.14,1.2996,1.14,0.0006,,1.0,-1.1400146484375
AVGO,_NaiveModel,396.80999755859375,392.4700012207031,2026-07-23 00:00:00,0.0,-4.339996337890625,0.0,-0.0109372152027237,False,2026-07-23,False,False,4.34,18.8356,4.34,0.0111,,1.0,4.339996337890625
BRK-B,_NaiveModel,489.3900146484375,490.8500061035156,2026-07-23 00:00:00,0.0,1.459991455078125,0.0,0.0029832881983236,False,2026-07-23,False,False,1.46,2.1316,1.46,0.003,,1.0,-1.459991455078125
CAT,_NaiveModel,889.3099975585938,894.5399780273438,2026-07-23 00:00:00,0.0,5.22998046875,0.0,0.0058809419472487,False,2026-07-23,False,False,5.23,27.3527,5.23,0.0058,,1.0,-5.22998046875
COST,_NaiveModel,927.3099975585938,926.0599975585938,2026-07-23 00:00:00,0.0,-1.25,0.0,-0.0013479850355231,False,2026-07-23,False,False,1.25,1.5625,1.25,0.0013,,1.0,1.25
CRM,_NaiveModel,163.0,156.92999267578125,2026-07-23 00:00:00,0.0,-6.07000732421875,0.0,-0.0372393087375383,False,2026-07-23,False,False,6.07,36.845,6.07,0.0387,,1.0,6.07000732421875
GOOGL,_NaiveModel,342.0899963378906,317.69000244140625,2026-07-23 00:00:00,0.0,-24.39999389648437,0.0,-0.0713262420932762,False,2026-07-23,False,False,24.4,595.3597,24.4,0.0768,,1.0,24.399993896484375
JNJ,_NaiveModel,255.6300048828125,259.2699890136719,2026-07-23 00:00:00,0.0,3.639984130859375,0.0,0.0142392679315092,False,2026-07-23,False,False,3.64,13.2495,3.64,0.014,,1.0,-3.639984130859375
JPM,_NaiveModel,348.2099914550781,349.8999938964844,2026-07-23 00:00:00,0.0,1.69000244140625,0.0,0.0048534001978064,False,2026-07-23,False,False,1.69,2.8561,1.69,0.0048,,1.0,-1.69000244140625
LLY,_NaiveModel,1163.010009765625,1185.8699951171875,2026-07-23 00:00:00,0.0,22.8599853515625,0.0,0.0196558801382709,False,2026-07-23,False,False,22.86,522.5789,22.86,0.0193,,1.0,-22.8599853515625
LMT,_NaiveModel,514.3599853515625,568.5900268554688,2026-07-23 00:00:00,0.0,54.23004150390625,0.0,0.1054320768495245,False,2026-07-23,False,False,54.23,2940.8974,54.23,0.0954,,1.0,-54.23004150390625
MA,_NaiveModel,531.97998046875,530.2899780273438,2026-07-23 00:00:00,0.0,-1.69000244140625,0.0,-0.0031768158642306,False,2026-07-23,False,False,1.69,2.8561,1.69,0.0032,,1.0,1.69000244140625
MCD,_NaiveModel,263.57000732421875,262.79998779296875,2026-07-23 00:00:00,0.0,-0.77001953125,0.0,-0.0029214990698952,False,2026-07-23,False,False,0.77,0.5929,0.77,0.0029,,1.0,0.77001953125
META,_NaiveModel,627.1699829101562,606.0999755859375,2026-07-23 00:00:00,0.0,-21.07000732421875,0.0,-0.0335953695144193,False,2026-07-23,False,False,21.07,443.9452,21.07,0.0348,,1.0,21.07000732421875
MRK,_NaiveModel,127.47000122070312,130.47999572753906,2026-07-23 00:00:00,0.0,3.009994506835937,0.0,0.0236133559112814,False,2026-07-23,False,False,3.01,9.0601,3.01,0.0231,,1.0,-3.0099945068359375
MSFT,_NaiveModel,390.3399963378906,381.5799865722656,2026-07-23 00:00:00,0.0,-8.760009765625,0.0,-0.0224419988927859,False,2026-07-23,False,False,8.76,76.7378,8.76,0.023,,1.0,8.760009765625
NEE,_NaiveModel,89.41000366210938,89.79000091552734,2026-07-23 00:00:00,0.0,0.3799972534179687,0.0,0.0042500529902003,False,2026-07-23,False,False,0.38,0.1444,0.38,0.0042,,1.0,-0.37999725341796875
NVDA,_NaiveModel,212.0599975585937,208.759994506836,2026-07-23 00:00:00,-2.8421709430404014e-14,-3.300003051757756,-1.340267365727517e-16,-0.0155616480701219,True,2026-07-23,False,False,3.3,10.89,3.3,0.0158,,1.0,3.300003051757699
ORCL,_NaiveModel,125.83999633789062,120.04000091552734,2026-07-23 00:00:00,0.0,-5.799995422363281,0.0,-0.0460902383276444,False,2026-07-23,False,False,5.8,33.6399,5.8,0.0483,,1.0,5.799995422363281
PG,_NaiveModel,149.1300048828125,146.97000122070312,2026-07-23 00:00:00,0.0,-2.160003662109375,0.0,-0.0144840313242578,False,2026-07-23,False,False,2.16,4.6656,2.16,0.0147,,1.0,2.160003662109375
PLTR,_NaiveModel,124.56999969482422,123.37000274658205,2026-07-23 00:00:00,0.0,-1.1999969482421733,0.0,-0.0096331135199644,False,2026-07-23,False,False,1.2,1.44,1.2,0.0097,,1.0,1.1999969482421733
TSLA,_NaiveModel,374.010009765625,319.69000244140625,2026-07-23 00:00:00,0.0,-54.32000732421875,0.0,-0.1452367741661743,False,2026-07-23,False,False,54.32,2950.6632,54.32,0.1699,,1.0,54.32000732421875
TSM,_NaiveModel,421.2099914550781,415.5799865722656,2026-07-23 00:00:00,0.0,-5.6300048828125,0.0,-0.0133662662259352,False,2026-07-23,False,False,5.63,31.697,5.63,0.0135,,1.0,5.6300048828125
UNH,_NaiveModel,431.30999755859375,423.55999755859375,2026-07-23 00:00:00,0.0,-7.75,0.0,-0.017968514627225,False,2026-07-23,False,False,7.75,60.0625,7.75,0.0183,,1.0,7.75
V,_NaiveModel,353.4200134277344,351.6000061035156,2026-07-23 00:00:00,0.0,-1.82000732421875,0.0,-0.0051497007952858,False,2026-07-23,False,False,1.82,3.3124,1.82,0.0052,,1.0,1.82000732421875
WMT,_NaiveModel,109.33000183105467,108.4000015258789,2026-07-23 00:00:00,0.0,-0.930000305175767,0.0,-0.0085063595499877,False,2026-07-23,False,False,0.93,0.8649,0.93,0.0086,,1.0,0.930000305175767
XOM,_NaiveModel,154.4499969482422,156.88999938964844,2026-07-23 00:00:00,0.0,2.44000244140625,0.0,0.0157980089972026,False,2026-07-23,False,False,2.44,5.9536,2.44,0.0156,,1.0,-2.44000244140625
AAPL,_NaiveModel,327.739990234375,325.8900146484375,2026-07-22 00:00:00,0.0,-1.8499755859375,0.0,-0.0056446440503477,False,2026-07-22,False,False,1.85,3.4224,1.85,0.0057,,1.0,1.8499755859375
AMD,_NaiveModel,544.4299926757812,552.3300170898438,2026-07-22 00:00:00,0.0,7.9000244140625,0.0,0.0145106340950013,False,2026-07-22,False,False,7.9,62.4104,7.9,0.0143,,1.0,-7.9000244140625
AMZN,_NaiveModel,247.5500030517578,244.8500061035156,2026-07-22 00:00:00,0.0,-2.699996948242216,0.0,-0.0109068750351729,False,2026-07-22,False,False,2.7,7.29,2.7,0.011,,1.0,2.699996948242216
ASML,_NaiveModel,1801.510009765625,1801.8599853515625,2026-07-22 00:00:00,0.0,0.3499755859375,0.0,0.0001942679108305,False,2026-07-22,False,False,0.35,0.1225,0.35,0.0002,,1.0,-0.3499755859375
AVGO,_NaiveModel,386.5,396.80999755859375,2026-07-22 00:00:00,0.0,10.30999755859375,0.0,0.0266752847570342,False,2026-07-22,False,False,10.31,106.296,10.31,0.026,,1.0,-10.30999755859375
BRK-B,_NaiveModel,489.6499938964844,489.3900146484375,2026-07-22 00:00:00,0.0,-0.259979248046875,0.0,-0.0005309491499796,False,2026-07-22,False,False,0.26,0.0676,0.26,0.0005,,1.0,0.259979248046875
CAT,_NaiveModel,889.969970703125,889.3099975585938,2026-07-22 00:00:00,0.0,-0.65997314453125,0.0,-0.0007415678801048,False,2026-07-22,False,False,0.66,0.4356,0.66,0.0007,,1.0,0.65997314453125
COST,_NaiveModel,929.219970703125,927.3099975585938,2026-07-22 00:00:00,0.0,-1.90997314453125,0.0,-0.0020554585617504,False,2026-07-22,False,False,1.91,3.648,1.91,0.0021,,1.0,1.90997314453125
CRM,_NaiveModel,170.05999755859375,163.0,2026-07-22 00:00:00,0.0,-7.05999755859375,0.0,-0.0415147457364936,False,2026-07-22,False,False,7.06,49.8436,7.06,0.0433,,1.0,7.05999755859375
GOOGL,_NaiveModel,347.1499938964844,342.0899963378906,2026-07-22 00:00:00,0.0,-5.05999755859375,0.0,-0.0145758249965649,False,2026-07-22,False,False,5.06,25.6036,5.06,0.0148,,1.0,5.05999755859375
JNJ,_NaiveModel,250.6100006103516,255.6300048828125,2026-07-22 00:00:00,0.0,5.020004272460909,0.0,0.0200311410567609,False,2026-07-22,False,False,5.02,25.2004,5.02,0.0196,,1.0,-5.020004272460909
JPM,_NaiveModel,345.2300109863281,348.2099914550781,2026-07-22 00:00:00,0.0,2.97998046875,0.0,0.0086318696924295,False,2026-07-22,False,False,2.98,8.8803,2.98,0.0086,,1.0,-2.97998046875
LLY,_NaiveModel,1175.4100341796875,1163.010009765625,2026-07-22 00:00:00,0.0,-12.4000244140625,0.0,-0.0105495308475194,False,2026-07-22,False,False,12.4,153.7606,12.4,0.0107,,1.0,12.4000244140625
LMT,_NaiveModel,507.0899963378906,514.3599853515625,2026-07-22 00:00:00,0.0,7.269989013671875,0.0,0.0143366839538827,False,2026-07-22,False,False,7.27,52.8527,7.27,0.0141,,1.0,-7.269989013671875
MA,_NaiveModel,538.2999877929688,531.97998046875,2026-07-22 00:00:00,0.0,-6.32000732421875,0.0,-0.0117406789291056,False,2026-07-22,False,False,6.32,39.9425,6.32,0.0119,,1.0,6.32000732421875
MCD,_NaiveModel,263.9100036621094,263.57000732421875,2026-07-22 00:00:00,0.0,-0.339996337890625,0.0,-0.0012883040929586,False,2026-07-22,False,False,0.34,0.1156,0.34,0.0013,,1.0,0.339996337890625
META,_NaiveModel,643.8099975585938,627.1699829101562,2026-07-22 00:00:00,0.0,-16.6400146484375,0.0,-0.0258461575799358,False,2026-07-22,False,False,16.64,276.8901,16.64,0.0265,,1.0,16.6400146484375
MRK,_NaiveModel,126.26000213623048,127.47000122070312,2026-07-22 00:00:00,0.0,1.209999084472642,0.0,0.0095833919214344,False,2026-07-22,False,False,1.21,1.4641,1.21,0.0095,,1.0,-1.209999084472642
MSFT,_NaiveModel,397.75,390.3399963378906,2026-07-22 00:00:00,0.0,-7.410003662109375,0.0,-0.0186298017903441,False,2026-07-22,False,False,7.41,54.9082,7.41,0.019,,1.0,7.410003662109375
NEE,_NaiveModel,87.93000030517578,89.41000366210938,2026-07-22 00:00:00,0.0,1.4800033569335938,0.0,0.0168316086864209,False,2026-07-22,False,False,1.48,2.1904,1.48,0.0166,,1.0,-1.4800033569335938
NVDA,_NaiveModel,207.2899932861328,212.0599975585937,2026-07-22 00:00:00,0.0,4.770004272460909,0.0,0.0230112616477179,False,2026-07-22,False,False,4.77,22.7529,4.77,0.0225,,1.0,-4.770004272460881
ORCL,_NaiveModel,127.0500030517578,125.83999633789062,2026-07-22 00:00:00,0.0,-1.2100067138671733,0.0,-0.0095238621393361,False,2026-07-22,False,False,1.21,1.4641,1.21,0.0096,,1.0,1.2100067138671733
PG,_NaiveModel,148.10000610351562,149.1300048828125,2026-07-22 00:00:00,0.0,1.029998779296875,0.0,0.0069547517680515,False,2026-07-22,False,False,1.03,1.0609,1.03,0.0069,,1.0,-1.029998779296875
PLTR,_NaiveModel,132.66000366210938,124.56999969482422,2026-07-22 00:00:00,0.0,-8.090003967285156,0.0,-0.0609829921902515,False,2026-07-22,False,False,8.09,65.4482,8.09,0.0649,,1.0,8.090003967285156
TSLA,_NaiveModel,378.9299926757813,374.010009765625,2026-07-22 00:00:00,0.0,-4.919982910156307,0.0,-0.0129838835807487,False,2026-07-22,False,False,4.92,24.2062,4.92,0.0132,,1.0,4.919982910156307
TSM,_NaiveModel,424.6099853515625,421.2099914550781,2026-07-22 00:00:00,0.0,-3.399993896484375,0.0,-0.0080073338211047,False,2026-07-22,False,False,3.4,11.56,3.4,0.0081,,1.0,3.399993896484375
UNH,_NaiveModel,436.3500061035156,431.30999755859375,2026-07-22 00:00:00,0.0,-5.040008544921875,0.0,-0.0115503803699414,False,2026-07-22,False,False,5.04,25.4017,5.04,0.0117,,1.0,5.040008544921875
V,_NaiveModel,355.82000732421875,353.4200134277344,2026-07-22 00:00:00,0.0,-2.399993896484375,0.0,-0.0067449661263638,False,2026-07-22,False,False,2.4,5.76,2.4,0.0068,,1.0,2.399993896484375
WMT,_NaiveModel,110.38999938964844,109.33000183105467,2026-07-22 00:00:00,0.0,-1.0599975585937642,0.0,-0.00960229698754,False,2026-07-22,False,False,1.06,1.1236,1.06,0.0097,,1.0,1.0599975585937642
XOM,_NaiveModel,151.7100067138672,154.4499969482422,2026-07-22 00:00:00,0.0,2.739990234375,0.0,0.0180607086752211,False,2026-07-22,False,False,2.74,7.5075,2.74,0.0177,,1.0,-2.739990234375
AAPL,_NaiveModel,326.5899963378906,327.739990234375,2026-07-21 00:00:00,0.0,1.149993896484375,0.0,0.0035212159263279,False,2026-07-21,False,False,1.15,1.3225,1.15,0.0035,,1.0,-1.149993896484375
AMD,_NaiveModel,503.5700073242188,544.4299926757812,2026-07-21 00:00:00,0.0,40.85998535156244,0.0,0.0811406254488368,False,2026-07-21,False,False,40.86,1669.5384,40.86,0.0751,,1.0,-40.85998535156244
AMZN,_NaiveModel,249.9900054931641,247.5500030517578,2026-07-21 00:00:00,0.0,-2.4400024414062784,0.0,-0.0097603999671618,False,2026-07-21,False,False,2.44,5.9536,2.44,0.0099,,1.0,2.4400024414062784
ASML,_NaiveModel,1739.02001953125,1801.510009765625,2026-07-21 00:00:00,0.0,62.489990234375,0.0,0.0359340257918474,False,2026-07-21,False,False,62.49,3904.9989,62.49,0.0347,,1.0,-62.489990234375
AVGO,_NaiveModel,378.1600036621094,386.5,2026-07-21 00:00:00,0.0,8.339996337890625,0.0,0.0220541470730006,False,2026-07-21,False,False,8.34,69.5555,8.34,0.0216,,1.0,-8.339996337890625
BRK-B,_NaiveModel,491.25,489.6499938964844,2026-07-21 00:00:00,0.0,-1.600006103515625,0.0,-0.00325700987993,False,2026-07-21,False,False,1.6,2.56,1.6,0.0033,,1.0,1.600006103515625
CAT,_NaiveModel,864.2999877929688,889.969970703125,2026-07-21 00:00:00,0.0,25.66998291015625,0.0,0.0297003161780735,False,2026-07-21,False,False,25.67,658.948,25.67,0.0288,,1.0,-25.66998291015625
COST,_NaiveModel,935.7999877929688,929.219970703125,2026-07-21 00:00:00,0.0,-6.58001708984375,0.0,-0.0070314353234416,False,2026-07-21,False,False,6.58,43.2966,6.58,0.0071,,1.0,6.58001708984375
CRM,_NaiveModel,173.7899932861328,170.05999755859375,2026-07-21 00:00:00,0.0,-3.7299957275390634,0.0,-0.0214626610946344,False,2026-07-21,False,False,3.73,13.9129,3.73,0.0219,,1.0,3.7299957275390625
GOOGL,_NaiveModel,351.989990234375,347.1499938964844,2026-07-21 00:00:00,0.0,-4.839996337890625,0.0,-0.0137503806135733,False,2026-07-21,False,False,4.84,23.4256,4.84,0.0139,,1.0,4.839996337890625
JNJ,_NaiveModel,248.82000732421875,250.6100006103516,2026-07-21 00:00:00,0.0,1.789993286132841,0.0,0.0071939282752308,False,2026-07-21,False,False,1.79,3.2041,1.79,0.0071,,1.0,-1.789993286132841
JPM,_NaiveModel,338.8699951171875,345.2300109863281,2026-07-21 00:00:00,0.0,6.360015869140625,0.0,0.0187683063144649,False,2026-07-21,False,False,6.36,40.4498,6.36,0.0184,,1.0,-6.360015869140625
LLY,_NaiveModel,1146.9000244140625,1175.4100341796875,2026-07-21 00:00:00,0.0,28.510009765625,0.0,0.0248583217008739,False,2026-07-21,False,False,28.51,812.8207,28.51,0.0243,,1.0,-28.510009765625
LMT,_NaiveModel,509.5400085449219,507.0899963378906,2026-07-21 00:00:00,0.0,-2.45001220703125,0.0,-0.0048082823055007,False,2026-07-21,False,False,2.45,6.0026,2.45,0.0048,,1.0,2.45001220703125
MA,_NaiveModel,547.4400024414062,538.2999877929688,2026-07-21 00:00:00,0.0,-9.1400146484375,0.0,-0.0166959202975229,False,2026-07-21,False,False,9.14,83.5399,9.14,0.017,,1.0,9.1400146484375
MCD,_NaiveModel,267.6400146484375,263.9100036621094,2026-07-21 00:00:00,0.0,-3.730010986328125,0.0,-0.0139366715818923,False,2026-07-21,False,False,3.73,13.913,3.73,0.0141,,1.0,3.730010986328125
META,_NaiveModel,645.8499755859375,643.8099975585938,2026-07-21 00:00:00,0.0,-2.03997802734375,0.0,-0.0031585942625344,False,2026-07-21,False,False,2.04,4.1615,2.04,0.0032,,1.0,2.03997802734375
MRK,_NaiveModel,124.4000015258789,126.26000213623048,2026-07-21 00:00:00,0.0,1.8600006103515767,0.0,0.014951773211712,False,2026-07-21,False,False,1.86,3.4596,1.86,0.0147,,1.0,-1.8600006103515767
MSFT,_NaiveModel,402.2900085449219,397.75,2026-07-21 00:00:00,0.0,-4.540008544921875,0.0,-0.0112854121367394,False,2026-07-21,False,False,4.54,20.6117,4.54,0.0114,,1.0,4.540008544921875
NEE,_NaiveModel,88.0,87.93000030517578,2026-07-21 00:00:00,0.0,-0.0699996948242187,0.0,-0.0007954510775479,False,2026-07-21,False,False,0.07,0.0049,0.07,0.0008,,1.0,0.06999969482421875
NVDA,_NaiveModel,203.27999877929688,207.2899932861328,2026-07-21 00:00:00,0.0,4.0099945068359375,0.0,0.0197264587313857,False,2026-07-21,False,False,4.01,16.0801,4.01,0.0193,,1.0,-4.0099945068359375
ORCL,_NaiveModel,121.37999725341795,127.0500030517578,2026-07-21 00:00:00,0.0,5.670005798339844,0.0,0.0467128515953247,False,2026-07-21,False,False,5.67,32.149,5.67,0.0446,,1.0,-5.670005798339844
PG,_NaiveModel,149.1300048828125,148.10000610351562,2026-07-21 00:00:00,0.0,-1.029998779296875,0.0,-0.0069067172639487,False,2026-07-21,False,False,1.03,1.0609,1.03,0.007,,1.0,1.029998779296875
PLTR,_NaiveModel,134.85000610351562,132.66000366210938,2026-07-21 00:00:00,0.0,-2.19000244140625,0.0,-0.0162402843328396,False,2026-07-21,False,False,2.19,4.7961,2.19,0.0165,,1.0,2.19000244140625
TSLA,_NaiveModel,369.5700073242188,378.9299926757813,2026-07-21 00:00:00,0.0,9.3599853515625,0.0,0.0253266909274678,False,2026-07-21,False,False,9.36,87.6093,9.36,0.0247,,1.0,-9.3599853515625
TSM,_NaiveModel,402.2999877929688,424.6099853515625,2026-07-21 00:00:00,0.0,22.309997558593693,0.0,0.0554561228822975,False,2026-07-21,False,False,22.31,497.736,22.31,0.0525,,1.0,-22.309997558593693
UNH,_NaiveModel,421.5499877929688,436.3500061035156,2026-07-21 00:00:00,0.0,14.800018310546818,0.0,0.0351085725041353,False,2026-07-21,False,False,14.8,219.0405,14.8,0.0339,,1.0,-14.800018310546818
V,_NaiveModel,360.5700073242188,355.82000732421875,2026-07-21 00:00:00,0.0,-4.750000000000057,0.0,-0.0131735859985961,False,2026-07-21,False,False,4.75,22.5625,4.75,0.0133,,1.0,4.750000000000057
WMT,_NaiveModel,112.1999969482422,110.38999938964844,2026-07-21 00:00:00,0.0,-1.809997558593764,0.0,-0.0161318859877395,False,2026-07-21,False,False,1.81,3.2761,1.81,0.0164,,1.0,1.8099975585937642
XOM,_NaiveModel,148.36000061035156,151.7100067138672,2026-07-21 00:00:00,0.0,3.350006103515625,0.0,0.0225802513462775,False,2026-07-21,False,False,3.35,11.2225,3.35,0.0221,,1.0,-3.350006103515625
AAPL,_NaiveModel,333.739990234375,326.5899963378906,2026-07-20 00:00:00,0.0,-7.149993896484375,0.0,-0.0214238452259292,False,2026-07-20,False,False,7.15,51.1224,7.15,0.0219,,1.0,7.149993896484375
AMD,_NaiveModel,495.760009765625,503.5700073242188,2026-07-20 00:00:00,0.0,7.809997558593807,0.0,0.015753585212099,False,2026-07-20,False,False,7.81,60.9961,7.81,0.0155,,1.0,-7.809997558593807
AMZN,_NaiveModel,247.22999572753903,249.9900054931641,2026-07-20 00:00:00,0.0,2.760009765625057,0.0,0.0111637334195755,False,2026-07-20,False,False,2.76,7.6177,2.76,0.011,,1.0,-2.760009765625057
ASML,_NaiveModel,1747.5799560546875,1739.02001953125,2026-07-20 00:00:00,0.0,-8.5599365234375,0.0,-0.00489816588579,False,2026-07-20,False,False,8.5599,73.2725,8.5599,0.0049,,1.0,8.5599365234375
AVGO,_NaiveModel,370.8299865722656,378.1600036621094,2026-07-20 00:00:00,0.0,7.33001708984375,0.0,0.0197665166120952,False,2026-07-20,False,False,7.33,53.7292,7.33,0.0194,,1.0,-7.33001708984375
BRK-B,_NaiveModel,490.9100036621094,491.25,2026-07-20 00:00:00,0.0,0.339996337890625,0.0,0.0006925838450109,False,2026-07-20,False,False,0.34,0.1156,0.34,0.0007,,1.0,-0.339996337890625
CAT,_NaiveModel,880.280029296875,864.2999877929688,2026-07-20 00:00:00,0.0,-15.98004150390625,0.0,-0.0181533613987248,False,2026-07-20,False,False,15.98,255.3617,15.98,0.0185,,1.0,15.98004150390625
COST,_NaiveModel,940.8699951171876,935.7999877929688,2026-07-20 00:00:00,0.0,-5.070007324218864,0.0,-0.0053886374850197,False,2026-07-20,False,False,5.07,25.705,5.07,0.0054,,1.0,5.070007324218864
CRM,_NaiveModel,170.77000427246094,173.7899932861328,2026-07-20 00:00:00,0.0,3.019989013671875,0.0,0.0176845402477915,False,2026-07-20,False,False,3.02,9.1203,3.02,0.0174,,1.0,-3.019989013671875
GOOGL,_NaiveModel,346.7699890136719,351.989990234375,2026-07-20 00:00:00,0.0,5.220001220703125,0.0,0.0150532092916994,False,2026-07-20,False,False,5.22,27.2484,5.22,0.0148,,1.0,-5.220001220703125
JNJ,_NaiveModel,253.0399932861328,248.82000732421875,2026-07-20 00:00:00,0.0,-4.219985961914063,0.0,-0.0166771501497084,False,2026-07-20,False,False,4.22,17.8083,4.22,0.017,,1.0,4.2199859619140625
JPM,_NaiveModel,341.1000061035156,338.8699951171875,2026-07-20 00:00:00,0.0,-2.230010986328125,0.0,-0.0065377043284231,False,2026-07-20,False,False,2.23,4.9729,2.23,0.0066,,1.0,2.230010986328125
LLY,_NaiveModel,1179.1099853515625,1146.9000244140625,2026-07-20 00:00:00,0.0,-32.2099609375,0.0,-0.0273171810413396,False,2026-07-20,False,False,32.21,1037.4816,32.21,0.0281,,1.0,32.2099609375
LMT,_NaiveModel,508.7699890136719,509.5400085449219,2026-07-20 00:00:00,0.0,0.77001953125,0.0,0.0015134924383861,False,2026-07-20,False,False,0.77,0.5929,0.77,0.0015,,1.0,-0.77001953125
MA,_NaiveModel,543.5999755859375,547.4400024414062,2026-07-20 00:00:00,0.0,3.84002685546875,0.0,0.0070640673803004,False,2026-07-20,False,False,3.84,14.7458,3.84,0.007,,1.0,-3.84002685546875
MCD,_NaiveModel,267.7099914550781,267.6400146484375,2026-07-20 00:00:00,0.0,-0.069976806640625,0.0,-0.000261390343559,False,2026-07-20,False,False,0.07,0.0049,0.07,0.0003,,1.0,0.069976806640625
META,_NaiveModel,646.010009765625,645.8499755859375,2026-07-20 00:00:00,0.0,-0.1600341796875,0.0,-0.0002477270897792,False,2026-07-20,False,False,0.16,0.0256,0.16,0.0002,,1.0,0.1600341796875
MRK,_NaiveModel,127.5,124.4000015258789,2026-07-20 00:00:00,0.0,-3.0999984741210938,0.0,-0.0243137135225183,False,2026-07-20,False,False,3.1,9.61,3.1,0.0249,,1.0,3.0999984741210938
MSFT,_NaiveModel,393.8200073242188,402.2900085449219,2026-07-20 00:00:00,0.0,8.470001220703068,0.0,0.0215072902929738,False,2026-07-20,False,False,8.47,71.7409,8.47,0.0211,,1.0,-8.470001220703068
NEE,_NaiveModel,88.80000305175781,88.0,2026-07-20 00:00:00,0.0,-0.8000030517578125,0.0,-0.0090090430660404,False,2026-07-20,False,False,0.8,0.64,0.8,0.0091,,1.0,0.8000030517578125
NVDA,_NaiveModel,202.8099975585937,203.27999877929688,2026-07-20 00:00:00,-2.8421709430404014e-14,0.4700012207031534,-1.4013958765613963e-16,0.00231744601529,False,2026-07-20,False,False,0.47,0.2209,0.47,0.0023,,1.0,-0.47000122070318184
ORCL,_NaiveModel,126.41000366210938,121.37999725341795,2026-07-20 00:00:00,0.0,-5.0300064086914205,0.0,-0.0397912053079002,False,2026-07-20,False,False,5.03,25.301,5.03,0.0414,,1.0,5.0300064086914205
PG,_NaiveModel,149.97999572753906,149.1300048828125,2026-07-20 00:00:00,0.0,-0.8499908447265625,0.0,-0.0056673614411264,False,2026-07-20,False,False,0.85,0.7225,0.85,0.0057,,1.0,0.8499908447265625
PLTR,_NaiveModel,132.3800048828125,134.85000610351562,2026-07-20 00:00:00,0.0,2.470001220703125,0.0,0.0186584161474359,False,2026-07-20,False,False,2.47,6.1009,2.47,0.0183,,1.0,-2.470001220703125
TSLA,_NaiveModel,380.8399963378906,369.5700073242188,2026-07-20 00:00:00,0.0,-11.269989013671818,0.0,-0.0295924512184713,False,2026-07-20,False,False,11.27,127.0127,11.27,0.0305,,1.0,11.269989013671818
TSM,_NaiveModel,398.3699951171875,402.2999877929688,2026-07-20 00:00:00,0.0,3.929992675781307,0.0,0.009865182428273,False,2026-07-20,False,False,3.93,15.4448,3.93,0.0098,,1.0,-3.929992675781307
UNH,_NaiveModel,426.0899963378906,421.5499877929688,2026-07-20 00:00:00,0.0,-4.540008544921818,0.0,-0.0106550460793301,False,2026-07-20,False,False,4.54,20.6117,4.54,0.0108,,1.0,4.540008544921818
V,_NaiveModel,358.5599975585937,360.5700073242188,2026-07-20 00:00:00,0.0,2.0100097656251137,0.0,0.0056057836326168,False,2026-07-20,False,False,2.01,4.0401,2.01,0.0056,,1.0,-2.0100097656251137
WMT,_NaiveModel,114.23999786376952,112.1999969482422,2026-07-20 00:00:00,0.0,-2.0400009155273158,0.0,-0.0178571512051322,False,2026-07-20,False,False,2.04,4.1616,2.04,0.0182,,1.0,2.0400009155273153
XOM,_NaiveModel,147.36000061035156,148.36000061035156,2026-07-20 00:00:00,0.0,1.0,0.0,0.0067861020348676,False,2026-07-20,False,False,1.0,1.0,1.0,0.0067,,1.0,-1.0
AAPL,_NaiveModel,333.260009765625,333.739990234375,2026-07-17 00:00:00,0.0,0.47998046875,0.0,0.0014402582208635,False,2026-07-17,False,False,0.48,0.2304,0.48,0.0014,,1.0,-0.47998046875
AMD,_NaiveModel,500.9400024414063,495.760009765625,2026-07-17 00:00:00,0.0,-5.179992675781307,0.0,-0.0103405450763281,False,2026-07-17,False,False,5.18,26.8323,5.18,0.0104,,1.0,5.179992675781307
AMZN,_NaiveModel,249.88999938964844,247.22999572753903,2026-07-17 00:00:00,0.0,-2.6600036621094034,0.0,-0.0106446983416959,False,2026-07-17,False,False,2.66,7.0756,2.66,0.0108,,1.0,2.6600036621094034
ASML,_NaiveModel,1784.8699951171875,1747.5799560546875,2026-07-17 00:00:00,0.0,-37.2900390625,0.0,-0.0208922998114782,False,2026-07-17,False,False,37.29,1390.547,37.29,0.0213,,1.0,37.2900390625
AVGO,_NaiveModel,374.4500122070313,370.8299865722656,2026-07-17 00:00:00,0.0,-3.620025634765682,0.0,-0.0096675804960695,False,2026-07-17,False,False,3.62,13.1046,3.62,0.0098,,1.0,3.620025634765682
BRK-B,_NaiveModel,493.1199951171875,490.9100036621094,2026-07-17 00:00:00,0.0,-2.209991455078125,0.0,-0.0044816504643112,False,2026-07-17,False,False,2.21,4.8841,2.21,0.0045,,1.0,2.209991455078125
CAT,_NaiveModel,877.1699829101562,880.280029296875,2026-07-17 00:00:00,0.0,3.11004638671875,0.0,0.0035455458432362,False,2026-07-17,False,False,3.11,9.6724,3.11,0.0035,,1.0,-3.11004638671875
COST,_NaiveModel,945.5700073242188,940.8699951171876,2026-07-17 00:00:00,0.0,-4.700012207031136,0.0,-0.0049705597371169,False,2026-07-17,False,False,4.7,22.0901,4.7,0.005,,1.0,4.700012207031136
CRM,_NaiveModel,172.67999267578125,170.77000427246094,2026-07-17 00:00:00,0.0,-1.9099884033203125,0.0,-0.0110608552486242,False,2026-07-17,False,False,1.91,3.6481,1.91,0.0112,,1.0,1.9099884033203125
GOOGL,_NaiveModel,354.4599914550781,346.7699890136719,2026-07-17 00:00:00,0.0,-7.69000244140625,0.0,-0.0216949800451056,False,2026-07-17,False,False,7.69,59.1361,7.69,0.0222,,1.0,7.69000244140625
JNJ,_NaiveModel,249.97000122070312,253.0399932861328,2026-07-17 00:00:00,0.0,3.0699920654296875,0.0,0.0122814419747877,False,2026-07-17,False,False,3.07,9.4249,3.07,0.0121,,1.0,-3.0699920654296875
JPM,_NaiveModel,343.1499938964844,341.1000061035156,2026-07-17 00:00:00,0.0,-2.04998779296875,0.0,-0.0059740283532895,False,2026-07-17,False,False,2.05,4.2024,2.05,0.006,,1.0,2.04998779296875
LLY,_NaiveModel,1169.1700439453125,1179.1099853515625,2026-07-17 00:00:00,0.0,9.93994140625,0.0,0.0085017072219094,False,2026-07-17,False,False,9.9399,98.8024,9.9399,0.0084,,1.0,-9.93994140625
LMT,_NaiveModel,513.52001953125,508.7699890136719,2026-07-17 00:00:00,0.0,-4.750030517578125,0.0,-0.009249942235775,False,2026-07-17,False,False,4.75,22.5628,4.75,0.0093,,1.0,4.750030517578125
MA,_NaiveModel,551.5399780273438,543.5999755859375,2026-07-17 00:00:00,0.0,-7.94000244140625,0.0,-0.0143960596832975,False,2026-07-17,False,False,7.94,63.0436,7.94,0.0146,,1.0,7.94000244140625
MCD,_NaiveModel,273.4599914550781,267.7099914550781,2026-07-17 00:00:00,0.0,-5.75,0.0,-0.0210268418769572,False,2026-07-17,False,False,5.75,33.0625,5.75,0.0215,,1.0,5.75
META,_NaiveModel,664.5399780273438,646.010009765625,2026-07-17 00:00:00,0.0,-18.52996826171875,0.0,-0.0278839029620521,False,2026-07-17,False,False,18.53,343.3597,18.53,0.0287,,1.0,18.52996826171875
MRK,_NaiveModel,127.62999725341795,127.5,2026-07-17 00:00:00,0.0,-0.1299972534179545,0.0,-0.0010185478039291,False,2026-07-17,False,False,0.13,0.0169,0.13,0.001,,1.0,0.12999725341795454
MSFT,_NaiveModel,401.1000061035156,393.8200073242188,2026-07-17 00:00:00,0.0,-7.279998779296818,0.0,-0.0181500839404574,False,2026-07-17,False,False,7.28,52.9984,7.28,0.0185,,1.0,7.279998779296818
NEE,_NaiveModel,89.3499984741211,88.80000305175781,2026-07-17 00:00:00,0.0,-0.5499954223632812,0.0,-0.0061555168635238,False,2026-07-17,False,False,0.55,0.3025,0.55,0.0062,,1.0,0.5499954223632812
NVDA,_NaiveModel,207.3999938964844,202.8099975585937,2026-07-17 00:00:00,0.0,-4.589996337890682,0.0,-0.0221311305350452,False,2026-07-17,False,False,4.59,21.0681,4.59,0.0226,,1.0,4.58999633789071
ORCL,_NaiveModel,124.20999908447266,126.41000366210938,2026-07-17 00:00:00,0.0,2.2000045776367188,0.0,0.0177119764419331,False,2026-07-17,False,False,2.2,4.84,2.2,0.0174,,1.0,-2.2000045776367188
PG,_NaiveModel,151.5,149.97999572753906,2026-07-17 00:00:00,0.0,-1.5200042724609375,0.0,-0.0100330315013923,False,2026-07-17,False,False,1.52,2.3104,1.52,0.0101,,1.0,1.5200042724609375
PLTR,_NaiveModel,134.44000244140625,132.3800048828125,2026-07-17 00:00:00,0.0,-2.05999755859375,0.0,-0.0153228021510306,False,2026-07-17,False,False,2.06,4.2436,2.06,0.0156,,1.0,2.05999755859375
TSLA,_NaiveModel,391.05999755859375,380.8399963378906,2026-07-17 00:00:00,0.0,-10.220001220703123,0.0,-0.0261341003541837,False,2026-07-17,False,False,10.22,104.4484,10.22,0.0268,,1.0,10.220001220703125
TSM,_NaiveModel,409.739990234375,398.3699951171875,2026-07-17 00:00:00,0.0,-11.3699951171875,0.0,-0.0277492931814728,False,2026-07-17,False,False,11.37,129.2768,11.37,0.0285,,1.0,11.3699951171875
UNH,_NaiveModel,423.3800048828125,426.0899963378906,2026-07-17 00:00:00,0.0,2.709991455078125,0.0,0.0064008489390712,False,2026-07-17,False,False,2.71,7.3441,2.71,0.0064,,1.0,-2.709991455078125
V,_NaiveModel,365.1400146484375,358.5599975585937,2026-07-17 00:00:00,0.0,-6.580017089843807,0.0,-0.0180205313739146,False,2026-07-17,False,False,6.58,43.2966,6.58,0.0184,,1.0,6.580017089843807
WMT,_NaiveModel,114.9499969482422,114.23999786376952,2026-07-17 00:00:00,0.0,-0.7099990844726847,0.0,-0.0061765907205058,False,2026-07-17,False,False,0.71,0.5041,0.71,0.0062,,1.0,0.7099990844726847
XOM,_NaiveModel,145.9499969482422,147.36000061035156,2026-07-17 00:00:00,0.0,1.410003662109375,0.0,0.0096608680479068,False,2026-07-17,False,False,1.41,1.9881,1.41,0.0096,,1.0,-1.410003662109375
AAPL,_NaiveModel,327.5,333.260009765625,2026-07-16 00:00:00,0.0,5.760009765625,0.0,0.0175878160782442,False,2026-07-16,False,False,5.76,33.1777,5.76,0.0173,,1.0,-5.760009765625
AMD,_NaiveModel,529.1400146484375,500.9400024414063,2026-07-16 00:00:00,0.0,-28.200012207031197,0.0,-0.0532940458599929,False,2026-07-16,False,False,28.2,795.2407,28.2,0.0563,,1.0,28.200012207031193
AMZN,_NaiveModel,254.9600067138672,249.88999938964844,2026-07-16 00:00:00,0.0,-5.07000732421875,0.0,-0.0198855004342255,False,2026-07-16,False,False,5.07,25.705,5.07,0.0203,,1.0,5.07000732421875
ASML,_NaiveModel,1815.27001953125,1784.8699951171875,2026-07-16 00:00:00,0.0,-30.4000244140625,0.0,-0.0167468333013688,False,2026-07-16,False,False,30.4,924.1615,30.4,0.017,,1.0,30.4000244140625
AVGO,_NaiveModel,394.2799987792969,374.4500122070313,2026-07-16 00:00:00,0.0,-19.829986572265568,0.0,-0.0502941732617932,False,2026-07-16,False,False,19.83,393.2284,19.83,0.053,,1.0,19.829986572265568
BRK-B,_NaiveModel,488.3500061035156,493.1199951171875,2026-07-16 00:00:00,0.0,4.769989013671875,0.0,0.009767562105161,False,2026-07-16,False,False,4.77,22.7528,4.77,0.0097,,1.0,-4.769989013671875
CAT,_NaiveModel,914.2999877929688,877.1699829101562,2026-07-16 00:00:00,0.0,-37.1300048828125,0.0,-0.0406103088467065,False,2026-07-16,False,False,37.13,1378.6373,37.13,0.0423,,1.0,37.1300048828125
COST,_NaiveModel,916.5399780273438,945.5700073242188,2026-07-16 00:00:00,0.0,29.030029296875,0.0,0.0316735003304012,False,2026-07-16,False,False,29.03,842.7426,29.03,0.0307,,1.0,-29.030029296875
CRM,_NaiveModel,167.0,172.67999267578125,2026-07-16 00:00:00,0.0,5.67999267578125,0.0,0.0340119321903068,False,2026-07-16,False,False,5.68,32.2623,5.68,0.0329,,1.0,-5.67999267578125
GOOGL,_NaiveModel,370.9200134277344,354.4599914550781,2026-07-16 00:00:00,0.0,-16.46002197265625,0.0,-0.0443762034314255,False,2026-07-16,False,False,16.46,270.9323,16.46,0.0464,,1.0,16.46002197265625
JNJ,_NaiveModel,247.0200042724609,249.97000122070312,2026-07-16 00:00:00,0.0,2.949996948242216,0.0,0.0119423402850742,False,2026-07-16,False,False,2.95,8.7025,2.95,0.0118,,1.0,-2.949996948242216
JPM,_NaiveModel,346.9100036621094,343.1499938964844,2026-07-16 00:00:00,0.0,-3.760009765625,0.0,-0.0108385740564784,False,2026-07-16,False,False,3.76,14.1377,3.76,0.011,,1.0,3.760009765625
LLY,_NaiveModel,1156.6300048828125,1169.1700439453125,2026-07-16 00:00:00,0.0,12.5400390625,0.0,0.010841875975516,False,2026-07-16,False,False,12.54,157.2526,12.54,0.0107,,1.0,-12.5400390625
LMT,_NaiveModel,514.4600219726562,513.52001953125,2026-07-16 00:00:00,0.0,-0.94000244140625,0.0,-0.001827163241571,False,2026-07-16,False,False,0.94,0.8836,0.94,0.0018,,1.0,0.94000244140625
MA,_NaiveModel,535.2100219726562,551.5399780273438,2026-07-16 00:00:00,0.0,16.3299560546875,0.0,0.0305113046921266,False,2026-07-16,False,False,16.33,266.6675,16.33,0.0296,,1.0,-16.3299560546875
MCD,_NaiveModel,264.95001220703125,273.4599914550781,2026-07-16 00:00:00,0.0,8.509979248046875,0.0,0.0321191879825134,False,2026-07-16,False,False,8.51,72.4197,8.51,0.0311,,1.0,-8.509979248046875
META,_NaiveModel,681.3099975585938,664.5399780273438,2026-07-16 00:00:00,0.0,-16.77001953125,0.0,-0.0246143746478749,False,2026-07-16,False,False,16.77,281.2336,16.77,0.0252,,1.0,16.77001953125
MRK,_NaiveModel,123.61000061035156,127.62999725341795,2026-07-16 00:00:00,0.0,4.019996643066392,0.0,0.0325216133259184,False,2026-07-16,False,False,4.02,16.1604,4.02,0.0315,,1.0,-4.019996643066392
MSFT,_NaiveModel,395.6300048828125,401.1000061035156,2026-07-16 00:00:00,0.0,5.470001220703125,0.0,0.0138260525066175,False,2026-07-16,False,False,5.47,29.9209,5.47,0.0136,,1.0,-5.470001220703125
NEE,_NaiveModel,89.0999984741211,89.3499984741211,2026-07-16 00:00:00,0.0,0.25,0.0,0.0028058361872207,False,2026-07-16,False,False,0.25,0.0625,0.25,0.0028,,1.0,-0.25
NVDA,_NaiveModel,212.5,207.3999938964844,2026-07-16 00:00:00,0.0,-5.100006103515597,0.0,-0.0240000287224263,False,2026-07-16,False,False,5.1,26.0101,5.1,0.0246,,1.0,5.100006103515597
ORCL,_NaiveModel,132.49000549316406,124.20999908447266,2026-07-16 00:00:00,0.0,-8.280006408691406,0.0,-0.0624953284428584,False,2026-07-16,False,False,8.28,68.5585,8.28,0.0667,,1.0,8.280006408691406
PG,_NaiveModel,148.0500030517578,151.5,2026-07-16 00:00:00,0.0,3.4499969482421875,0.0,0.0233029171031903,False,2026-07-16,False,False,3.45,11.9025,3.45,0.0228,,1.0,-3.4499969482421875
PLTR,_NaiveModel,133.75999450683594,134.44000244140625,2026-07-16 00:00:00,0.0,0.6800079345703125,0.0,0.005083791585649,False,2026-07-16,False,False,0.68,0.4624,0.68,0.0051,,1.0,-0.6800079345703125
TSLA,_NaiveModel,394.4599914550781,391.05999755859375,2026-07-16 00:00:00,0.0,-3.399993896484375,0.0,-0.0086193631043354,False,2026-07-16,False,False,3.4,11.56,3.4,0.0087,,1.0,3.399993896484375
TSM,_NaiveModel,419.4800109863281,409.739990234375,2026-07-16 00:00:00,0.0,-9.740020751953123,0.0,-0.023219272663437,False,2026-07-16,False,False,9.74,94.868,9.74,0.0238,,1.0,9.740020751953125
UNH,_NaiveModel,418.5199890136719,423.3800048828125,2026-07-16 00:00:00,0.0,4.860015869140625,0.0,0.0116123864969848,False,2026-07-16,False,False,4.86,23.6198,4.86,0.0115,,1.0,-4.860015869140625
V,_NaiveModel,355.1400146484375,365.1400146484375,2026-07-16 00:00:00,0.0,10.0,0.0,0.028157908395367,False,2026-07-16,False,False,10.0,100.0,10.0,0.0274,,1.0,-10.0
WMT,_NaiveModel,112.52999877929688,114.9499969482422,2026-07-16 00:00:00,0.0,2.4199981689453267,0.0,0.0215053603056694,False,2026-07-16,False,False,2.42,5.8564,2.42,0.0211,,1.0,-2.4199981689453267
XOM,_NaiveModel,144.50999450683594,145.9499969482422,2026-07-16 00:00:00,0.0,1.44000244140625,0.0,0.0099647255978418,False,2026-07-16,False,False,1.44,2.0736,1.44,0.0099,,1.0,-1.44000244140625
AAPL,_NaiveModel,315.32000732421875,317.3099975585937,2026-07-13 00:00:00,0.0,1.9899902343749432,0.0,0.006311017975871,False,2026-07-13,False,False,1.99,3.9601,1.99,0.0063,,1.0,-1.9899902343749432
AMD,_NaiveModel,557.8900146484375,534.3900146484375,2026-07-13 00:00:00,0.0,-23.5,0.0,-0.0421229980515225,False,2026-07-13,False,False,23.5,552.25,23.5,0.044,,1.0,23.5
AMZN,_NaiveModel,245.33999633789065,247.3099975585937,2026-07-13 00:00:00,0.0,1.970001220703068,0.0,0.008029678202122,False,2026-07-13,False,False,1.97,3.8809,1.97,0.008,,1.0,-1.9700012207030397
ASML,_NaiveModel,1797.3199462890625,1726.0400390625,2026-07-13 00:00:00,0.0,-71.2799072265625,0.0,-0.0396589974832998,False,2026-07-13,False,False,71.2799,5080.8252,71.2799,0.0413,,1.0,71.2799072265625
AVGO,_NaiveModel,399.9700012207031,384.0499877929688,2026-07-13 00:00:00,0.0,-15.920013427734318,0.0,-0.0398030186742671,False,2026-07-13,False,False,15.92,253.4468,15.92,0.0415,,1.0,15.920013427734318
BRK-B,_NaiveModel,493.7099914550781,496.8500061035156,2026-07-13 00:00:00,0.0,3.1400146484375,0.0,0.0063600386923164,False,2026-07-13,False,False,3.14,9.8597,3.14,0.0063,,1.0,-3.1400146484375
CAT,_NaiveModel,952.4099731445312,931.469970703125,2026-07-13 00:00:00,0.0,-20.94000244140625,0.0,-0.0219863326003081,False,2026-07-13,False,False,20.94,438.4837,20.94,0.0225,,1.0,20.94000244140625
COST,_NaiveModel,916.25,926.4299926757812,2026-07-13 00:00:00,0.0,10.17999267578125,0.0,0.0111104967812073,False,2026-07-13,False,False,10.18,103.6323,10.18,0.011,,1.0,-10.17999267578125
CRM,_NaiveModel,163.32000732421875,171.22000122070312,2026-07-13 00:00:00,0.0,7.899993896484375,0.0,0.0483712560752064,False,2026-07-13,False,False,7.9,62.4099,7.9,0.0461,,1.0,-7.899993896484375
GOOGL,_NaiveModel,357.17999267578125,352.510009765625,2026-07-13 00:00:00,0.0,-4.66998291015625,0.0,-0.0130745926589322,False,2026-07-13,False,False,4.67,21.8087,4.67,0.0132,,1.0,4.66998291015625
JNJ,_NaiveModel,256.9800109863281,257.7699890136719,2026-07-13 00:00:00,0.0,0.78997802734375,0.0,0.0030740835612532,False,2026-07-13,False,False,0.79,0.6241,0.79,0.0031,,1.0,-0.78997802734375
JPM,_NaiveModel,336.4700012207031,334.5299987792969,2026-07-13 00:00:00,0.0,-1.94000244140625,0.0,-0.0057657515807292,False,2026-07-13,False,False,1.94,3.7636,1.94,0.0058,,1.0,1.94000244140625
LLY,_NaiveModel,1188.5799560546875,1181.8699951171875,2026-07-13 00:00:00,0.0,-6.7099609375,0.0,-0.0056453593242247,False,2026-07-13,False,False,6.71,45.0236,6.71,0.0057,,1.0,6.7099609375
LMT,_NaiveModel,523.219970703125,520.6799926757812,2026-07-13 00:00:00,0.0,-2.53997802734375,0.0,-0.0048545127662662,False,2026-07-13,False,False,2.54,6.4515,2.54,0.0049,,1.0,2.53997802734375
MA,_NaiveModel,526.739990234375,537.7000122070312,2026-07-13 00:00:00,0.0,10.96002197265625,0.0,0.0208072714733118,False,2026-07-13,False,False,10.96,120.1221,10.96,0.0204,,1.0,-10.96002197265625
MCD,_NaiveModel,274.6000061035156,272.6099853515625,2026-07-13 00:00:00,0.0,-1.990020751953125,0.0,-0.0072469799989842,False,2026-07-13,False,False,1.99,3.9602,1.99,0.0073,,1.0,1.990020751953125
META,_NaiveModel,669.2100219726562,656.72998046875,2026-07-13 00:00:00,0.0,-12.48004150390625,0.0,-0.0186489160265686,False,2026-07-13,False,False,12.48,155.7514,12.48,0.019,,1.0,12.48004150390625
MRK,_NaiveModel,123.54000091552734,124.02999877929688,2026-07-13 00:00:00,0.0,0.4899978637695312,0.0,0.0039663093746014,False,2026-07-13,False,False,0.49,0.2401,0.49,0.004,,1.0,-0.48999786376953125
MSFT,_NaiveModel,385.1000061035156,390.989990234375,2026-07-13 00:00:00,0.0,5.889984130859375,0.0,0.0152946871916593,False,2026-07-13,False,False,5.89,34.6919,5.89,0.0151,,1.0,-5.889984130859375
NEE,_NaiveModel,87.95999908447266,88.37999725341797,2026-07-13 00:00:00,0.0,0.4199981689453125,0.0,0.0047748769135611,False,2026-07-13,False,False,0.42,0.1764,0.42,0.0048,,1.0,-0.4199981689453125
NVDA,_NaiveModel,210.9600067138672,203.52999877929688,2026-07-13 00:00:00,0.0,-7.430007934570312,0.0,-0.0352199834002086,False,2026-07-13,False,False,7.43,55.205,7.43,0.0365,,1.0,7.4300079345703125
ORCL,_NaiveModel,140.63999938964844,131.5399932861328,2026-07-13 00:00:00,0.0,-9.100006103515623,0.0,-0.0647042530077358,False,2026-07-13,False,False,9.1,82.8101,9.1,0.0692,,1.0,9.100006103515625
PG,_NaiveModel,147.0399932861328,148.3699951171875,2026-07-13 00:00:00,0.0,1.3300018310546875,0.0,0.0090451706459654,False,2026-07-13,False,False,1.33,1.7689,1.33,0.009,,1.0,-1.3300018310546875
PLTR,_NaiveModel,126.79000091552734,130.0399932861328,2026-07-13 00:00:00,0.0,3.2499923706054688,0.0,0.0256328759928848,False,2026-07-13,False,False,3.25,10.5625,3.25,0.025,,1.0,-3.2499923706054688
TSLA,_NaiveModel,407.760009765625,394.760009765625,2026-07-13 00:00:00,0.0,-13.0,0.0,-0.0318814981573897,False,2026-07-13,False,False,13.0,169.0,13.0,0.0329,,1.0,13.0
TSM,_NaiveModel,434.1099853515625,421.5799865722656,2026-07-13 00:00:00,0.0,-12.529998779296877,0.0,-0.0288636502317482,False,2026-07-13,False,False,12.53,157.0009,12.53,0.0297,,1.0,12.529998779296875
UNH,_NaiveModel,424.6199951171875,429.0899963378906,2026-07-13 00:00:00,0.0,4.470001220703125,0.0,0.0105270624843502,False,2026-07-13,False,False,4.47,19.9809,4.47,0.0104,,1.0,-4.470001220703125
V,_NaiveModel,348.9700012207031,357.75,2026-07-13 00:00:00,0.0,8.779998779296875,0.0,0.025159752266912,False,2026-07-13,False,False,8.78,77.0884,8.78,0.0245,,1.0,-8.779998779296875
WMT,_NaiveModel,113.9000015258789,114.77999877929688,2026-07-13 00:00:00,0.0,0.8799972534179688,0.0,0.0077260512873481,False,2026-07-13,False,False,0.88,0.7744,0.88,0.0077,,1.0,-0.8799972534179688
XOM,_NaiveModel,138.8800048828125,144.50999450683594,2026-07-13 00:00:00,0.0,5.6299896240234375,0.0,0.0405385183329597,False,2026-07-13,False,False,5.63,31.6968,5.63,0.039,,1.0,-5.6299896240234375
AAPL,_NaiveModel,316.2200012207031,315.32000732421875,2026-07-10 00:00:00,0.0,-0.899993896484375,0.0,-0.0028461004775476,False,2026-07-10,False,False,0.9,0.81,0.9,0.0029,,1.0,0.899993896484375
AMD,_NaiveModel,546.719970703125,557.8900146484375,2026-07-10 00:00:00,0.0,11.1700439453125,0.0,0.0204310150422106,False,2026-07-10,False,False,11.17,124.7699,11.17,0.02,,1.0,-11.1700439453125
AMZN,_NaiveModel,247.0399932861328,245.33999633789065,2026-07-10 00:00:00,0.0,-1.699996948242159,0.0,-0.0068814645176627,False,2026-07-10,False,False,1.7,2.89,1.7,0.0069,,1.0,1.699996948242159
ASML,_NaiveModel,1804.25,1797.3199462890625,2026-07-10 00:00:00,0.0,-6.9300537109375,0.0,-0.003840960903942,False,2026-07-10,False,False,6.9301,48.0256,6.9301,0.0039,,1.0,6.9300537109375
AVGO,_NaiveModel,401.1099853515625,399.9700012207031,2026-07-10 00:00:00,0.0,-1.139984130859375,0.0,-0.0028420736767752,False,2026-07-10,False,False,1.14,1.2996,1.14,0.0029,,1.0,1.139984130859375
BRK-B,_NaiveModel,495.4500122070313,493.7099914550781,2026-07-10 00:00:00,0.0,-1.7400207519531818,0.0,-0.0035120006238411,False,2026-07-10,False,False,1.74,3.0277,1.74,0.0035,,1.0,1.7400207519531818
CAT,_NaiveModel,938.3900146484376,952.4099731445312,2026-07-10 00:00:00,0.0,14.019958496093636,0.0,0.0149404387059107,False,2026-07-10,False,False,14.02,196.5592,14.02,0.0147,,1.0,-14.019958496093636
COST,_NaiveModel,912.969970703125,916.25,2026-07-10 00:00:00,0.0,3.280029296875,0.0,0.0035927022817069,False,2026-07-10,False,False,3.28,10.7586,3.28,0.0036,,1.0,-3.280029296875
CRM,_NaiveModel,162.5,163.32000732421875,2026-07-10 00:00:00,0.0,0.82000732421875,0.0,0.0050461989182692,False,2026-07-10,False,False,0.82,0.6724,0.82,0.005,,1.0,-0.82000732421875
GOOGL,_NaiveModel,358.8900146484375,357.17999267578125,2026-07-10 00:00:00,0.0,-1.71002197265625,0.0,-0.0047647521604393,False,2026-07-10,False,False,1.71,2.9242,1.71,0.0048,,1.0,1.71002197265625
JNJ,_NaiveModel,259.1000061035156,256.9800109863281,2026-07-10 00:00:00,0.0,-2.1199951171875,0.0,-0.0081821500086747,False,2026-07-10,False,False,2.12,4.4944,2.12,0.0082,,1.0,2.1199951171875
JPM,_NaiveModel,335.4700012207031,336.4700012207031,2026-07-10 00:00:00,0.0,1.0,0.0,0.0029808924683614,False,2026-07-10,False,False,1.0,1.0,1.0,0.003,,1.0,-1.0
LLY,_NaiveModel,1216.949951171875,1188.5799560546875,2026-07-10 00:00:00,0.0,-28.3699951171875,0.0,-0.0233123762319627,False,2026-07-10,False,False,28.37,804.8566,28.37,0.0239,,1.0,28.3699951171875
LMT,_NaiveModel,518.260009765625,523.219970703125,2026-07-10 00:00:00,0.0,4.9599609375,0.0,0.0095704103037837,False,2026-07-10,False,False,4.96,24.6012,4.96,0.0095,,1.0,-4.9599609375
MA,_NaiveModel,523.2000122070312,526.739990234375,2026-07-10 00:00:00,0.0,3.53997802734375,0.0,0.0067660128913433,False,2026-07-10,False,False,3.54,12.5314,3.54,0.0067,,1.0,-3.53997802734375
MCD,_NaiveModel,276.489990234375,274.6000061035156,2026-07-10 00:00:00,0.0,-1.889984130859375,0.0,-0.0068356331064906,False,2026-07-10,False,False,1.89,3.572,1.89,0.0069,,1.0,1.889984130859375
META,_NaiveModel,631.47998046875,669.2100219726562,2026-07-10 00:00:00,0.0,37.73004150390625,0.0,0.059748594842071,False,2026-07-10,False,False,37.73,1423.556,37.73,0.0564,,1.0,-37.73004150390625
MRK,_NaiveModel,125.06999969482422,123.54000091552734,2026-07-10 00:00:00,0.0,-1.529998779296875,0.0,-0.0122331397060057,False,2026-07-10,False,False,1.53,2.3409,1.53,0.0124,,1.0,1.529998779296875
MSFT,_NaiveModel,384.3599853515625,385.1000061035156,2026-07-10 00:00:00,0.0,0.740020751953125,0.0,0.0019253324491524,False,2026-07-10,False,False,0.74,0.5476,0.74,0.0019,,1.0,-0.740020751953125
NEE,_NaiveModel,87.0999984741211,87.95999908447266,2026-07-10 00:00:00,0.0,0.8600006103515625,0.0,0.0098737155616263,False,2026-07-10,False,False,0.86,0.7396,0.86,0.0098,,1.0,-0.8600006103515625
NVDA,_NaiveModel,202.77999877929688,210.9600067138672,2026-07-10 00:00:00,0.0,8.180007934570312,0.0,0.0403393233248478,False,2026-07-10,False,False,8.18,66.9125,8.18,0.0388,,1.0,-8.180007934570312
ORCL,_NaiveModel,144.22000122070312,140.63999938964844,2026-07-10 00:00:00,0.0,-3.5800018310546875,0.0,-0.0248231992841002,False,2026-07-10,False,False,3.58,12.8164,3.58,0.0255,,1.0,3.5800018310546875
PG,_NaiveModel,146.85000610351562,147.0399932861328,2026-07-10 00:00:00,0.0,0.1899871826171875,0.0,0.0012937499129776,False,2026-07-10,False,False,0.19,0.0361,0.19,0.0013,,1.0,-0.1899871826171875
PLTR,_NaiveModel,129.0399932861328,126.79000091552734,2026-07-10 00:00:00,0.0,-2.2499923706054688,0.0,-0.0174363955957153,False,2026-07-10,False,False,2.25,5.0625,2.25,0.0177,,1.0,2.2499923706054688
TSLA,_NaiveModel,406.5499877929688,407.760009765625,2026-07-10 00:00:00,0.0,1.2100219726561932,0.0,0.0029763178181975,False,2026-07-10,False,False,1.21,1.4642,1.21,0.003,,1.0,-1.2100219726561932
TSM,_NaiveModel,436.9599914550781,434.1099853515625,2026-07-10 00:00:00,0.0,-2.850006103515625,0.0,-0.0065223502362884,False,2026-07-10,False,False,2.85,8.1225,2.85,0.0066,,1.0,2.850006103515625
UNH,_NaiveModel,431.6799926757813,424.6199951171875,2026-07-10 00:00:00,0.0,-7.059997558593807,0.0,-0.0163547018124055,False,2026-07-10,False,False,7.06,49.8436,7.06,0.0166,,1.0,7.059997558593807
V,_NaiveModel,348.20001220703125,348.9700012207031,2026-07-10 00:00:00,0.0,0.769989013671875,0.0,0.0022113411449683,False,2026-07-10,False,False,0.77,0.5929,0.77,0.0022,,1.0,-0.769989013671875
WMT,_NaiveModel,112.20999908447266,113.9000015258789,2026-07-10 00:00:00,0.0,1.69000244140625,0.0,0.015061068132921,False,2026-07-10,False,False,1.69,2.8561,1.69,0.0148,,1.0,-1.69000244140625
XOM,_NaiveModel,137.4600067138672,138.8800048828125,2026-07-10 00:00:00,0.0,1.4199981689453125,0.0,0.0103302640738345,False,2026-07-10,False,False,1.42,2.0164,1.42,0.0102,,1.0,-1.4199981689453125
AAPL,_NaiveModel,312.6600036621094,310.6600036621094,2026-07-07 00:00:00,0.0,-2.0,0.0,-0.0063967248019397,False,2026-07-07,False,False,2.0,4.0,2.0,0.0064,,1.0,2.0
AMD,_NaiveModel,552.0499877929688,516.1099853515625,2026-07-07 00:00:00,0.0,-35.94000244140625,0.0,-0.0651028045215437,False,2026-07-07,False,False,35.94,1291.6838,35.94,0.0696,,1.0,35.94000244140625
AMZN,_NaiveModel,244.1600036621093,245.97999572753903,2026-07-07 00:00:00,-2.8421709430404014e-14,1.8199920654296875,-1.164060820941686e-16,0.0074540958311434,False,2026-07-07,False,False,1.82,3.3124,1.82,0.0074,,1.0,-1.8199920654297443
ASML,_NaiveModel,1825.0699462890625,1747.280029296875,2026-07-07 00:00:00,0.0,-77.7899169921875,0.0,-0.0426229784509677,False,2026-07-07,False,False,77.7899,6051.2712,77.7899,0.0445,,1.0,77.7899169921875
AVGO,_NaiveModel,373.8999938964844,370.7799987792969,2026-07-07 00:00:00,0.0,-3.1199951171875,0.0,-0.0083444642099975,False,2026-07-07,False,False,3.12,9.7344,3.12,0.0084,,1.0,3.1199951171875
BRK-B,_NaiveModel,506.5799865722656,504.0,2026-07-07 00:00:00,0.0,-2.579986572265625,0.0,-0.0050929500585344,False,2026-07-07,False,False,2.58,6.6563,2.58,0.0051,,1.0,2.579986572265625
CAT,_NaiveModel,969.9199829101562,940.1199951171876,2026-07-07 00:00:00,0.0,-29.79998779296864,0.0,-0.0307241713935581,False,2026-07-07,False,False,29.8,888.0393,29.8,0.0317,,1.0,29.799987792968636
COST,_NaiveModel,950.25,947.5,2026-07-07 00:00:00,0.0,-2.75,0.0,-0.0028939752696658,False,2026-07-07,False,False,2.75,7.5625,2.75,0.0029,,1.0,2.75
CRM,_NaiveModel,165.64999389648438,169.52000427246094,2026-07-07 00:00:00,0.0,3.8700103759765625,0.0,0.023362574817811,False,2026-07-07,False,False,3.87,14.977,3.87,0.0228,,1.0,-3.8700103759765625
GOOGL,_NaiveModel,366.4599914550781,367.0299987792969,2026-07-07 00:00:00,0.0,0.57000732421875,0.0,0.0015554421697044,False,2026-07-07,False,False,0.57,0.3249,0.57,0.0016,,1.0,-0.57000732421875
JNJ,_NaiveModel,259.3299865722656,267.239990234375,2026-07-07 00:00:00,0.0,7.910003662109375,0.0,0.0305016931002121,False,2026-07-07,False,False,7.91,62.5682,7.91,0.0296,,1.0,-7.910003662109375
JPM,_NaiveModel,337.7200012207031,339.2200012207031,2026-07-07 00:00:00,0.0,1.5,0.0,0.0044415491963111,False,2026-07-07,False,False,1.5,2.25,1.5,0.0044,,1.0,-1.5
LLY,_NaiveModel,1200.06005859375,1235.56005859375,2026-07-07 00:00:00,0.0,35.5,0.0,0.0295818527962671,False,2026-07-07,False,False,35.5,1260.25,35.5,0.0287,,1.0,-35.5
LMT,_NaiveModel,538.0,535.3800048828125,2026-07-07 00:00:00,0.0,-2.6199951171875,0.0,-0.0048698793999767,False,2026-07-07,False,False,2.62,6.8644,2.62,0.0049,,1.0,2.6199951171875
MA,_NaiveModel,533.0999755859375,531.6199951171875,2026-07-07 00:00:00,0.0,-1.47998046875,0.0,-0.0027761780839013,False,2026-07-07,False,False,1.48,2.1903,1.48,0.0028,,1.0,1.47998046875
MCD,_NaiveModel,279.5,282.2099914550781,2026-07-07 00:00:00,0.0,2.709991455078125,0.0,0.0096958549376677,False,2026-07-07,False,False,2.71,7.3441,2.71,0.0096,,1.0,-2.709991455078125
META,_NaiveModel,600.2899780273438,615.5800170898438,2026-07-07 00:00:00,0.0,15.2900390625,0.0,0.025471088344246,False,2026-07-07,False,False,15.29,233.7853,15.29,0.0248,,1.0,-15.2900390625
MRK,_NaiveModel,126.77999877929688,128.86000061035156,2026-07-07 00:00:00,0.0,2.0800018310546875,0.0,0.0164063878457328,False,2026-07-07,False,False,2.08,4.3264,2.08,0.0161,,1.0,-2.0800018310546875
MSFT,_NaiveModel,386.739990234375,388.8399963378906,2026-07-07 00:00:00,0.0,2.100006103515625,0.0,0.0054300205733649,False,2026-07-07,False,False,2.1,4.41,2.1,0.0054,,1.0,-2.100006103515625
NEE,_NaiveModel,87.44000244140625,88.47000122070312,2026-07-07 00:00:00,0.0,1.029998779296875,0.0,0.0117794916575749,False,2026-07-07,False,False,1.03,1.0609,1.03,0.0116,,1.0,-1.029998779296875
NVDA,_NaiveModel,195.5500030517578,196.92999267578125,2026-07-07 00:00:00,0.0,1.3799896240234375,0.0,0.0070569654946933,False,2026-07-07,False,False,1.38,1.9044,1.38,0.007,,1.0,-1.3799896240234375
ORCL,_NaiveModel,143.75999450683594,141.60000610351562,2026-07-07 00:00:00,0.0,-2.1599884033203125,0.0,-0.0150249616433979,False,2026-07-07,False,False,2.16,4.6655,2.16,0.0153,,1.0,2.1599884033203125
PG,_NaiveModel,149.30999755859375,152.75,2026-07-07 00:00:00,0.0,3.44000244140625,0.0,0.0230393309065341,False,2026-07-07,False,False,3.44,11.8336,3.44,0.0225,,1.0,-3.44000244140625
PLTR,_NaiveModel,132.5399932861328,134.3699951171875,2026-07-07 00:00:00,0.0,1.8300018310546875,0.0,0.0138071670722361,False,2026-07-07,False,False,1.83,3.3489,1.83,0.0136,,1.0,-1.8300018310546875
TSLA,_NaiveModel,419.7699890136719,402.8999938964844,2026-07-07 00:00:00,0.0,-16.8699951171875,0.0,-0.0401886641701726,False,2026-07-07,False,False,16.87,284.5967,16.87,0.0419,,1.0,16.8699951171875
TSM,_NaiveModel,451.7900085449219,432.5700073242188,2026-07-07 00:00:00,0.0,-19.220001220703068,0.0,-0.0425418908280084,False,2026-07-07,False,False,19.22,369.4084,19.22,0.0444,,1.0,19.220001220703068
UNH,_NaiveModel,417.989990234375,428.1900024414063,2026-07-07 00:00:00,0.0,10.200012207031309,0.0,0.0244025274416546,False,2026-07-07,False,False,10.2,104.0402,10.2,0.0238,,1.0,-10.200012207031307
V,_NaiveModel,357.25,352.20001220703125,2026-07-07 00:00:00,0.0,-5.04998779296875,0.0,-0.0141357251027816,False,2026-07-07,False,False,5.05,25.5024,5.05,0.0143,,1.0,5.04998779296875
WMT,_NaiveModel,110.6500015258789,111.54000091552734,2026-07-07 00:00:00,0.0,0.8899993896484375,0.0,0.0080433744001375,False,2026-07-07,False,False,0.89,0.7921,0.89,0.008,,1.0,-0.8899993896484375
XOM,_NaiveModel,136.44000244140625,141.69000244140625,2026-07-07 00:00:00,0.0,5.25,0.0,0.0384784513783235,False,2026-07-07,False,False,5.25,27.5625,5.25,0.0371,,1.0,-5.25
AAPL,_NaiveModel,294.3800048828125,308.6300048828125,2026-07-02 00:00:00,0.0,14.25,0.0,0.0484068203126522,False,2026-07-02,False,False,14.25,203.0625,14.25,0.0462,,1.0,-14.25
AMD,_NaiveModel,540.8800048828125,517.8200073242188,2026-07-02 00:00:00,0.0,-23.05999755859375,0.0,-0.0426342208076076,False,2026-07-02,False,False,23.06,531.7635,23.06,0.0445,,1.0,23.05999755859375
AMZN,_NaiveModel,241.6999969482422,242.6699981689453,2026-07-02 00:00:00,0.0,0.970001220703125,0.0,0.0040132446543259,False,2026-07-02,False,False,0.97,0.9409,0.97,0.004,,1.0,-0.970001220703125
ASML,_NaiveModel,1843.0400390625,1769.3199462890625,2026-07-02 00:00:00,0.0,-73.7200927734375,0.0,-0.0399991813584998,False,2026-07-02,False,False,73.7201,5434.6521,73.7201,0.0417,,1.0,73.7200927734375
AVGO,_NaiveModel,369.3399963378906,360.4500122070313,2026-07-02 00:00:00,0.0,-8.889984130859318,0.0,-0.0240699199085016,False,2026-07-02,False,False,8.89,79.0318,8.89,0.0247,,1.0,8.889984130859318
BRK-B,_NaiveModel,499.739990234375,507.7799987792969,2026-07-02 00:00:00,0.0,8.040008544921875,0.0,0.0160883833634189,False,2026-07-02,False,False,8.04,64.6417,8.04,0.0158,,1.0,-8.040008544921875
CAT,_NaiveModel,991.4099731445312,963.530029296875,2026-07-02 00:00:00,0.0,-27.87994384765625,0.0,-0.0281215083596822,False,2026-07-02,False,False,27.8799,777.2913,27.8799,0.0289,,1.0,27.87994384765625
COST,_NaiveModel,924.6699829101562,951.6699829101562,2026-07-02 00:00:00,0.0,27.0,0.0,0.0291996068857178,False,2026-07-02,False,False,27.0,729.0,27.0,0.0284,,1.0,-27.0
CRM,_NaiveModel,163.22999572753906,166.11000061035156,2026-07-02 00:00:00,0.0,2.8800048828125,0.0,0.0176438458506104,False,2026-07-02,False,False,2.88,8.2944,2.88,0.0173,,1.0,-2.8800048828125
GOOGL,_NaiveModel,361.2099914550781,359.9100036621094,2026-07-02 00:00:00,0.0,-1.29998779296875,0.0,-0.0035989807140493,False,2026-07-02,False,False,1.3,1.69,1.3,0.0036,,1.0,1.29998779296875
JNJ,_NaiveModel,253.97999572753903,263.0400085449219,2026-07-02 00:00:00,0.0,9.06001281738284,0.0,0.0356721512315564,False,2026-07-02,False,False,9.06,82.0838,9.06,0.0344,,1.0,-9.060012817382841
JPM,_NaiveModel,334.07000732421875,334.4700012207031,2026-07-02 00:00:00,0.0,0.399993896484375,0.0,0.0011973355515755,False,2026-07-02,False,False,0.4,0.16,0.4,0.0012,,1.0,-0.399993896484375
LLY,_NaiveModel,1191.739990234375,1213.9100341796875,2026-07-02 00:00:00,0.0,22.1700439453125,0.0,0.0186030880284149,False,2026-07-02,False,False,22.17,491.5108,22.17,0.0183,,1.0,-22.1700439453125
LMT,_NaiveModel,521.8200073242188,545.9099731445312,2026-07-02 00:00:00,0.0,24.0899658203125,0.0,0.0461652782227356,False,2026-07-02,False,False,24.09,580.3265,24.09,0.0441,,1.0,-24.0899658203125
MA,_NaiveModel,522.4400024414062,539.3900146484375,2026-07-02 00:00:00,0.0,16.95001220703125,0.0,0.0324439402186325,False,2026-07-02,False,False,16.95,287.3029,16.95,0.0314,,1.0,-16.95001220703125
MCD,_NaiveModel,269.42999267578125,280.6300048828125,2026-07-02 00:00:00,0.0,11.20001220703125,0.0,0.0415692852002144,False,2026-07-02,False,False,11.2,125.4403,11.2,0.0399,,1.0,-11.20001220703125
META,_NaiveModel,612.9099731445312,582.9000244140625,2026-07-02 00:00:00,0.0,-30.00994873046875,0.0,-0.0489630615349638,False,2026-07-02,False,False,30.0099,900.597,30.0099,0.0515,,1.0,30.00994873046875
MRK,_NaiveModel,125.37000274658205,129.55999755859375,2026-07-02 00:00:00,0.0,4.1899948120117045,0.0,0.0334210315084796,False,2026-07-02,False,False,4.19,17.5561,4.19,0.0323,,1.0,-4.1899948120117045
MSFT,_NaiveModel,384.2799987792969,390.489990234375,2026-07-02 00:00:00,0.0,6.209991455078125,0.0,0.0161600694150223,False,2026-07-02,False,False,6.21,38.564,6.21,0.0159,,1.0,-6.209991455078125
NEE,_NaiveModel,86.37000274658203,88.33999633789062,2026-07-02 00:00:00,0.0,1.9699935913085935,0.0,0.0228087707382474,False,2026-07-02,False,False,1.97,3.8809,1.97,0.0223,,1.0,-1.9699935913085938
NVDA,_NaiveModel,197.5800018310547,194.8300018310547,2026-07-02 00:00:00,0.0,-2.75,0.0,-0.0139184126658296,False,2026-07-02,False,False,2.75,7.5625,2.75,0.0141,,1.0,2.75
ORCL,_NaiveModel,142.5,140.27000427246094,2026-07-02 00:00:00,0.0,-2.2299957275390625,0.0,-0.0156490928248355,False,2026-07-02,False,False,2.23,4.9729,2.23,0.0159,,1.0,2.2299957275390625
PG,_NaiveModel,147.42999267578125,151.41000366210938,2026-07-02 00:00:00,0.0,3.980010986328125,0.0,0.026995938303278,False,2026-07-02,False,False,3.98,15.8405,3.98,0.0263,,1.0,-3.980010986328125
PLTR,_NaiveModel,125.7300033569336,129.3000030517578,2026-07-02 00:00:00,0.0,3.5699996948242188,0.0,0.0283941748151344,False,2026-07-02,False,False,3.57,12.7449,3.57,0.0276,,1.0,-3.5699996948242188
TSLA,_NaiveModel,425.2999877929688,393.4500122070313,2026-07-02 00:00:00,0.0,-31.8499755859375,0.0,-0.0748882588763245,False,2026-07-02,False,False,31.85,1014.4209,31.85,0.081,,1.0,31.8499755859375
TSM,_NaiveModel,444.2300109863281,434.1600036621094,2026-07-02 00:00:00,0.0,-10.07000732421875,0.0,-0.0226684534479339,False,2026-07-02,False,False,10.07,101.405,10.07,0.0232,,1.0,10.07000732421875
UNH,_NaiveModel,426.5400085449219,425.3599853515625,2026-07-02 00:00:00,0.0,-1.180023193359375,0.0,-0.0027665006088991,False,2026-07-02,False,False,1.18,1.3925,1.18,0.0028,,1.0,1.180023193359375
V,_NaiveModel,351.0799865722656,362.1300048828125,2026-07-02 00:00:00,0.0,11.050018310546877,0.0,0.0314743612087736,False,2026-07-02,False,False,11.05,122.1029,11.05,0.0305,,1.0,-11.050018310546875
WMT,_NaiveModel,108.81999969482422,111.83999633789062,2026-07-02 00:00:00,0.0,3.0199966430664062,0.0,0.0277522206537007,False,2026-07-02,False,False,3.02,9.1204,3.02,0.027,,1.0,-3.0199966430664062
XOM,_NaiveModel,136.27999877929688,137.08999633789062,2026-07-02 00:00:00,0.0,0.80999755859375,0.0,0.0059436275744728,False,2026-07-02,False,False,0.81,0.6561,0.81,0.0059,,1.0,-0.80999755859375
AAPL,_NaiveModel,289.3599853515625,294.3800048828125,2026-07-01 00:00:00,0.0,5.02001953125,0.0,0.0173486998388904,False,2026-07-01,False,False,5.02,25.2006,5.02,0.0171,,1.0,-5.02001953125
AMD,_NaiveModel,580.9099731445312,540.8800048828125,2026-07-01 00:00:00,0.0,-40.02996826171875,0.0,-0.068909073888045,False,2026-07-01,False,False,40.03,1602.3984,40.03,0.074,,1.0,40.02996826171875
AMZN,_NaiveModel,238.33999633789065,241.6999969482422,2026-07-01 00:00:00,0.0,3.360000610351534,0.0,0.0140975105394736,False,2026-07-01,False,False,3.36,11.2896,3.36,0.0139,,1.0,-3.360000610351534
ASML,_NaiveModel,1989.43994140625,1843.0400390625,2026-07-01 00:00:00,0.0,-146.39990234375,0.0,-0.0735885006110142,False,2026-07-01,False,False,146.3999,21432.9314,146.3999,0.0794,,1.0,146.39990234375
AVGO,_NaiveModel,377.75,369.3399963378906,2026-07-01 00:00:00,0.0,-8.410003662109375,0.0,-0.0222634114152465,False,2026-07-01,False,False,8.41,70.7282,8.41,0.0228,,1.0,8.410003662109375
BRK-B,_NaiveModel,500.3900146484375,499.739990234375,2026-07-01 00:00:00,0.0,-0.6500244140625,0.0,-0.0012990355423442,False,2026-07-01,False,False,0.65,0.4225,0.65,0.0013,,1.0,0.6500244140625
CAT,_NaiveModel,1064.9000244140625,991.4099731445312,2026-07-01 00:00:00,0.0,-73.49005126953125,0.0,-0.0690112213209568,False,2026-07-01,False,False,73.4901,5400.7876,73.4901,0.0741,,1.0,73.49005126953125
COST,_NaiveModel,935.469970703125,924.6699829101562,2026-07-01 00:00:00,0.0,-10.79998779296875,0.0,-0.0115449860831461,False,2026-07-01,False,False,10.8,116.6397,10.8,0.0117,,1.0,10.79998779296875
CRM,_NaiveModel,156.66000366210938,163.22999572753906,2026-07-01 00:00:00,0.0,6.569992065429688,0.0,0.0419379031778916,False,2026-07-01,False,False,6.57,43.1648,6.57,0.0402,,1.0,-6.5699920654296875
GOOGL,_NaiveModel,357.3699951171875,361.2099914550781,2026-07-01 00:00:00,0.0,3.839996337890625,0.0,0.0107451559738008,False,2026-07-01,False,False,3.84,14.7456,3.84,0.0106,,1.0,-3.839996337890625
JNJ,_NaiveModel,253.97000122070312,253.97999572753903,2026-07-01 00:00:00,0.0,0.009994506835909,0.0,3.9353099924678606e-05,False,2026-07-01,False,False,0.01,0.0001,0.01,0.0,,1.0,-0.009994506835909078
JPM,_NaiveModel,327.3299865722656,334.07000732421875,2026-07-01 00:00:00,0.0,6.740020751953125,0.0,0.0205909052895925,False,2026-07-01,False,False,6.74,45.4279,6.74,0.0202,,1.0,-6.740020751953125
LLY,_NaiveModel,1199.4300537109375,1191.739990234375,2026-07-01 00:00:00,0.0,-7.6900634765625,0.0,-0.0064114313734011,False,2026-07-01,False,False,7.6901,59.1371,7.6901,0.0065,,1.0,7.6900634765625
LMT,_NaiveModel,509.4599914550781,521.8200073242188,2026-07-01 00:00:00,0.0,12.360015869140623,0.0,0.0242610137723257,False,2026-07-01,False,False,12.36,152.77,12.36,0.0237,,1.0,-12.360015869140625
MA,_NaiveModel,513.5999755859375,522.4400024414062,2026-07-01 00:00:00,0.0,8.84002685546875,0.0,0.0172118911130859,False,2026-07-01,False,False,8.84,78.1461,8.84,0.0169,,1.0,-8.84002685546875
MCD,_NaiveModel,270.3099975585937,269.42999267578125,2026-07-01 00:00:00,0.0,-0.8800048828124432,0.0,-0.0032555395315028,False,2026-07-01,False,False,0.88,0.7744,0.88,0.0033,,1.0,0.8800048828124432
META,_NaiveModel,563.2899780273438,612.9099731445312,2026-07-01 00:00:00,0.0,49.6199951171875,0.0,0.088089611128815,False,2026-07-01,False,False,49.62,2462.1439,49.62,0.081,,1.0,-49.6199951171875
MRK,_NaiveModel,128.5,125.37000274658205,2026-07-01 00:00:00,0.0,-3.1299972534179545,0.0,-0.0243579552795171,False,2026-07-01,False,False,3.13,9.7969,3.13,0.025,,1.0,3.1299972534179545
MSFT,_NaiveModel,373.0199890136719,384.2799987792969,2026-07-01 00:00:00,0.0,11.260009765625,0.0,0.0301860760743636,False,2026-07-01,False,False,11.26,126.7878,11.26,0.0293,,1.0,-11.260009765625
NEE,_NaiveModel,87.7699966430664,86.37000274658203,2026-07-01 00:00:00,0.0,-1.399993896484375,0.0,-0.0159507115190823,False,2026-07-01,False,False,1.4,1.96,1.4,0.0162,,1.0,1.399993896484375
NVDA,_NaiveModel,200.08999633789065,197.5800018310547,2026-07-01 00:00:00,0.0,-2.509994506835966,0.0,-0.0125443278163559,False,2026-07-01,False,False,2.51,6.3001,2.51,0.0127,,1.0,2.509994506835966
ORCL,_NaiveModel,146.5500030517578,142.5,2026-07-01 00:00:00,0.0,-4.0500030517578125,0.0,-0.0276356394910988,False,2026-07-01,False,False,4.05,16.4025,4.05,0.0284,,1.0,4.0500030517578125
PG,_NaiveModel,146.63999938964844,147.42999267578125,2026-07-01 00:00:00,0.0,0.7899932861328125,0.0,0.0053872973910321,False,2026-07-01,False,False,0.79,0.6241,0.79,0.0054,,1.0,-0.7899932861328125
PLTR,_NaiveModel,116.66999816894533,125.7300033569336,2026-07-01 00:00:00,0.0,9.060005187988269,0.0,0.0776549698309656,False,2026-07-01,False,False,9.06,82.0837,9.06,0.0721,,1.0,-9.060005187988267
TSLA,_NaiveModel,420.6000061035156,425.2999877929688,2026-07-01 00:00:00,0.0,4.699981689453182,0.0,0.0111744689045402,False,2026-07-01,False,False,4.7,22.0898,4.7,0.0111,,1.0,-4.699981689453182
TSM,_NaiveModel,477.5700073242188,444.2300109863281,2026-07-01 00:00:00,0.0,-33.33999633789068,0.0,-0.0698117466058885,False,2026-07-01,False,False,33.34,1111.5554,33.34,0.0751,,1.0,33.33999633789068
UNH,_NaiveModel,415.6300048828125,426.5400085449219,2026-07-01 00:00:00,0.0,10.910003662109377,0.0,0.0262493167816059,False,2026-07-01,False,False,10.91,119.0282,10.91,0.0256,,1.0,-10.910003662109375
V,_NaiveModel,343.0899963378906,351.0799865722656,2026-07-01 00:00:00,0.0,7.989990234375,0.0,0.0232883217804639,False,2026-07-01,False,False,7.99,63.8399,7.99,0.0228,,1.0,-7.989990234375
WMT,_NaiveModel,113.26000213623048,108.81999969482422,2026-07-01 00:00:00,0.0,-4.440002441406264,0.0,-0.0392018572987997,False,2026-07-01,False,False,4.44,19.7136,4.44,0.0408,,1.0,4.440002441406264
XOM,_NaiveModel,136.72000122070312,136.27999877929688,2026-07-01 00:00:00,0.0,-0.44000244140625,0.0,-0.0032182741184734,False,2026-07-01,False,False,0.44,0.1936,0.44,0.0032,,1.0,0.44000244140625
AAPL,_NaiveModel,281.739990234375,289.3599853515625,2026-06-30 00:00:00,0.0,7.6199951171875,0.0,0.0270461964268847,False,2026-06-30,False,False,7.62,58.0643,7.62,0.0263,,1.0,-7.6199951171875
AMD,_NaiveModel,539.489990234375,580.9099731445312,2026-06-30 00:00:00,0.0,41.41998291015625,0.0,0.0767761842850167,False,2026-06-30,False,False,41.42,1715.615,41.42,0.0713,,1.0,-41.41998291015625
AMZN,_NaiveModel,240.13999938964844,238.33999633789065,2026-06-30 00:00:00,0.0,-1.800003051757784,0.0,-0.007495640277891,False,2026-06-30,False,False,1.8,3.24,1.8,0.0076,,1.0,1.800003051757784
ASML,_NaiveModel,1883.1099853515625,1989.43994140625,2026-06-30 00:00:00,0.0,106.3299560546875,0.0,0.0564650800440827,False,2026-06-30,False,False,106.33,11306.0596,106.33,0.0534,,1.0,-106.3299560546875
AVGO,_NaiveModel,372.4500122070313,377.75,2026-06-30 00:00:00,0.0,5.299987792968693,0.0,0.0142300647583886,False,2026-06-30,False,False,5.3,28.0899,5.3,0.014,,1.0,-5.299987792968693
BRK-B,_NaiveModel,496.0,500.3900146484375,2026-06-30 00:00:00,0.0,4.3900146484375,0.0,0.008850835984753,False,2026-06-30,False,False,4.39,19.2722,4.39,0.0088,,1.0,-4.3900146484375
CAT,_NaiveModel,1033.18994140625,1064.9000244140625,2026-06-30 00:00:00,0.0,31.7100830078125,0.0,0.0306914360438436,False,2026-06-30,False,False,31.7101,1005.5294,31.7101,0.0298,,1.0,-31.7100830078125
COST,_NaiveModel,946.6799926757812,935.469970703125,2026-06-30 00:00:00,0.0,-11.21002197265625,0.0,-0.0118414058175785,False,2026-06-30,False,False,11.21,125.6646,11.21,0.012,,1.0,11.21002197265625
CRM,_NaiveModel,157.92999267578125,156.66000366210938,2026-06-30 00:00:00,0.0,-1.269989013671875,0.0,-0.0080414681983748,False,2026-06-30,False,False,1.27,1.6129,1.27,0.0081,,1.0,1.269989013671875
GOOGL,_NaiveModel,353.6499938964844,357.3699951171875,2026-06-30 00:00:00,0.0,3.720001220703125,0.0,0.0105188782267927,False,2026-06-30,False,False,3.72,13.8384,3.72,0.0104,,1.0,-3.720001220703125
JNJ,_NaiveModel,258.510009765625,253.97000122070312,2026-06-30 00:00:00,0.0,-4.540008544921875,0.0,-0.0175622156721823,False,2026-06-30,False,False,4.54,20.6117,4.54,0.0179,,1.0,4.540008544921875
JPM,_NaiveModel,329.3900146484375,327.3299865722656,2026-06-30 00:00:00,0.0,-2.060028076171875,0.0,-0.0062540695970112,False,2026-06-30,False,False,2.06,4.2437,2.06,0.0063,,1.0,2.060028076171875
LLY,_NaiveModel,1229.9300537109375,1199.4300537109375,2026-06-30 00:00:00,0.0,-30.5,0.0,-0.0247981581619016,False,2026-06-30,False,False,30.5,930.25,30.5,0.0254,,1.0,30.5
LMT,_NaiveModel,502.0700073242188,509.4599914550781,2026-06-30 00:00:00,0.0,7.389984130859318,0.0,0.014719031256705,False,2026-06-30,False,False,7.39,54.6119,7.39,0.0145,,1.0,-7.389984130859318
MA,_NaiveModel,509.6400146484375,513.5999755859375,2026-06-30 00:00:00,0.0,3.9599609375,0.0,0.0077701138522878,False,2026-06-30,False,False,3.96,15.6813,3.96,0.0077,,1.0,-3.9599609375
MCD,_NaiveModel,267.17999267578125,270.3099975585937,2026-06-30 00:00:00,0.0,3.130004882812443,0.0,0.0117149673202164,False,2026-06-30,False,False,3.13,9.7969,3.13,0.0116,,1.0,-3.130004882812443
META,_NaiveModel,562.5999755859375,563.2899780273438,2026-06-30 00:00:00,0.0,0.69000244140625,0.0,0.0012264530240827,False,2026-06-30,False,False,0.69,0.4761,0.69,0.0012,,1.0,-0.69000244140625
MRK,_NaiveModel,129.3800048828125,128.5,2026-06-30 00:00:00,0.0,-0.8800048828125,0.0,-0.0068017069840859,False,2026-06-30,False,False,0.88,0.7744,0.88,0.0068,,1.0,0.8800048828125
MSFT,_NaiveModel,368.5700073242188,373.0199890136719,2026-06-30 00:00:00,0.0,4.449981689453068,0.0,0.0120736402882032,False,2026-06-30,False,False,4.45,19.8023,4.45,0.0119,,1.0,-4.449981689453068
NEE,_NaiveModel,88.66000366210938,87.7699966430664,2026-06-30 00:00:00,0.0,-0.8900070190429688,0.0,-0.0100384275014792,False,2026-06-30,False,False,0.89,0.7921,0.89,0.0101,,1.0,0.8900070190429688
NVDA,_NaiveModel,194.97000122070312,200.08999633789065,2026-06-30 00:00:00,0.0,5.119995117187528,0.0,0.0262604251173582,False,2026-06-30,False,False,5.12,26.2144,5.12,0.0256,,1.0,-5.119995117187528
ORCL,_NaiveModel,147.75999450683594,146.5500030517578,2026-06-30 00:00:00,0.0,-1.209991455078125,0.0,-0.0081888975369591,False,2026-06-30,False,False,1.21,1.4641,1.21,0.0083,,1.0,1.209991455078125
PG,_NaiveModel,148.4499969482422,146.63999938964844,2026-06-30 00:00:00,0.0,-1.80999755859375,0.0,-0.0121926412650908,False,2026-06-30,False,False,1.81,3.2761,1.81,0.0123,,1.0,1.80999755859375
PLTR,_NaiveModel,115.6999969482422,116.66999816894533,2026-06-30 00:00:00,0.0,0.970001220703125,0.0,0.0083837618521031,False,2026-06-30,False,False,0.97,0.9409,0.97,0.0083,,1.0,-0.970001220703125
TSLA,_NaiveModel,411.8399963378906,420.6000061035156,2026-06-30 00:00:00,0.0,8.760009765625,0.0,0.0212704201717162,False,2026-06-30,False,False,8.76,76.7378,8.76,0.0208,,1.0,-8.760009765625
TSM,_NaiveModel,455.1000061035156,477.5700073242188,2026-06-30 00:00:00,0.0,22.470001220703185,0.0,0.049373766028015,False,2026-06-30,False,False,22.47,504.901,22.47,0.0471,,1.0,-22.470001220703182
UNH,_NaiveModel,419.8200073242188,415.6300048828125,2026-06-30 00:00:00,0.0,-4.190002441406307,0.0,-0.0099804734607858,False,2026-06-30,False,False,4.19,17.5561,4.19,0.0101,,1.0,4.190002441406307
V,_NaiveModel,341.6499938964844,343.0899963378906,2026-06-30 00:00:00,0.0,1.44000244140625,0.0,0.0042148469695057,False,2026-06-30,False,False,1.44,2.0736,1.44,0.0042,,1.0,-1.44000244140625
WMT,_NaiveModel,114.5999984741211,113.26000213623048,2026-06-30 00:00:00,0.0,-1.3399963378906108,0.0,-0.0116928128772463,False,2026-06-30,False,False,1.34,1.7956,1.34,0.0118,,1.0,1.3399963378906108
XOM,_NaiveModel,136.05999755859375,136.72000122070312,2026-06-30 00:00:00,0.0,0.660003662109375,0.0,0.0048508281195958,False,2026-06-30,False,False,0.66,0.4356,0.66,0.0048,,1.0,-0.660003662109375
AAPL,_NaiveModel,283.7799987792969,281.739990234375,2026-06-29 00:00:00,0.0,-2.040008544921875,0.0,-0.0071886974194698,False,2026-06-29,False,False,2.04,4.1616,2.04,0.0072,,1.0,2.040008544921875
AMD,_NaiveModel,521.5800170898438,539.489990234375,2026-06-29 00:00:00,0.0,17.90997314453125,0.0,0.034337920468004,False,2026-06-29,False,False,17.91,320.7671,17.91,0.0332,,1.0,-17.90997314453125
AMZN,_NaiveModel,232.69000244140625,240.13999938964844,2026-06-29 00:00:00,0.0,7.4499969482421875,0.0,0.0320168329970178,False,2026-06-29,False,False,7.45,55.5025,7.45,0.031,,1.0,-7.4499969482421875
ASML,_NaiveModel,1794.6199951171875,1883.1099853515625,2026-06-29 00:00:00,0.0,88.489990234375,0.0,0.0493084833976769,False,2026-06-29,False,False,88.49,7830.4784,88.49,0.047,,1.0,-88.489990234375
AVGO,_NaiveModel,365.0199890136719,372.4500122070313,2026-06-29 00:00:00,0.0,7.430023193359432,0.0,0.0203551131910234,False,2026-06-29,False,False,7.43,55.2052,7.43,0.0199,,1.0,-7.430023193359432
BRK-B,_NaiveModel,498.6600036621094,496.0,2026-06-29 00:00:00,0.0,-2.660003662109375,0.0,-0.0053343032177727,False,2026-06-29,False,False,2.66,7.0756,2.66,0.0054,,1.0,2.660003662109375
CAT,_NaiveModel,997.469970703125,1033.18994140625,2026-06-29 00:00:00,0.0,35.719970703125,0.0,0.0358105725006896,False,2026-06-29,False,False,35.72,1275.9163,35.72,0.0346,,1.0,-35.719970703125
COST,_NaiveModel,952.5399780273438,946.6799926757812,2026-06-29 00:00:00,0.0,-5.8599853515625,0.0,-0.006151957384191,False,2026-06-29,False,False,5.86,34.3394,5.86,0.0062,,1.0,5.8599853515625
CRM,_NaiveModel,158.3699951171875,157.92999267578125,2026-06-29 00:00:00,0.0,-0.44000244140625,0.0,-0.0027783194732099,False,2026-06-29,False,False,0.44,0.1936,0.44,0.0028,,1.0,0.44000244140625
GOOGL,_NaiveModel,337.3900146484375,353.6499938964844,2026-06-29 00:00:00,0.0,16.259979248046875,0.0,0.0481934216843669,False,2026-06-29,False,False,16.26,264.3869,16.26,0.046,,1.0,-16.259979248046875
JNJ,_NaiveModel,254.6600036621093,258.510009765625,2026-06-29 00:00:00,-2.8421709430404014e-14,3.850006103515653,-1.116064910927858e-16,0.0151182205613409,False,2026-06-29,False,False,3.85,14.8225,3.85,0.0149,,1.0,-3.8500061035157103
JPM,_NaiveModel,329.04998779296875,329.3900146484375,2026-06-29 00:00:00,0.0,0.34002685546875,0.0,0.0010333592708798,False,2026-06-29,False,False,0.34,0.1156,0.34,0.001,,1.0,-0.34002685546875
LLY,_NaiveModel,1208.1199951171875,1229.9300537109375,2026-06-29 00:00:00,0.0,21.81005859375,0.0,0.0180528910057766,False,2026-06-29,False,False,21.8101,475.6787,21.8101,0.0177,,1.0,-21.81005859375
LMT,_NaiveModel,507.3999938964844,502.0700073242188,2026-06-29 00:00:00,0.0,-5.329986572265568,0.0,-0.0105045065754434,False,2026-06-29,False,False,5.33,28.4088,5.33,0.0106,,1.0,5.329986572265568
MA,_NaiveModel,499.0199890136719,509.6400146484375,2026-06-29 00:00:00,0.0,10.620025634765623,0.0,0.0212817639945775,False,2026-06-29,False,False,10.62,112.7849,10.62,0.0208,,1.0,-10.620025634765625
MCD,_NaiveModel,269.760009765625,267.17999267578125,2026-06-29 00:00:00,0.0,-2.58001708984375,0.0,-0.0095641199453,False,2026-06-29,False,False,2.58,6.6565,2.58,0.0097,,1.0,2.58001708984375
META,_NaiveModel,550.25,562.5999755859375,2026-06-29 00:00:00,0.0,12.3499755859375,0.0,0.0224442991111994,False,2026-06-29,False,False,12.35,152.5219,12.35,0.022,,1.0,-12.3499755859375
MRK,_NaiveModel,128.66000366210938,129.3800048828125,2026-06-29 00:00:00,0.0,0.720001220703125,0.0,0.0055961542065085,False,2026-06-29,False,False,0.72,0.5184,0.72,0.0056,,1.0,-0.720001220703125
MSFT,_NaiveModel,372.9700012207031,368.5700073242188,2026-06-29 00:00:00,0.0,-4.399993896484318,0.0,-0.0117971790816512,False,2026-06-29,False,False,4.4,19.3599,4.4,0.0119,,1.0,4.399993896484318
NEE,_NaiveModel,88.55999755859375,88.66000366210938,2026-06-29 00:00:00,0.0,0.100006103515625,0.0,0.0011292469091302,False,2026-06-29,False,False,0.1,0.01,0.1,0.0011,,1.0,-0.100006103515625
NVDA,_NaiveModel,192.52999877929688,194.97000122070312,2026-06-29 00:00:00,0.0,2.44000244140625,0.0,0.0126733623688602,False,2026-06-29,False,False,2.44,5.9536,2.44,0.0125,,1.0,-2.44000244140625
ORCL,_NaiveModel,148.52999877929688,147.75999450683594,2026-06-29 00:00:00,0.0,-0.7700042724609375,0.0,-0.0051841666921784,False,2026-06-29,False,False,0.77,0.5929,0.77,0.0052,,1.0,0.7700042724609375
PG,_NaiveModel,149.02000427246094,148.4499969482422,2026-06-29 00:00:00,0.0,-0.57000732421875,0.0,-0.0038250389738049,False,2026-06-29,False,False,0.57,0.3249,0.57,0.0038,,1.0,0.57000732421875
PLTR,_NaiveModel,112.93000030517578,115.6999969482422,2026-06-29 00:00:00,0.0,2.7699966430664205,0.0,0.0245284391709991,False,2026-06-29,False,False,2.77,7.6729,2.77,0.0239,,1.0,-2.7699966430664205
TSLA,_NaiveModel,379.7099914550781,411.8399963378906,2026-06-29 00:00:00,0.0,32.1300048828125,0.0,0.0846172226326935,False,2026-06-29,False,False,32.13,1032.3372,32.13,0.078,,1.0,-32.1300048828125
TSM,_NaiveModel,432.3500061035156,455.1000061035156,2026-06-29 00:00:00,0.0,22.75,0.0,0.0526194048313557,False,2026-06-29,False,False,22.75,517.5625,22.75,0.05,,1.0,-22.75
UNH,_NaiveModel,427.8900146484375,419.8200073242188,2026-06-29 00:00:00,0.0,-8.070007324218693,0.0,-0.0188600038513382,False,2026-06-29,False,False,8.07,65.125,8.07,0.0192,,1.0,8.070007324218693
V,_NaiveModel,336.2300109863281,341.6499938964844,2026-06-29 00:00:00,0.0,5.41998291015625,0.0,0.0161198665587785,False,2026-06-29,False,False,5.42,29.3762,5.42,0.0159,,1.0,-5.41998291015625
WMT,_NaiveModel,115.69000244140624,114.5999984741211,2026-06-29 00:00:00,0.0,-1.090003967285142,0.0,-0.0094217645801952,False,2026-06-29,False,False,1.09,1.1881,1.09,0.0095,,1.0,1.090003967285142
XOM,_NaiveModel,136.5399932861328,136.05999755859375,2026-06-29 00:00:00,0.0,-0.4799957275390625,0.0,-0.0035154222289522,False,2026-06-29,False,False,0.48,0.2304,0.48,0.0035,,1.0,0.4799957275390625
AAPL,_NaiveModel,293.0799865722656,275.1499938964844,2026-06-25 00:00:00,0.0,-17.92999267578125,0.0,-0.0611778132157113,False,2026-06-25,False,False,17.93,321.4846,17.93,0.0652,,1.0,17.92999267578125
AMD,_NaiveModel,519.739990234375,532.5700073242188,2026-06-25 00:00:00,0.0,12.83001708984375,0.0,0.0246854529782441,False,2026-06-25,False,False,12.83,164.6093,12.83,0.0241,,1.0,-12.83001708984375
AMZN,_NaiveModel,234.2700042724609,227.009994506836,2026-06-25 00:00:00,0.0,-7.260009765624943,0.0,-0.0309899245879613,False,2026-06-25,False,False,7.26,52.7077,7.26,0.032,,1.0,7.260009765624915
ASML,_NaiveModel,1762.77001953125,1841.1800537109373,2026-06-25 00:00:00,0.0,78.41003417968727,0.0,0.0444811480289061,False,2026-06-25,False,False,78.41,6148.1335,78.41,0.0426,,1.0,-78.41003417968727
AVGO,_NaiveModel,382.0700073242188,378.9100036621094,2026-06-25 00:00:00,0.0,-3.160003662109432,0.0,-0.0082707451554235,False,2026-06-25,False,False,3.16,9.9856,3.16,0.0083,,1.0,3.160003662109432
BRK-B,_NaiveModel,494.80999755859375,487.80999755859375,2026-06-25 00:00:00,0.0,-7.0,0.0,-0.0141468443130458,False,2026-06-25,False,False,7.0,49.0,7.0,0.0143,,1.0,7.0
CAT,_NaiveModel,994.4500122070312,1057.010009765625,2026-06-25 00:00:00,0.0,62.55999755859375,0.0,0.0629091425317108,False,2026-06-25,False,False,62.56,3913.7533,62.56,0.0592,,1.0,-62.55999755859375
COST,_NaiveModel,961.0900268554688,942.239990234375,2026-06-25 00:00:00,0.0,-18.85003662109375,0.0,-0.0196131851276909,False,2026-06-25,False,False,18.85,355.3239,18.85,0.02,,1.0,18.85003662109375
CRM,_NaiveModel,152.75999450683594,150.19000244140625,2026-06-25 00:00:00,0.0,-2.5699920654296875,0.0,-0.0168237245211126,False,2026-06-25,False,False,2.57,6.6049,2.57,0.0171,,1.0,2.5699920654296875
GOOGL,_NaiveModel,345.2900085449219,343.7099914550781,2026-06-25 00:00:00,0.0,-1.58001708984375,0.0,-0.0045759131476235,False,2026-06-25,False,False,1.58,2.4965,1.58,0.0046,,1.0,1.58001708984375
JNJ,_NaiveModel,241.0,244.8800048828125,2026-06-25 00:00:00,0.0,3.8800048828125,0.0,0.0160996053228734,False,2026-06-25,False,False,3.88,15.0544,3.88,0.0158,,1.0,-3.8800048828125
JPM,_NaiveModel,333.45001220703125,335.1199951171875,2026-06-25 00:00:00,0.0,1.66998291015625,0.0,0.0050081956785756,False,2026-06-25,False,False,1.67,2.7888,1.67,0.005,,1.0,-1.66998291015625
LLY,_NaiveModel,1117.260009765625,1127.68994140625,2026-06-25 00:00:00,0.0,10.429931640625,0.0,0.0093352769717524,False,2026-06-25,False,False,10.4299,108.7835,10.4299,0.0092,,1.0,-10.429931640625
LMT,_NaiveModel,491.6400146484375,505.0199890136719,2026-06-25 00:00:00,0.0,13.379974365234377,0.0,0.0272149824395439,False,2026-06-25,False,False,13.38,179.0237,13.38,0.0265,,1.0,-13.379974365234375
MA,_NaiveModel,494.4100036621094,488.9200134277344,2026-06-25 00:00:00,0.0,-5.489990234375,0.0,-0.0111041244993233,False,2026-06-25,False,False,5.49,30.14,5.49,0.0112,,1.0,5.489990234375
MCD,_NaiveModel,273.8800048828125,264.5400085449219,2026-06-25 00:00:00,0.0,-9.339996337890623,0.0,-0.0341025126748008,False,2026-06-25,False,False,9.34,87.2355,9.34,0.0353,,1.0,9.339996337890625
META,_NaiveModel,557.6699829101562,542.8699951171875,2026-06-25 00:00:00,0.0,-14.79998779296875,0.0,-0.0265389715181301,False,2026-06-25,False,False,14.8,219.0396,14.8,0.0273,,1.0,14.79998779296875
MRK,_NaiveModel,120.5999984741211,125.4499969482422,2026-06-25 00:00:00,0.0,4.849998474121108,0.0,0.0402155765794793,False,2026-06-25,False,False,4.85,23.5225,4.85,0.0387,,1.0,-4.849998474121108
MSFT,_NaiveModel,365.4599914550781,352.8299865722656,2026-06-25 00:00:00,0.0,-12.6300048828125,0.0,-0.0345591998525643,False,2026-06-25,False,False,12.63,159.517,12.63,0.0358,,1.0,12.6300048828125
NEE,_NaiveModel,87.62000274658203,87.69999694824219,2026-06-25 00:00:00,0.0,0.0799942016601562,0.0,0.0009129673493793,False,2026-06-25,False,False,0.08,0.0064,0.08,0.0009,,1.0,-0.07999420166015625
NVDA,_NaiveModel,199.0,195.7400054931641,2026-06-25 00:00:00,0.0,-3.259994506835909,0.0,-0.016381881943899,False,2026-06-25,False,False,3.26,10.6276,3.26,0.0167,,1.0,3.259994506835909
ORCL,_NaiveModel,157.52999877929688,152.4600067138672,2026-06-25 00:00:00,0.0,-5.069992065429688,0.0,-0.0321842957196544,False,2026-06-25,False,False,5.07,25.7048,5.07,0.0333,,1.0,5.0699920654296875
PG,_NaiveModel,152.0399932861328,148.5,2026-06-25 00:00:00,0.0,-3.5399932861328125,0.0,-0.0232833033573652,False,2026-06-25,False,False,3.54,12.5316,3.54,0.0238,,1.0,3.5399932861328125
PLTR,_NaiveModel,113.5,107.2699966430664,2026-06-25 00:00:00,0.0,-6.230003356933594,0.0,-0.0548898974179171,False,2026-06-25,False,False,6.23,38.8129,6.23,0.0581,,1.0,6.230003356933594
TSLA,_NaiveModel,375.5299987792969,375.1199951171875,2026-06-25 00:00:00,0.0,-0.410003662109375,0.0,-0.0010918000251435,False,2026-06-25,False,False,0.41,0.1681,0.41,0.0011,,1.0,0.410003662109375
TSM,_NaiveModel,440.8299865722656,434.989990234375,2026-06-25 00:00:00,0.0,-5.839996337890625,0.0,-0.0132477293191879,False,2026-06-25,False,False,5.84,34.1056,5.84,0.0134,,1.0,5.839996337890625
UNH,_NaiveModel,405.7999877929688,415.5299987792969,2026-06-25 00:00:00,0.0,9.730010986328068,0.0,0.0239773565278965,False,2026-06-25,False,False,9.73,94.6731,9.73,0.0234,,1.0,-9.730010986328068
V,_NaiveModel,332.2300109863281,330.5199890136719,2026-06-25 00:00:00,0.0,-1.71002197265625,0.0,-0.0051471026581238,False,2026-06-25,False,False,1.71,2.9242,1.71,0.0052,,1.0,1.71002197265625
WMT,_NaiveModel,119.0,115.77999877929688,2026-06-25 00:00:00,0.0,-3.220001220703125,0.0,-0.0270588337874212,False,2026-06-25,False,False,3.22,10.3684,3.22,0.0278,,1.0,3.220001220703125
XOM,_NaiveModel,136.89999389648438,137.5500030517578,2026-06-25 00:00:00,0.0,0.6500091552734375,0.0,0.0047480583217917,False,2026-06-25,False,False,0.65,0.4225,0.65,0.0047,,1.0,-0.6500091552734375
AAPL,_NaiveModel,294.29998779296875,293.0799865722656,2026-06-24 00:00:00,0.0,-1.220001220703125,0.0,-0.0041454341532673,False,2026-06-24,False,False,1.22,1.4884,1.22,0.0042,,1.0,1.220001220703125
AMD,_NaiveModel,519.8499755859375,519.739990234375,2026-06-24 00:00:00,0.0,-0.1099853515625,0.0,-0.0002115713315914,False,2026-06-24,False,False,0.11,0.0121,0.11,0.0002,,1.0,0.1099853515625
AMZN,_NaiveModel,234.1100006103516,234.2700042724609,2026-06-24 00:00:00,0.0,0.1600036621093181,0.0,0.0006834550497294,False,2026-06-24,False,False,0.16,0.0256,0.16,0.0007,,1.0,-0.16000366210931816
ASML,_NaiveModel,1778.4599609375,1762.77001953125,2026-06-24 00:00:00,0.0,-15.68994140625,0.0,-0.0088222067130368,False,2026-06-24,False,False,15.6899,246.1743,15.6899,0.0089,,1.0,15.68994140625
AVGO,_NaiveModel,380.1499938964844,382.0700073242188,2026-06-24 00:00:00,0.0,1.920013427734432,0.0,0.0050506733093812,False,2026-06-24,False,False,1.92,3.6865,1.92,0.005,,1.0,-1.9200134277344318
BRK-B,_NaiveModel,492.80999755859375,494.80999755859375,2026-06-24 00:00:00,0.0,2.0,0.0,0.0040583592254785,False,2026-06-24,False,False,2.0,4.0,2.0,0.004,,1.0,-2.0
CAT,_NaiveModel,984.239990234375,994.4500122070312,2026-06-24 00:00:00,0.0,10.21002197265625,0.0,0.0103735085690076,False,2026-06-24,False,False,10.21,104.2445,10.21,0.0103,,1.0,-10.21002197265625
COST,_NaiveModel,957.6799926757812,961.0900268554688,2026-06-24 00:00:00,0.0,3.4100341796875,0.0,0.0035607240474553,False,2026-06-24,False,False,3.41,11.6283,3.41,0.0035,,1.0,-3.4100341796875
CRM,_NaiveModel,153.4199981689453,152.75999450683594,2026-06-24 00:00:00,0.0,-0.660003662109375,0.0,-0.0043019402293473,False,2026-06-24,False,False,0.66,0.4356,0.66,0.0043,,1.0,0.660003662109375
GOOGL,_NaiveModel,346.1300048828125,345.2900085449219,2026-06-24 00:00:00,0.0,-0.839996337890625,0.0,-0.0024268232341631,False,2026-06-24,False,False,0.84,0.7056,0.84,0.0024,,1.0,0.839996337890625
JNJ,_NaiveModel,239.0800018310547,241.0,2026-06-24 00:00:00,0.0,1.9199981689453125,0.0,0.008030776954327,False,2026-06-24,False,False,1.92,3.6864,1.92,0.008,,1.0,-1.9199981689453125
JPM,_NaiveModel,334.1400146484375,333.45001220703125,2026-06-24 00:00:00,0.0,-0.69000244140625,0.0,-0.0020650099094902,False,2026-06-24,False,False,0.69,0.4761,0.69,0.0021,,1.0,0.69000244140625
LLY,_NaiveModel,1107.0799560546875,1117.260009765625,2026-06-24 00:00:00,0.0,10.1800537109375,0.0,0.0091954096497386,False,2026-06-24,False,False,10.1801,103.6335,10.1801,0.0091,,1.0,-10.1800537109375
LMT,_NaiveModel,503.6700134277344,491.6400146484375,2026-06-24 00:00:00,0.0,-12.029998779296877,0.0,-0.0238846833414332,False,2026-06-24,False,False,12.03,144.7209,12.03,0.0245,,1.0,12.029998779296875
MA,_NaiveModel,488.0700073242188,494.4100036621094,2026-06-24 00:00:00,0.0,6.339996337890568,0.0,0.0129899322694479,False,2026-06-24,False,False,6.34,40.1956,6.34,0.0128,,1.0,-6.339996337890568
MCD,_NaiveModel,271.6600036621094,273.8800048828125,2026-06-24 00:00:00,0.0,2.220001220703125,0.0,0.0081719840638166,False,2026-06-24,False,False,2.22,4.9284,2.22,0.0081,,1.0,-2.220001220703125
META,_NaiveModel,562.2000122070312,557.6699829101562,2026-06-24 00:00:00,0.0,-4.530029296875,0.0,-0.0080576826725624,False,2026-06-24,False,False,4.53,20.5212,4.53,0.0081,,1.0,4.530029296875
MRK,_NaiveModel,119.5999984741211,120.5999984741211,2026-06-24 00:00:00,0.0,1.0,0.0,0.0083612041200517,False,2026-06-24,False,False,1.0,1.0,1.0,0.0083,,1.0,-1.0
MSFT,_NaiveModel,373.9400024414063,365.4599914550781,2026-06-24 00:00:00,0.0,-8.480010986328182,0.0,-0.0226774641144656,False,2026-06-24,False,False,8.48,71.9106,8.48,0.0232,,1.0,8.480010986328182
NEE,_NaiveModel,86.43000030517578,87.62000274658203,2026-06-24 00:00:00,0.0,1.19000244140625,0.0,0.0137683956635944,False,2026-06-24,False,False,1.19,1.4161,1.19,0.0136,,1.0,-1.19000244140625
NVDA,_NaiveModel,200.0399932861328,199.0,2026-06-24 00:00:00,0.0,-1.0399932861328125,0.0,-0.0051989268198246,False,2026-06-24,False,False,1.04,1.0816,1.04,0.0052,,1.0,1.0399932861328125
ORCL,_NaiveModel,165.16000366210938,157.52999877929688,2026-06-24 00:00:00,0.0,-7.6300048828125,0.0,-0.0461976550837468,False,2026-06-24,False,False,7.63,58.217,7.63,0.0484,,1.0,7.6300048828125
PG,_NaiveModel,150.86000061035156,152.0399932861328,2026-06-24 00:00:00,0.0,1.17999267578125,0.0,0.0078217729749915,False,2026-06-24,False,False,1.18,1.3924,1.18,0.0078,,1.0,-1.17999267578125
PLTR,_NaiveModel,116.6999969482422,113.5,2026-06-24 00:00:00,0.0,-3.1999969482422017,0.0,-0.0274207114989166,False,2026-06-24,False,False,3.2,10.24,3.2,0.0282,,1.0,3.1999969482422017
TSLA,_NaiveModel,381.6099853515625,375.5299987792969,2026-06-24 00:00:00,0.0,-6.079986572265625,0.0,-0.0159324619523893,False,2026-06-24,False,False,6.08,36.9662,6.08,0.0162,,1.0,6.079986572265625
TSM,_NaiveModel,436.3900146484375,440.8299865722656,2026-06-24 00:00:00,0.0,4.439971923828125,0.0,0.0101743206186902,False,2026-06-24,False,False,4.44,19.7134,4.44,0.0101,,1.0,-4.439971923828125
UNH,_NaiveModel,409.25,405.7999877929688,2026-06-24 00:00:00,0.0,-3.450012207031193,0.0,-0.0084300848064293,False,2026-06-24,False,False,3.45,11.9026,3.45,0.0085,,1.0,3.450012207031193
V,_NaiveModel,328.4800109863281,332.2300109863281,2026-06-24 00:00:00,0.0,3.75,0.0,0.0114162197837848,False,2026-06-24,False,False,3.75,14.0625,3.75,0.0113,,1.0,-3.75
WMT,_NaiveModel,119.41999816894533,119.0,2026-06-24 00:00:00,0.0,-0.4199981689453267,0.0,-0.0035169835486946,False,2026-06-24,False,False,0.42,0.1764,0.42,0.0035,,1.0,0.4199981689453267
XOM,_NaiveModel,139.72999572753906,136.89999389648438,2026-06-24 00:00:00,0.0,-2.8300018310546875,0.0,-0.0202533594617217,False,2026-06-24,False,False,2.83,8.0089,2.83,0.0207,,1.0,2.8300018310546875
AAPL,_NaiveModel,297.010009765625,294.29998779296875,2026-06-23 00:00:00,0.0,-2.71002197265625,0.0,-0.0091243455895468,False,2026-06-23,False,False,2.71,7.3442,2.71,0.0092,,1.0,2.71002197265625
AMD,_NaiveModel,551.6300048828125,519.8499755859375,2026-06-23 00:00:00,0.0,-31.780029296875,0.0,-0.0576111324902029,False,2026-06-23,False,False,31.78,1009.9703,31.78,0.0611,,1.0,31.780029296875
AMZN,_NaiveModel,232.7899932861328,234.1100006103516,2026-06-23 00:00:00,0.0,1.3200073242187784,0.0,0.0056703782906866,False,2026-06-23,False,False,1.32,1.7424,1.32,0.0056,,1.0,-1.3200073242187784
ASML,_NaiveModel,1929.25,1778.4599609375,2026-06-23 00:00:00,0.0,-150.7900390625,0.0,-0.0781599269470001,False,2026-06-23,False,False,150.79,22737.6359,150.79,0.0848,,1.0,150.7900390625
AVGO,_NaiveModel,392.1300048828125,380.1499938964844,2026-06-23 00:00:00,0.0,-11.980010986328123,0.0,-0.0305511203864859,False,2026-06-23,False,False,11.98,143.5207,11.98,0.0315,,1.0,11.980010986328125
BRK-B,_NaiveModel,488.6900024414063,492.80999755859375,2026-06-23 00:00:00,0.0,4.119995117187443,0.0,0.0084306924565771,False,2026-06-23,False,False,4.12,16.9744,4.12,0.0084,,1.0,-4.119995117187443
CAT,_NaiveModel,1022.280029296875,984.239990234375,2026-06-23 00:00:00,0.0,-38.0400390625,0.0,-0.0372109773959528,False,2026-06-23,False,False,38.04,1447.0446,38.04,0.0386,,1.0,38.0400390625
COST,_NaiveModel,951.3499755859376,957.6799926757812,2026-06-23 00:00:00,0.0,6.330017089843636,0.0,0.0066537207676333,False,2026-06-23,False,False,6.33,40.0691,6.33,0.0066,,1.0,-6.330017089843636
CRM,_NaiveModel,150.1199951171875,153.4199981689453,2026-06-23 00:00:00,0.0,3.3000030517578125,0.0,0.0219824351125361,False,2026-06-23,False,False,3.3,10.89,3.3,0.0215,,1.0,-3.3000030517578125
GOOGL,_NaiveModel,349.67999267578125,346.1300048828125,2026-06-23 00:00:00,0.0,-3.54998779296875,0.0,-0.0101521044020961,False,2026-06-23,False,False,3.55,12.6024,3.55,0.0103,,1.0,3.54998779296875
JNJ,_NaiveModel,231.2899932861328,239.0800018310547,2026-06-23 00:00:00,0.0,7.790008544921875,0.0,0.0336806985647871,False,2026-06-23,False,False,7.79,60.6842,7.79,0.0326,,1.0,-7.790008544921875
JPM,_NaiveModel,331.4800109863281,334.1400146484375,2026-06-23 00:00:00,0.0,2.660003662109375,0.0,0.0080246276515873,False,2026-06-23,False,False,2.66,7.0756,2.66,0.008,,1.0,-2.660003662109375
LLY,_NaiveModel,1102.0799560546875,1107.0799560546875,2026-06-23 00:00:00,0.0,5.0,0.0,0.0045368759068075,False,2026-06-23,False,False,5.0,25.0,5.0,0.0045,,1.0,-5.0
LMT,_NaiveModel,493.6000061035156,503.6700134277344,2026-06-23 00:00:00,0.0,10.07000732421875,0.0,0.0204011491079822,False,2026-06-23,False,False,10.07,101.405,10.07,0.02,,1.0,-10.07000732421875
MA,_NaiveModel,484.0899963378906,488.0700073242188,2026-06-23 00:00:00,0.0,3.980010986328182,0.0,0.008221634440779,False,2026-06-23,False,False,3.98,15.8405,3.98,0.0082,,1.0,-3.980010986328182
MCD,_NaiveModel,270.1000061035156,271.6600036621094,2026-06-23 00:00:00,0.0,1.55999755859375,0.0,0.00577562948294,False,2026-06-23,False,False,1.56,2.4336,1.56,0.0057,,1.0,-1.55999755859375
META,_NaiveModel,563.8499755859375,562.2000122070312,2026-06-23 00:00:00,0.0,-1.64996337890625,0.0,-0.0029262453672923,False,2026-06-23,False,False,1.65,2.7224,1.65,0.0029,,1.0,1.64996337890625
MRK,_NaiveModel,115.4800033569336,119.5999984741211,2026-06-23 00:00:00,0.0,4.1199951171875,0.0,0.0356771302166759,False,2026-06-23,False,False,4.12,16.9744,4.12,0.0344,,1.0,-4.1199951171875
MSFT,_NaiveModel,367.3399963378906,373.9400024414063,2026-06-23 00:00:00,0.0,6.600006103515682,0.0,0.0179670228380053,False,2026-06-23,False,False,6.6,43.5601,6.6,0.0176,,1.0,-6.600006103515682
NEE,_NaiveModel,86.08000183105469,86.43000030517578,2026-06-23 00:00:00,0.0,0.3499984741210937,0.0,0.0040659673173337,False,2026-06-23,False,False,0.35,0.1225,0.35,0.004,,1.0,-0.34999847412109375
NVDA,_NaiveModel,208.6499938964844,200.0399932861328,2026-06-23 00:00:00,0.0,-8.610000610351591,0.0,-0.0412652809116457,False,2026-06-23,False,False,8.61,74.1321,8.61,0.043,,1.0,8.610000610351591
ORCL,_NaiveModel,175.07000732421875,165.16000366210938,2026-06-23 00:00:00,0.0,-9.910003662109377,0.0,-0.0566059476067574,False,2026-06-23,False,False,9.91,98.2082,9.91,0.06,,1.0,9.910003662109375
PG,_NaiveModel,147.67999267578125,150.86000061035156,2026-06-23 00:00:00,0.0,3.1800079345703125,0.0,0.0215330992164371,False,2026-06-23,False,False,3.18,10.1125,3.18,0.0211,,1.0,-3.1800079345703125
PLTR,_NaiveModel,119.5,116.6999969482422,2026-06-23 00:00:00,0.0,-2.8000030517577983,0.0,-0.0234309878808183,False,2026-06-23,False,False,2.8,7.84,2.8,0.024,,1.0,2.8000030517577983
TSLA,_NaiveModel,405.0499877929688,381.6099853515625,2026-06-23 00:00:00,0.0,-23.440002441406307,0.0,-0.0578694066110849,False,2026-06-23,False,False,23.44,549.4337,23.44,0.0614,,1.0,23.440002441406307
TSM,_NaiveModel,467.6700134277344,436.3900146484375,2026-06-23 00:00:00,0.0,-31.279998779296875,0.0,-0.0668847646442705,False,2026-06-23,False,False,31.28,978.4383,31.28,0.0717,,1.0,31.279998779296875
UNH,_NaiveModel,406.6799926757813,409.25,2026-06-23 00:00:00,0.0,2.570007324218693,0.0,0.0063194830591717,False,2026-06-23,False,False,2.57,6.6049,2.57,0.0063,,1.0,-2.570007324218693
V,_NaiveModel,326.6000061035156,328.4800109863281,2026-06-23 00:00:00,0.0,1.8800048828125,0.0,0.0057562916340443,False,2026-06-23,False,False,1.88,3.5344,1.88,0.0057,,1.0,-1.8800048828125
WMT,_NaiveModel,117.18000030517578,119.41999816894533,2026-06-23 00:00:00,0.0,2.239997863769545,0.0,0.0191158718035146,False,2026-06-23,False,False,2.24,5.0176,2.24,0.0188,,1.0,-2.2399978637695455
XOM,_NaiveModel,138.47000122070312,139.72999572753906,2026-06-23 00:00:00,0.0,1.2599945068359375,0.0,0.0090994041722269,False,2026-06-23,False,False,1.26,1.5876,1.26,0.009,,1.0,-1.2599945068359375
AAPL,_NaiveModel,295.95001220703125,298.010009765625,2026-06-18 00:00:00,0.0,2.05999755859375,0.0,0.0069606267059474,False,2026-06-18,False,False,2.06,4.2436,2.06,0.0069,,1.0,-2.05999755859375
AMD,_NaiveModel,512.47998046875,537.3699951171875,2026-06-18 00:00:00,0.0,24.8900146484375,0.0,0.0485677794197372,False,2026-06-18,False,False,24.89,619.5128,24.89,0.0463,,1.0,-24.8900146484375
AMZN,_NaiveModel,237.5,244.38999938964844,2026-06-18 00:00:00,0.0,6.8899993896484375,0.0,0.0290105237458881,False,2026-06-18,False,False,6.89,47.4721,6.89,0.0282,,1.0,-6.8899993896484375
ASML,_NaiveModel,1867.8299560546875,1929.6800537109373,2026-06-18 00:00:00,0.0,61.85009765624977,0.0,0.0331133449572102,False,2026-06-18,False,False,61.8501,3825.4346,61.8501,0.0321,,1.0,-61.85009765624977
AVGO,_NaiveModel,392.8999938964844,411.3500061035156,2026-06-18 00:00:00,0.0,18.45001220703125,0.0,0.0469585454152289,False,2026-06-18,False,False,18.45,340.403,18.45,0.0449,,1.0,-18.45001220703125
BRK-B,_NaiveModel,491.2799987792969,489.4599914550781,2026-06-18 00:00:00,0.0,-1.82000732421875,0.0,-0.003704623287618,False,2026-06-18,False,False,1.82,3.3124,1.82,0.0037,,1.0,1.82000732421875
CAT,_NaiveModel,955.9199829101562,985.8200073242188,2026-06-18 00:00:00,0.0,29.9000244140625,0.0,0.0312787941968074,False,2026-06-18,False,False,29.9,894.0115,29.9,0.0303,,1.0,-29.9000244140625
COST,_NaiveModel,965.5900268554688,951.4500122070312,2026-06-18 00:00:00,0.0,-14.1400146484375,0.0,-0.0146439112409701,False,2026-06-18,False,False,14.14,199.94,14.14,0.0149,,1.0,14.1400146484375
CRM,_NaiveModel,155.02000427246094,151.77999877929688,2026-06-18 00:00:00,0.0,-3.2400054931640625,0.0,-0.0209005638231661,False,2026-06-18,False,False,3.24,10.4976,3.24,0.0213,,1.0,3.2400054931640625
GOOGL,_NaiveModel,363.7900085449219,368.0299987792969,2026-06-18 00:00:00,0.0,4.239990234375,0.0,0.0116550486126158,False,2026-06-18,False,False,4.24,17.9775,4.24,0.0115,,1.0,-4.239990234375
JNJ,_NaiveModel,234.1999969482422,228.38999938964844,2026-06-18 00:00:00,0.0,-5.80999755859375,0.0,-0.0248078464316878,False,2026-06-18,False,False,5.81,33.7561,5.81,0.0254,,1.0,5.80999755859375
JPM,_NaiveModel,333.4599914550781,325.2200012207031,2026-06-18 00:00:00,0.0,-8.239990234375,0.0,-0.024710581315675,False,2026-06-18,False,False,8.24,67.8974,8.24,0.0253,,1.0,8.239990234375
LLY,_NaiveModel,1112.0,1098.5699462890625,2026-06-18 00:00:00,0.0,-13.4300537109375,0.0,-0.0120773864306991,False,2026-06-18,False,False,13.4301,180.3663,13.4301,0.0122,,1.0,13.4300537109375
LMT,_NaiveModel,532.3200073242188,510.9500122070313,2026-06-18 00:00:00,0.0,-21.369995117187443,0.0,-0.0401450158234831,False,2026-06-18,False,False,21.37,456.6767,21.37,0.0418,,1.0,21.369995117187443
MA,_NaiveModel,492.989990234375,489.7900085449219,2026-06-18 00:00:00,0.0,-3.199981689453125,0.0,-0.0064909668610752,False,2026-06-18,False,False,3.2,10.2399,3.2,0.0065,,1.0,3.199981689453125
MCD,_NaiveModel,283.82000732421875,278.6099853515625,2026-06-18 00:00:00,0.0,-5.21002197265625,0.0,-0.0183567818977068,False,2026-06-18,False,False,5.21,27.1443,5.21,0.0187,,1.0,5.21002197265625
META,_NaiveModel,567.5800170898438,577.219970703125,2026-06-18 00:00:00,0.0,9.63995361328125,0.0,0.0169843076271575,False,2026-06-18,False,False,9.64,92.9287,9.64,0.0167,,1.0,-9.63995361328125
MRK,_NaiveModel,115.44000244140624,113.87000274658205,2026-06-18 00:00:00,0.0,-1.5699996948241903,0.0,-0.0136001356689252,False,2026-06-18,False,False,1.57,2.4649,1.57,0.0138,,1.0,1.5699996948241903
MSFT,_NaiveModel,378.9100036621094,379.3999938964844,2026-06-18 00:00:00,0.0,0.489990234375,0.0,0.0012931572923367,False,2026-06-18,False,False,0.49,0.2401,0.49,0.0013,,1.0,-0.489990234375
NEE,_NaiveModel,85.7300033569336,86.75,2026-06-18 00:00:00,0.0,1.0199966430664062,0.0,0.0118977791103038,False,2026-06-18,False,False,1.02,1.0404,1.02,0.0118,,1.0,-1.0199966430664062
NVDA,_NaiveModel,204.6499938964844,210.69000244140625,2026-06-18 00:00:00,0.0,6.040008544921847,0.0,0.0295138466897633,False,2026-06-18,False,False,6.04,36.4817,6.04,0.0287,,1.0,-6.040008544921847
ORCL,_NaiveModel,183.52999877929688,184.2899932861328,2026-06-18 00:00:00,0.0,0.7599945068359375,0.0,0.0041409824654871,False,2026-06-18,False,False,0.76,0.5776,0.76,0.0041,,1.0,-0.7599945068359375
PG,_NaiveModel,150.55999755859375,150.3800048828125,2026-06-18 00:00:00,0.0,-0.17999267578125,0.0,-0.0011954880359984,False,2026-06-18,False,False,0.18,0.0324,0.18,0.0012,,1.0,0.17999267578125
PLTR,_NaiveModel,130.6300048828125,128.47000122070312,2026-06-18 00:00:00,0.0,-2.160003662109375,0.0,-0.0165352796552913,False,2026-06-18,False,False,2.16,4.6656,2.16,0.0168,,1.0,2.160003662109375
TSLA,_NaiveModel,396.3800048828125,400.489990234375,2026-06-18 00:00:00,0.0,4.1099853515625,0.0,0.0103688009004833,False,2026-06-18,False,False,4.11,16.892,4.11,0.0103,,1.0,-4.1099853515625
TSM,_NaiveModel,432.1499938964844,462.1199951171875,2026-06-18 00:00:00,0.0,29.970001220703125,0.0,0.0693509236237129,False,2026-06-18,False,False,29.97,898.201,29.97,0.0649,,1.0,-29.970001220703125
UNH,_NaiveModel,399.5299987792969,400.9599914550781,2026-06-18 00:00:00,0.0,1.42999267578125,0.0,0.0035791872453892,False,2026-06-18,False,False,1.43,2.0449,1.43,0.0036,,1.0,-1.42999267578125
V,_NaiveModel,330.3800048828125,327.239990234375,2026-06-18 00:00:00,0.0,-3.1400146484375,0.0,-0.009504251474151,False,2026-06-18,False,False,3.14,9.8597,3.14,0.0096,,1.0,3.1400146484375
WMT,_NaiveModel,118.12999725341795,117.18000030517578,2026-06-18 00:00:00,0.0,-0.9499969482421732,0.0,-0.008041961993821,False,2026-06-18,False,False,0.95,0.9025,0.95,0.0081,,1.0,0.9499969482421733
XOM,_NaiveModel,140.74000549316406,137.80999755859375,2026-06-18 00:00:00,0.0,-2.9300079345703125,0.0,-0.0208185861887907,False,2026-06-18,False,False,2.93,8.5849,2.93,0.0213,,1.0,2.9300079345703125
AAPL,_NaiveModel,295.6300048828125,291.1300048828125,2026-06-12 00:00:00,0.0,-4.5,0.0,-0.0152217296136222,False,2026-06-12,False,False,4.5,20.25,4.5,0.0155,,1.0,4.5
AMD,_NaiveModel,488.4500122070313,511.5700073242188,2026-06-12 00:00:00,0.0,23.1199951171875,0.0,0.047333390396944,False,2026-06-12,False,False,23.12,534.5342,23.12,0.0452,,1.0,-23.1199951171875
AMZN,_NaiveModel,241.509994506836,238.5500030517578,2026-06-12 00:00:00,2.8421709430404014e-14,-2.9599914550781534,1.1768336746659786e-16,-0.0122561861720152,False,2026-06-12,False,False,2.96,8.7615,2.96,0.0124,,1.0,2.959991455078182
ASML,_NaiveModel,1899.47998046875,1863.550048828125,2026-06-12 00:00:00,0.0,-35.929931640625,0.0,-0.0189156674511295,False,2026-06-12,False,False,35.9299,1290.96,35.9299,0.0193,,1.0,35.929931640625
AVGO,_NaiveModel,385.5700073242188,382.0700073242188,2026-06-12 00:00:00,0.0,-3.5,0.0,-0.0090774695477205,False,2026-06-12,False,False,3.5,12.25,3.5,0.0092,,1.0,3.5
BRK-B,_NaiveModel,485.7900085449219,489.25,2026-06-12 00:00:00,0.0,3.459991455078125,0.0,0.0071224014372831,False,2026-06-12,False,False,3.46,11.9715,3.46,0.0071,,1.0,-3.459991455078125
CAT,_NaiveModel,897.6300048828125,910.5700073242188,2026-06-12 00:00:00,0.0,12.94000244140625,0.0,0.0144157418658209,False,2026-06-12,False,False,12.94,167.4437,12.94,0.0142,,1.0,-12.94000244140625
COST,_NaiveModel,975.6900024414062,982.3499755859376,2026-06-12 00:00:00,0.0,6.659973144531364,0.0,0.0068259110248814,False,2026-06-12,False,False,6.66,44.3552,6.66,0.0068,,1.0,-6.659973144531364
CRM,_NaiveModel,166.4499969482422,165.88999938964844,2026-06-12 00:00:00,0.0,-0.55999755859375,0.0,-0.0033643590799697,False,2026-06-12,False,False,0.56,0.3136,0.56,0.0034,,1.0,0.55999755859375
GOOGL,_NaiveModel,357.7699890136719,359.67999267578125,2026-06-12 00:00:00,0.0,1.910003662109375,0.0,0.0053386357737132,False,2026-06-12,False,False,1.91,3.6481,1.91,0.0053,,1.0,-1.910003662109375
JNJ,_NaiveModel,238.3300018310547,240.8699951171875,2026-06-12 00:00:00,0.0,2.5399932861328125,0.0,0.0106574634608249,False,2026-06-12,False,False,2.54,6.4516,2.54,0.0105,,1.0,-2.5399932861328125
JPM,_NaiveModel,313.489990234375,320.7200012207031,2026-06-12 00:00:00,0.0,7.230010986328125,0.0,0.0230629723804665,False,2026-06-12,False,False,7.23,52.2731,7.23,0.0225,,1.0,-7.230010986328125
LLY,_NaiveModel,1160.949951171875,1133.0,2026-06-12 00:00:00,0.0,-27.949951171875,0.0,-0.0240750698543567,False,2026-06-12,False,False,27.95,781.1998,27.95,0.0247,,1.0,27.949951171875
LMT,_NaiveModel,548.6799926757812,540.3300170898438,2026-06-12 00:00:00,0.0,-8.3499755859375,0.0,-0.0152182979102566,False,2026-06-12,False,False,8.35,69.7221,8.35,0.0155,,1.0,8.3499755859375
MA,_NaiveModel,486.510009765625,489.9800109863281,2026-06-12 00:00:00,0.0,3.470001220703125,0.0,0.0071324354094477,False,2026-06-12,False,False,3.47,12.0409,3.47,0.0071,,1.0,-3.470001220703125
MCD,_NaiveModel,284.7699890136719,284.8099975585937,2026-06-12 00:00:00,0.0,0.0400085449218181,0.0,0.000140494246112,False,2026-06-12,False,False,0.04,0.0016,0.04,0.0001,,1.0,-0.04000854492181816
META,_NaiveModel,568.4299926757812,566.97998046875,2026-06-12 00:00:00,0.0,-1.45001220703125,0.0,-0.0025509072809574,False,2026-06-12,False,False,1.45,2.1025,1.45,0.0026,,1.0,1.45001220703125
MRK,_NaiveModel,120.76000213623048,119.0500030517578,2026-06-12 00:00:00,0.0,-1.709999084472685,0.0,-0.0141603101542149,False,2026-06-12,False,False,1.71,2.9241,1.71,0.0144,,1.0,1.7099990844726847
MSFT,_NaiveModel,390.3399963378906,390.739990234375,2026-06-12 00:00:00,0.0,0.399993896484375,0.0,0.0010247320290952,False,2026-06-12,False,False,0.4,0.16,0.4,0.001,,1.0,-0.399993896484375
NEE,_NaiveModel,84.83999633789062,85.98999786376953,2026-06-12 00:00:00,0.0,1.1500015258789062,0.0,0.0135549454917326,False,2026-06-12,False,False,1.15,1.3225,1.15,0.0134,,1.0,-1.1500015258789062
NVDA,_NaiveModel,204.8699951171875,205.19000244140625,2026-06-12 00:00:00,0.0,0.32000732421875,0.0,0.0015620019126554,False,2026-06-12,False,False,0.32,0.1024,0.32,0.0016,,1.0,-0.32000732421875
ORCL,_NaiveModel,184.1000061035156,184.1300048828125,2026-06-12 00:00:00,0.0,0.0299987792969034,0.0,0.000162948279752,False,2026-06-12,False,False,0.03,0.0009,0.03,0.0002,,1.0,-0.02999877929690342
PG,_NaiveModel,148.33999633789062,149.61000061035156,2026-06-12 00:00:00,0.0,1.2700042724609375,0.0,0.0085614419833751,False,2026-06-12,False,False,1.27,1.6129,1.27,0.0085,,1.0,-1.2700042724609375
PLTR,_NaiveModel,131.0800018310547,127.98999786376952,2026-06-12 00:00:00,0.0,-3.0900039672851705,0.0,-0.0235734202328421,False,2026-06-12,False,False,3.09,9.5481,3.09,0.0241,,1.0,3.0900039672851705
TSLA,_NaiveModel,399.1499938964844,406.4299926757813,2026-06-12 00:00:00,0.0,7.279998779296932,0.0,0.0182387545800261,False,2026-06-12,False,False,7.28,52.9984,7.28,0.0179,,1.0,-7.279998779296932
TSM,_NaiveModel,421.0700073242188,423.9299926757813,2026-06-12 00:00:00,0.0,2.8599853515625,0.0,0.006792184914183,False,2026-06-12,False,False,2.86,8.1795,2.86,0.0067,,1.0,-2.8599853515625
UNH,_NaiveModel,405.5499877929688,408.5199890136719,2026-06-12 00:00:00,0.0,2.970001220703068,0.0,0.0073233912220439,False,2026-06-12,False,False,2.97,8.8209,2.97,0.0073,,1.0,-2.970001220703068
V,_NaiveModel,319.04998779296875,322.3900146484375,2026-06-12 00:00:00,0.0,3.34002685546875,0.0,0.010468663166463,False,2026-06-12,False,False,3.34,11.1558,3.34,0.0104,,1.0,-3.34002685546875
WMT,_NaiveModel,120.5,121.04000091552734,2026-06-12 00:00:00,0.0,0.5400009155273438,0.0,0.0044813353985671,False,2026-06-12,False,False,0.54,0.2916,0.54,0.0045,,1.0,-0.5400009155273438
XOM,_NaiveModel,146.60000610351562,147.00999450683594,2026-06-12 00:00:00,0.0,0.4099884033203125,0.0,0.0027966465637853,False,2026-06-12,False,False,0.41,0.1681,0.41,0.0028,,1.0,-0.4099884033203125
AAPL,_NaiveModel,307.3399963378906,301.5400085449219,2026-06-08 00:00:00,0.0,-5.79998779296875,0.0,-0.0188715684976849,False,2026-06-08,False,False,5.8,33.6399,5.8,0.0192,,1.0,5.79998779296875
AMD,_NaiveModel,466.3800048828125,490.3299865722656,2026-06-08 00:00:00,0.0,23.949981689453125,0.0,0.0513529341710758,False,2026-06-08,False,False,23.95,573.6016,23.95,0.0488,,1.0,-23.949981689453125
AMZN,_NaiveModel,246.02999877929688,245.22000122070312,2026-06-08 00:00:00,0.0,-0.80999755859375,0.0,-0.0032922715222234,False,2026-06-08,False,False,0.81,0.6561,0.81,0.0033,,1.0,0.80999755859375
ASML,_NaiveModel,1641.739990234375,1749.0400390625,2026-06-08 00:00:00,0.0,107.300048828125,0.0,0.0653575166995882,False,2026-06-08,False,False,107.3,11513.3005,107.3,0.0613,,1.0,-107.300048828125
AVGO,_NaiveModel,385.7300109863281,396.6000061035156,2026-06-08 00:00:00,0.0,10.8699951171875,0.0,0.0281803199325674,False,2026-06-08,False,False,10.87,118.1568,10.87,0.0274,,1.0,-10.8699951171875
BRK-B,_NaiveModel,488.1300048828125,487.0,2026-06-08 00:00:00,0.0,-1.1300048828125,0.0,-0.0023149670610471,False,2026-06-08,False,False,1.13,1.2769,1.13,0.0023,,1.0,1.1300048828125
CAT,_NaiveModel,904.280029296875,915.6400146484376,2026-06-08 00:00:00,0.0,11.359985351562614,0.0,0.0125624640415818,False,2026-06-08,False,False,11.36,129.0493,11.36,0.0124,,1.0,-11.359985351562614
COST,_NaiveModel,971.8699951171876,974.75,2026-06-08 00:00:00,0.0,2.8800048828123863,0.0,0.0029633643360551,False,2026-06-08,False,False,2.88,8.2944,2.88,0.003,,1.0,-2.8800048828123863
CRM,_NaiveModel,185.6600036621093,182.5500030517578,2026-06-08 00:00:00,-2.8421709430404014e-14,-3.110000610351534,-1.530847186781807e-16,-0.0167510532640705,True,2026-06-08,False,False,3.11,9.6721,3.11,0.017,,1.0,3.1100006103514772
GOOGL,_NaiveModel,368.5299987792969,363.30999755859375,2026-06-08 00:00:00,0.0,-5.220001220703125,0.0,-0.0141643861774988,False,2026-06-08,False,False,5.22,27.2484,5.22,0.0144,,1.0,5.220001220703125
JNJ,_NaiveModel,232.7700042724609,232.16000366210932,2026-06-08 00:00:00,0.0,-0.6100006103515625,0.0,-0.0026206151959233,False,2026-06-08,False,False,0.61,0.3721,0.61,0.0026,,1.0,0.6100006103515909
JPM,_NaiveModel,312.3699951171875,311.1099853515625,2026-06-08 00:00:00,0.0,-1.260009765625,0.0,-0.0040337093361105,False,2026-06-08,False,False,1.26,1.5876,1.26,0.0041,,1.0,1.260009765625
LLY,_NaiveModel,1131.4200439453125,1149.1500244140625,2026-06-08 00:00:00,0.0,17.72998046875,0.0,0.0156705553906617,False,2026-06-08,False,False,17.73,314.3522,17.73,0.0154,,1.0,-17.72998046875
LMT,_NaiveModel,523.760009765625,520.0700073242188,2026-06-08 00:00:00,0.0,-3.69000244140625,0.0,-0.007045216077221,False,2026-06-08,False,False,3.69,13.6161,3.69,0.0071,,1.0,3.69000244140625
MA,_NaiveModel,491.0799865722656,485.6700134277344,2026-06-08 00:00:00,0.0,-5.40997314453125,0.0,-0.0110164805987978,False,2026-06-08,False,False,5.41,29.2678,5.41,0.0111,,1.0,5.40997314453125
MCD,_NaiveModel,279.8399963378906,277.7799987792969,2026-06-08 00:00:00,0.0,-2.05999755859375,0.0,-0.0073613407145218,False,2026-06-08,False,False,2.06,4.2436,2.06,0.0074,,1.0,2.05999755859375
META,_NaiveModel,593.0,585.3900146484375,2026-06-08 00:00:00,0.0,-7.6099853515625,0.0,-0.0128330275743043,False,2026-06-08,False,False,7.61,57.9119,7.61,0.013,,1.0,7.6099853515625
MRK,_NaiveModel,120.79000091552734,119.5199966430664,2026-06-08 00:00:00,0.0,-1.2700042724609375,0.0,-0.0105141506981947,False,2026-06-08,False,False,1.27,1.6129,1.27,0.0106,,1.0,1.2700042724609375
MSFT,_NaiveModel,416.6700134277344,411.739990234375,2026-06-08 00:00:00,0.0,-4.930023193359375,0.0,-0.011831960627074,False,2026-06-08,False,False,4.93,24.3051,4.93,0.012,,1.0,4.930023193359375
NEE,_NaiveModel,85.83999633789062,84.01000213623047,2026-06-08 00:00:00,0.0,-1.829994201660156,0.0,-0.0213186658868993,False,2026-06-08,False,False,1.83,3.3489,1.83,0.0218,,1.0,1.8299942016601562
NVDA,_NaiveModel,205.1000061035156,208.63999938964844,2026-06-08 00:00:00,0.0,3.539993286132841,0.0,0.0172598399843351,False,2026-06-08,False,False,3.54,12.5316,3.54,0.017,,1.0,-3.539993286132841
ORCL,_NaiveModel,213.67999267578125,211.82000732421875,2026-06-08 00:00:00,0.0,-1.8599853515625,0.0,-0.0087045367620574,False,2026-06-08,False,False,1.86,3.4595,1.86,0.0088,,1.0,1.8599853515625
PG,_NaiveModel,146.5399932861328,145.10000610351562,2026-06-08 00:00:00,0.0,-1.4399871826171875,0.0,-0.0098265814698481,False,2026-06-08,False,False,1.44,2.0736,1.44,0.0099,,1.0,1.4399871826171875
PLTR,_NaiveModel,135.52999877929688,136.47000122070312,2026-06-08 00:00:00,0.0,0.94000244140625,0.0,0.0069357518621171,False,2026-06-08,False,False,0.94,0.8836,0.94,0.0069,,1.0,-0.94000244140625
TSLA,_NaiveModel,391.0,408.9500122070313,2026-06-08 00:00:00,0.0,17.950012207031307,0.0,0.0459079596087757,False,2026-06-08,False,False,17.95,322.2029,17.95,0.0439,,1.0,-17.950012207031307
TSM,_NaiveModel,415.1700134277344,426.7999877929688,2026-06-08 00:00:00,0.0,11.629974365234432,0.0,0.0280125586846092,False,2026-06-08,False,False,11.63,135.2563,11.63,0.0272,,1.0,-11.629974365234432
UNH,_NaiveModel,399.4700012207031,406.5700073242188,2026-06-08 00:00:00,0.0,7.100006103515682,0.0,0.0177735651784099,False,2026-06-08,False,False,7.1,50.4101,7.1,0.0175,,1.0,-7.100006103515682
V,_NaiveModel,323.57000732421875,319.6700134277344,2026-06-08 00:00:00,0.0,-3.899993896484375,0.0,-0.0120530142108522,False,2026-06-08,False,False,3.9,15.21,3.9,0.0122,,1.0,3.899993896484375
WMT,_NaiveModel,118.87999725341795,119.83000183105467,2026-06-08 00:00:00,0.0,0.9500045776367188,0.0,0.0079912903733635,False,2026-06-08,False,False,0.95,0.9025,0.95,0.0079,,1.0,-0.9500045776367188
XOM,_NaiveModel,149.9199981689453,151.75,2026-06-08 00:00:00,0.0,1.8300018310546875,0.0,0.0122065225013707,False,2026-06-08,False,False,1.83,3.3489,1.83,0.0121,,1.0,-1.8300018310546875
AAPL,_NaiveModel,315.20001220703125,310.260009765625,2026-06-03 00:00:00,0.0,-4.94000244140625,0.0,-0.0156725959710989,False,2026-06-03,False,False,4.94,24.4036,4.94,0.0159,,1.0,4.94000244140625
AMD,_NaiveModel,521.5399780273438,542.52001953125,2026-06-03 00:00:00,0.0,20.98004150390625,0.0,0.0402271012535999,False,2026-06-03,False,False,20.98,440.1621,20.98,0.0387,,1.0,-20.98004150390625
AMZN,_NaiveModel,256.5199890136719,250.0200042724609,2026-06-03 00:00:00,0.0,-6.499984741210966,0.0,-0.0253390964431412,False,2026-06-03,False,False,6.5,42.2498,6.5,0.026,,1.0,6.499984741210966
ASML,_NaiveModel,1705.3699951171875,1726.3599853515625,2026-06-03 00:00:00,0.0,20.989990234375,0.0,0.0123081737655016,False,2026-06-03,False,False,20.99,440.5797,20.99,0.0122,,1.0,-20.989990234375
AVGO,_NaiveModel,481.5700073242188,479.2300109863281,2026-06-03 00:00:00,0.0,-2.339996337890682,0.0,-0.0048590989935037,False,2026-06-03,False,False,2.34,5.4756,2.34,0.0049,,1.0,2.339996337890682
BRK-B,_NaiveModel,471.510009765625,475.3699951171875,2026-06-03 00:00:00,0.0,3.8599853515625,0.0,0.0081864335255177,False,2026-06-03,False,False,3.86,14.8995,3.86,0.0081,,1.0,-3.8599853515625
CAT,_NaiveModel,909.8099975585938,926.1799926757812,2026-06-03 00:00:00,0.0,16.3699951171875,0.0,0.0179927624021665,False,2026-06-03,False,False,16.37,267.9767,16.37,0.0177,,1.0,-16.3699951171875
COST,_NaiveModel,954.27001953125,961.8300170898438,2026-06-03 00:00:00,0.0,7.55999755859375,0.0,0.0079222834248814,False,2026-06-03,False,False,7.56,57.1536,7.56,0.0079,,1.0,-7.55999755859375
CRM,_NaiveModel,200.83999633789065,190.6100006103516,2026-06-03 00:00:00,0.0,-10.229995727539062,0.0,-0.0509360481680563,False,2026-06-03,False,False,10.23,104.6528,10.23,0.0537,,1.0,10.229995727539062
GOOGL,_NaiveModel,361.8500061035156,358.989990234375,2026-06-03 00:00:00,0.0,-2.860015869140625,0.0,-0.0079038712751118,False,2026-06-03,False,False,2.86,8.1797,2.86,0.008,,1.0,2.860015869140625
JNJ,_NaiveModel,222.88999938964844,223.2400054931641,2026-06-03 00:00:00,0.0,0.3500061035156534,0.0,0.0015703086925124,False,2026-06-03,False,False,0.35,0.1225,0.35,0.0016,,1.0,-0.3500061035156534
JPM,_NaiveModel,300.9599914550781,300.8500061035156,2026-06-03 00:00:00,0.0,-0.1099853515625,0.0,-0.0003654484140258,False,2026-06-03,False,False,0.11,0.0121,0.11,0.0004,,1.0,0.1099853515625
LLY,_NaiveModel,1064.1500244140625,1078.780029296875,2026-06-03 00:00:00,0.0,14.6300048828125,0.0,0.0137480661064383,False,2026-06-03,False,False,14.63,214.037,14.63,0.0136,,1.0,-14.6300048828125
LMT,_NaiveModel,513.4299926757812,512.030029296875,2026-06-03 00:00:00,0.0,-1.39996337890625,0.0,-0.0027266879591708,False,2026-06-03,False,False,1.4,1.9599,1.4,0.0027,,1.0,1.39996337890625
MA,_NaiveModel,477.6799926757813,471.5499877929688,2026-06-03 00:00:00,0.0,-6.1300048828125,0.0,-0.0128328692363156,False,2026-06-03,False,False,6.13,37.577,6.13,0.013,,1.0,6.1300048828125
MCD,_NaiveModel,276.3599853515625,273.2900085449219,2026-06-03 00:00:00,0.0,-3.069976806640625,0.0,-0.0111086154630354,False,2026-06-03,False,False,3.07,9.4248,3.07,0.0112,,1.0,3.069976806640625
META,_NaiveModel,597.6300048828125,622.97998046875,2026-06-03 00:00:00,0.0,25.3499755859375,0.0,0.0424175081217823,False,2026-06-03,False,False,25.35,642.6213,25.35,0.0407,,1.0,-25.3499755859375
MRK,_NaiveModel,115.6500015258789,114.6999969482422,2026-06-03 00:00:00,0.0,-0.9500045776367044,0.0,-0.0082144795944868,False,2026-06-03,False,False,0.95,0.9025,0.95,0.0083,,1.0,0.9500045776367045
MSFT,_NaiveModel,441.30999755859375,427.3399963378906,2026-06-03 00:00:00,0.0,-13.970001220703123,0.0,-0.0316557551335516,False,2026-06-03,False,False,13.97,195.1609,13.97,0.0327,,1.0,13.970001220703125
NEE,_NaiveModel,85.68000030517578,84.58000183105469,2026-06-03 00:00:00,0.0,-1.0999984741210938,0.0,-0.0128384508660493,False,2026-06-03,False,False,1.1,1.21,1.1,0.013,,1.0,1.0999984741210938
NVDA,_NaiveModel,222.82000732421875,214.75,2026-06-03 00:00:00,0.0,-8.07000732421875,0.0,-0.0362176064040619,False,2026-06-03,False,False,8.07,65.125,8.07,0.0376,,1.0,8.07000732421875
ORCL,_NaiveModel,244.5800018310547,230.3300018310547,2026-06-03 00:00:00,0.0,-14.25,0.0,-0.0582631445470479,False,2026-06-03,False,False,14.25,203.0625,14.25,0.0619,,1.0,14.25
PG,_NaiveModel,140.82000732421875,140.19000244140625,2026-06-03 00:00:00,0.0,-0.6300048828125,0.0,-0.0044738307771991,False,2026-06-03,False,False,0.63,0.3969,0.63,0.0045,,1.0,0.6300048828125
PLTR,_NaiveModel,152.1699981689453,142.1999969482422,2026-06-03 00:00:00,0.0,-9.970001220703123,0.0,-0.0655188364373509,False,2026-06-03,False,False,9.97,99.4009,9.97,0.0701,,1.0,9.970001220703125
TSLA,_NaiveModel,423.739990234375,423.7000122070313,2026-06-03 00:00:00,0.0,-0.0399780273436931,0.0,-9.434565598017052e-05,False,2026-06-03,False,False,0.04,0.0016,0.04,0.0001,,1.0,0.03997802734369316
TSM,_NaiveModel,446.6900024414063,436.6900024414063,2026-06-03 00:00:00,0.0,-10.0,0.0,-0.0223868901147205,False,2026-06-03,False,False,10.0,100.0,10.0,0.0229,,1.0,10.0
UNH,_NaiveModel,377.9200134277344,377.0,2026-06-03 00:00:00,0.0,-0.920013427734375,0.0,-0.0024344130901929,False,2026-06-03,False,False,0.92,0.8464,0.92,0.0024,,1.0,0.920013427734375
V,_NaiveModel,317.32000732421875,312.3999938964844,2026-06-03 00:00:00,0.0,-4.920013427734375,0.0,-0.015504895103281,False,2026-06-03,False,False,4.92,24.2065,4.92,0.0157,,1.0,4.920013427734375
WMT,_NaiveModel,113.05999755859376,116.88999938964844,2026-06-03 00:00:00,0.0,3.830001831054673,0.0,0.0338758350765907,False,2026-06-03,False,False,3.83,14.6689,3.83,0.0328,,1.0,-3.8300018310546733
XOM,_NaiveModel,149.55999755859375,152.52999877929688,2026-06-03 00:00:00,0.0,2.970001220703125,0.0,0.0198582593553437,False,2026-06-03,False,False,2.97,8.8209,2.97,0.0195,,1.0,-2.970001220703125
AAPL,_NaiveModel,306.3099975585937,315.20001220703125,2026-06-02 00:00:00,0.0,8.890014648437557,0.0,0.0290229333658526,False,2026-06-02,False,False,8.89,79.0324,8.89,0.0282,,1.0,-8.890014648437557
AMD,_NaiveModel,510.1300048828125,521.5399780273438,2026-06-02 00:00:00,0.0,11.40997314453125,0.0,0.0223667948078301,False,2026-06-02,False,False,11.41,130.1875,11.41,0.0219,,1.0,-11.40997314453125
AMZN,_NaiveModel,261.260009765625,256.5199890136719,2026-06-02 00:00:00,0.0,-4.740020751953125,0.0,-0.0181429249589532,False,2026-06-02,False,False,4.74,22.4678,4.74,0.0185,,1.0,4.740020751953125
ASML,_NaiveModel,1628.5699462890625,1705.3699951171875,2026-06-02 00:00:00,0.0,76.800048828125,0.0,0.047157967640951,False,2026-06-02,False,False,76.8,5898.2475,76.8,0.045,,1.0,-76.800048828125
AVGO,_NaiveModel,459.9700012207031,481.5700073242188,2026-06-02 00:00:00,0.0,21.60000610351568,0.0,0.0469595974654693,False,2026-06-02,False,False,21.6,466.5603,21.6,0.0449,,1.0,-21.600006103515682
BRK-B,_NaiveModel,470.2900085449219,471.510009765625,2026-06-02 00:00:00,0.0,1.220001220703125,0.0,0.0025941465872894,False,2026-06-02,False,False,1.22,1.4884,1.22,0.0026,,1.0,-1.220001220703125
CAT,_NaiveModel,865.3599853515625,909.8099975585938,2026-06-02 00:00:00,0.0,44.45001220703125,0.0,0.0513659204948942,False,2026-06-02,False,False,44.45,1975.8036,44.45,0.0489,,1.0,-44.45001220703125
COST,_NaiveModel,946.1099853515624,954.27001953125,2026-06-02 00:00:00,0.0,8.160034179687614,0.0,0.0086248261893731,False,2026-06-02,False,False,8.16,66.5862,8.16,0.0086,,1.0,-8.160034179687614
CRM,_NaiveModel,209.6000061035156,200.83999633789065,2026-06-02 00:00:00,0.0,-8.760009765624943,0.0,-0.0417939385044608,False,2026-06-02,False,False,8.76,76.7378,8.76,0.0436,,1.0,8.760009765624943
GOOGL,_NaiveModel,376.3699951171875,361.8500061035156,2026-06-02 00:00:00,0.0,-14.519989013671877,0.0,-0.0385790291522864,False,2026-06-02,False,False,14.52,210.8301,14.52,0.0401,,1.0,14.519989013671875
JNJ,_NaiveModel,223.509994506836,222.88999938964844,2026-06-02 00:00:00,2.8421709430404014e-14,-0.6199951171875284,1.271607987513719e-16,-0.0027739033261376,False,2026-06-02,False,False,0.62,0.3844,0.62,0.0028,,1.0,0.6199951171875568
JPM,_NaiveModel,296.5799865722656,300.9599914550781,2026-06-02 00:00:00,0.0,4.3800048828125,0.0,0.0147683764283442,False,2026-06-02,False,False,4.38,19.1844,4.38,0.0146,,1.0,-4.3800048828125
LLY,_NaiveModel,1082.199951171875,1064.1500244140625,2026-06-02 00:00:00,0.0,-18.0499267578125,0.0,-0.0166789203217639,False,2026-06-02,False,False,18.0499,325.7999,18.0499,0.017,,1.0,18.0499267578125
LMT,_NaiveModel,516.5,513.4299926757812,2026-06-02 00:00:00,0.0,-3.07000732421875,0.0,-0.0059438670362415,False,2026-06-02,False,False,3.07,9.4249,3.07,0.006,,1.0,3.07000732421875
MA,_NaiveModel,495.25,477.6799926757813,2026-06-02 00:00:00,0.0,-17.570007324218693,0.0,-0.0354770465910523,False,2026-06-02,False,False,17.57,308.7052,17.57,0.0368,,1.0,17.570007324218693
MCD,_NaiveModel,276.1099853515625,276.3599853515625,2026-06-02 00:00:00,0.0,0.25,0.0,0.000905436287216,False,2026-06-02,False,False,0.25,0.0625,0.25,0.0009,,1.0,-0.25
META,_NaiveModel,600.469970703125,597.6300048828125,2026-06-02 00:00:00,0.0,-2.8399658203125,0.0,-0.0047295717669062,False,2026-06-02,False,False,2.84,8.0654,2.84,0.0048,,1.0,2.8399658203125
MRK,_NaiveModel,115.16999816894533,115.6500015258789,2026-06-02 00:00:00,0.0,0.4800033569335795,0.0,0.0041677812326562,False,2026-06-02,False,False,0.48,0.2304,0.48,0.0042,,1.0,-0.48000335693357954
MSFT,_NaiveModel,460.5199890136719,441.30999755859375,2026-06-02 00:00:00,0.0,-19.209991455078125,0.0,-0.0417136973711423,False,2026-06-02,False,False,19.21,369.0238,19.21,0.0435,,1.0,19.209991455078125
NEE,_NaiveModel,83.66000366210938,85.68000030517578,2026-06-02 00:00:00,0.0,2.0199966430664062,0.0,0.0241453090442701,False,2026-06-02,False,False,2.02,4.0804,2.02,0.0236,,1.0,-2.0199966430664062
NVDA,_NaiveModel,224.3600006103516,222.82000732421875,2026-06-02 00:00:00,0.0,-1.539993286132841,0.0,-0.0068639386786567,False,2026-06-02,False,False,1.54,2.3716,1.54,0.0069,,1.0,1.539993286132841
ORCL,_NaiveModel,248.1499938964844,244.5800018310547,2026-06-02 00:00:00,0.0,-3.569992065429716,0.0,-0.014386428181493,False,2026-06-02,False,False,3.57,12.7448,3.57,0.0146,,1.0,3.569992065429716
PG,_NaiveModel,140.27999877929688,140.82000732421875,2026-06-02 00:00:00,0.0,0.540008544921875,0.0,0.003849504916032,False,2026-06-02,False,False,0.54,0.2916,0.54,0.0038,,1.0,-0.540008544921875
PLTR,_NaiveModel,160.64999389648438,152.1699981689453,2026-06-02 00:00:00,0.0,-8.479995727539062,0.0,-0.0527855340785334,False,2026-06-02,False,False,8.48,71.9103,8.48,0.0557,,1.0,8.479995727539062
TSLA,_NaiveModel,415.8800048828125,423.739990234375,2026-06-02 00:00:00,0.0,7.8599853515625,0.0,0.0188996471561004,False,2026-06-02,False,False,7.86,61.7794,7.86,0.0185,,1.0,-7.8599853515625
TSM,_NaiveModel,435.6300048828125,446.6900024414063,2026-06-02 00:00:00,0.0,11.059997558593809,0.0,0.0253885118899673,False,2026-06-02,False,False,11.06,122.3235,11.06,0.0248,,1.0,-11.059997558593807
UNH,_NaiveModel,379.8599853515625,377.9200134277344,2026-06-02 00:00:00,0.0,-1.939971923828125,0.0,-0.0051070710225839,False,2026-06-02,False,False,1.94,3.7635,1.94,0.0051,,1.0,1.939971923828125
V,_NaiveModel,322.7699890136719,317.32000732421875,2026-06-02 00:00:00,0.0,-5.449981689453125,0.0,-0.0168850322984094,False,2026-06-02,False,False,5.45,29.7023,5.45,0.0172,,1.0,5.449981689453125
WMT,_NaiveModel,114.5999984741211,113.05999755859376,2026-06-02 00:00:00,0.0,-1.5400009155273295,0.0,-0.0134380535430381,False,2026-06-02,False,False,1.54,2.3716,1.54,0.0136,,1.0,1.5400009155273295
XOM,_NaiveModel,149.3800048828125,149.55999755859375,2026-06-02 00:00:00,0.0,0.17999267578125,0.0,0.0012049315162524,False,2026-06-02,False,False,0.18,0.0324,0.18,0.0012,,1.0,-0.17999267578125
AAPL,_NaiveModel,312.0599975585937,306.3099975585937,2026-06-01 00:00:00,0.0,-5.75,0.0,-0.0184259438729257,False,2026-06-01,False,False,5.75,33.0625,5.75,0.0188,,1.0,5.75
AMD,_NaiveModel,516.0999755859375,510.1300048828125,2026-06-01 00:00:00,0.0,-5.969970703125,0.0,-0.0115674694546287,False,2026-06-01,False,False,5.97,35.6406,5.97,0.0117,,1.0,5.969970703125
AMZN,_NaiveModel,270.6400146484375,261.260009765625,2026-06-01 00:00:00,0.0,-9.3800048828125,0.0,-0.0346586032187338,False,2026-06-01,False,False,9.38,87.9845,9.38,0.0359,,1.0,9.3800048828125
ASML,_NaiveModel,1612.760009765625,1628.5699462890625,2026-06-01 00:00:00,0.0,15.8099365234375,0.0,0.0098030310943381,False,2026-06-01,False,False,15.8099,249.9541,15.8099,0.0097,,1.0,-15.8099365234375
AVGO,_NaiveModel,446.7699890136719,459.9700012207031,2026-06-01 00:00:00,0.0,13.20001220703125,0.0,0.0295454317246615,False,2026-06-01,False,False,13.2,174.2403,13.2,0.0287,,1.0,-13.20001220703125
BRK-B,_NaiveModel,474.4800109863281,470.2900085449219,2026-06-01 00:00:00,0.0,-4.19000244140625,0.0,-0.008830724887011,False,2026-06-01,False,False,4.19,17.5561,4.19,0.0089,,1.0,4.19000244140625
CAT,_NaiveModel,875.8699951171875,865.3599853515625,2026-06-01 00:00:00,0.0,-10.510009765625,0.0,-0.0119995088588675,False,2026-06-01,False,False,10.51,110.4603,10.51,0.0121,,1.0,10.510009765625
COST,_NaiveModel,956.3200073242188,946.1099853515624,2026-06-01 00:00:00,0.0,-10.210021972656364,0.0,-0.0106763655413045,False,2026-06-01,False,False,10.21,104.2445,10.21,0.0108,,1.0,10.210021972656364
CRM,_NaiveModel,191.1000061035156,209.6000061035156,2026-06-01 00:00:00,0.0,18.5,0.0,0.0968079508588757,False,2026-06-01,False,False,18.5,342.25,18.5,0.0883,,1.0,-18.5
GOOGL,_NaiveModel,380.3399963378906,376.3699951171875,2026-06-01 00:00:00,0.0,-3.970001220703125,0.0,-0.0104380324418371,False,2026-06-01,False,False,3.97,15.7609,3.97,0.0105,,1.0,3.970001220703125
JNJ,_NaiveModel,225.3300018310547,223.509994506836,2026-06-01 00:00:00,0.0,-1.8200073242187216,0.0,-0.0080770749985761,False,2026-06-01,False,False,1.82,3.3124,1.82,0.0081,,1.0,1.8200073242186932
JPM,_NaiveModel,299.3099975585937,296.5799865722656,2026-06-01 00:00:00,0.0,-2.730010986328068,0.0,-0.0091210150298893,False,2026-06-01,False,False,2.73,7.453,2.73,0.0092,,1.0,2.730010986328068
LLY,_NaiveModel,1105.0,1082.199951171875,2026-06-01 00:00:00,0.0,-22.800048828125,0.0,-0.0206335283512443,False,2026-06-01,False,False,22.8,519.8422,22.8,0.0211,,1.0,22.800048828125
LMT,_NaiveModel,530.4500122070312,516.5,2026-06-01 00:00:00,0.0,-13.95001220703125,0.0,-0.0262984482722316,False,2026-06-01,False,False,13.95,194.6028,13.95,0.027,,1.0,13.95001220703125
MA,_NaiveModel,493.9800109863281,495.25,2026-06-01 00:00:00,0.0,1.269989013671875,0.0,0.0025709319920376,False,2026-06-01,False,False,1.27,1.6129,1.27,0.0026,,1.0,-1.269989013671875
MCD,_NaiveModel,279.20001220703125,276.1099853515625,2026-06-01 00:00:00,0.0,-3.09002685546875,0.0,-0.0110674309468777,False,2026-06-01,False,False,3.09,9.5483,3.09,0.0112,,1.0,3.09002685546875
META,_NaiveModel,632.510009765625,600.469970703125,2026-06-01 00:00:00,0.0,-32.0400390625,0.0,-0.0506553865833243,False,2026-06-01,False,False,32.04,1026.5641,32.04,0.0534,,1.0,32.0400390625
MRK,_NaiveModel,118.72000122070312,115.16999816894533,2026-06-01 00:00:00,0.0,-3.5500030517577983,0.0,-0.0299023165031666,False,2026-06-01,False,False,3.55,12.6025,3.55,0.0308,,1.0,3.5500030517577983
MSFT,_NaiveModel,450.239990234375,460.5199890136719,2026-06-01 00:00:00,0.0,10.279998779296877,0.0,0.0228322650192524,False,2026-06-01,False,False,10.28,105.6784,10.28,0.0223,,1.0,-10.279998779296875
NEE,_NaiveModel,87.01000213623047,83.66000366210938,2026-06-01 00:00:00,0.0,-3.3499984741210938,0.0,-0.0385013032050734,False,2026-06-01,False,False,3.35,11.2225,3.35,0.04,,1.0,3.3499984741210938
NVDA,_NaiveModel,211.13999938964844,224.3600006103516,2026-06-01 00:00:00,0.0,13.220001220703152,0.0,0.0626124905698531,False,2026-06-01,False,False,13.22,174.7684,13.22,0.0589,,1.0,-13.220001220703153
ORCL,_NaiveModel,225.77999877929688,248.1499938964844,2026-06-01 00:00:00,0.0,22.36999511718753,0.0,0.0990787281341715,False,2026-06-01,False,False,22.37,500.4167,22.37,0.0901,,1.0,-22.36999511718753
PG,_NaiveModel,143.55999755859375,140.27999877929688,2026-06-01 00:00:00,0.0,-3.279998779296875,0.0,-0.0228475817433623,False,2026-06-01,False,False,3.28,10.7584,3.28,0.0234,,1.0,3.279998779296875
PLTR,_NaiveModel,156.5399932861328,160.64999389648438,2026-06-01 00:00:00,0.0,4.1100006103515625,0.0,0.0262552752435543,False,2026-06-01,False,False,4.11,16.8921,4.11,0.0256,,1.0,-4.1100006103515625
TSLA,_NaiveModel,435.7900085449219,415.8800048828125,2026-06-01 00:00:00,0.0,-19.91000366210937,0.0,-0.0456871503974764,False,2026-06-01,False,False,19.91,396.4082,19.91,0.0479,,1.0,19.910003662109375
TSM,_NaiveModel,418.4500122070313,435.6300048828125,2026-06-01 00:00:00,0.0,17.179992675781193,0.0,0.0410562604244381,False,2026-06-01,False,False,17.18,295.1521,17.18,0.0394,,1.0,-17.179992675781193
UNH,_NaiveModel,380.30999755859375,379.8599853515625,2026-06-01 00:00:00,0.0,-0.45001220703125,0.0,-0.0011832773524759,False,2026-06-01,False,False,0.45,0.2025,0.45,0.0012,,1.0,0.45001220703125
V,_NaiveModel,326.3599853515625,322.7699890136719,2026-06-01 00:00:00,0.0,-3.589996337890625,0.0,-0.0110001118366989,False,2026-06-01,False,False,3.59,12.8881,3.59,0.0111,,1.0,3.589996337890625
WMT,_NaiveModel,115.75,114.5999984741211,2026-06-01 00:00:00,0.0,-1.1500015258789062,0.0,-0.0099352183661244,False,2026-06-01,False,False,1.15,1.3225,1.15,0.01,,1.0,1.1500015258789062
XOM,_NaiveModel,145.25999450683594,149.3800048828125,2026-06-01 00:00:00,0.0,4.1200103759765625,0.0,0.0283630079290872,False,2026-06-01,False,False,4.12,16.9745,4.12,0.0276,,1.0,-4.1200103759765625
AAPL,_NaiveModel,312.510009765625,312.0599975585937,2026-05-29 00:00:00,0.0,-0.4500122070313068,0.0,-0.0014399929377263,False,2026-05-29,False,False,0.45,0.2025,0.45,0.0014,,1.0,0.45001220703130684
AMD,_NaiveModel,518.0900268554688,516.0999755859375,2026-05-29 00:00:00,0.0,-1.99005126953125,0.0,-0.0038411302406452,False,2026-05-29,False,False,1.9901,3.9603,1.9901,0.0039,,1.0,1.99005126953125
AMZN,_NaiveModel,274.0,270.6400146484375,2026-05-29 00:00:00,0.0,-3.3599853515625,0.0,-0.012262720261177,False,2026-05-29,False,False,3.36,11.2895,3.36,0.0124,,1.0,3.3599853515625
ASML,_NaiveModel,1605.77001953125,1612.760009765625,2026-05-29 00:00:00,0.0,6.989990234375,0.0,0.0043530456723905,False,2026-05-29,False,False,6.99,48.86,6.99,0.0043,,1.0,-6.989990234375
AVGO,_NaiveModel,426.5799865722656,446.7699890136719,2026-05-29 00:00:00,0.0,20.19000244140625,0.0,0.0473299336043415,False,2026-05-29,False,False,20.19,407.6362,20.19,0.0452,,1.0,-20.19000244140625
BRK-B,_NaiveModel,477.4200134277344,474.4800109863281,2026-05-29 00:00:00,0.0,-2.94000244140625,0.0,-0.0061581047269005,False,2026-05-29,False,False,2.94,8.6436,2.94,0.0062,,1.0,2.94000244140625
CAT,_NaiveModel,887.6699829101562,875.8699951171875,2026-05-29 00:00:00,0.0,-11.79998779296875,0.0,-0.0132932148435203,False,2026-05-29,False,False,11.8,139.2397,11.8,0.0135,,1.0,11.79998779296875
COST,_NaiveModel,995.2000122070312,956.3200073242188,2026-05-29 00:00:00,0.0,-38.8800048828125,0.0,-0.0390675285429199,False,2026-05-29,False,False,38.88,1511.6548,38.88,0.0407,,1.0,38.8800048828125
CRM,_NaiveModel,176.1699981689453,191.1000061035156,2026-05-29 00:00:00,0.0,14.930007934570284,0.0,0.0847477328134643,False,2026-05-29,False,False,14.93,222.9051,14.93,0.0781,,1.0,-14.930007934570284
GOOGL,_NaiveModel,390.1300048828125,380.3399963378906,2026-05-29 00:00:00,0.0,-9.790008544921877,0.0,-0.0250942209581203,False,2026-05-29,False,False,9.79,95.8443,9.79,0.0257,,1.0,9.790008544921875
JNJ,_NaiveModel,230.8000030517578,225.3300018310547,2026-05-29 00:00:00,0.0,-5.470001220703125,0.0,-0.0237001782858575,False,2026-05-29,False,False,5.47,29.9209,5.47,0.0243,,1.0,5.470001220703125
JPM,_NaiveModel,296.7300109863281,299.3099975585937,2026-05-29 00:00:00,0.0,2.579986572265568,0.0,0.0086947274516983,False,2026-05-29,False,False,2.58,6.6563,2.58,0.0086,,1.0,-2.579986572265568
LLY,_NaiveModel,1126.800048828125,1105.0,2026-05-29 00:00:00,0.0,-21.800048828125,0.0,-0.0193468653562778,False,2026-05-29,False,False,21.8,475.2421,21.8,0.0197,,1.0,21.800048828125
LMT,_NaiveModel,537.2100219726562,530.4500122070312,2026-05-29 00:00:00,0.0,-6.760009765625,0.0,-0.0125835511050258,False,2026-05-29,False,False,6.76,45.6977,6.76,0.0127,,1.0,6.760009765625
MA,_NaiveModel,493.75,493.9800109863281,2026-05-29 00:00:00,0.0,0.230010986328125,0.0,0.0004658450356012,False,2026-05-29,False,False,0.23,0.0529,0.23,0.0005,,1.0,-0.230010986328125
MCD,_NaiveModel,277.9700012207031,279.20001220703125,2026-05-29 00:00:00,0.0,1.230010986328125,0.0,0.0044249774469422,False,2026-05-29,False,False,1.23,1.5129,1.23,0.0044,,1.0,-1.230010986328125
META,_NaiveModel,635.2899780273438,632.510009765625,2026-05-29 00:00:00,0.0,-2.77996826171875,0.0,-0.0043759044812117,False,2026-05-29,False,False,2.78,7.7282,2.78,0.0044,,1.0,2.77996826171875
MRK,_NaiveModel,119.88999938964844,118.72000122070312,2026-05-29 00:00:00,0.0,-1.1699981689453125,0.0,-0.0097589304771181,False,2026-05-29,False,False,1.17,1.3689,1.17,0.0099,,1.0,1.1699981689453125
MSFT,_NaiveModel,426.989990234375,450.239990234375,2026-05-29 00:00:00,0.0,23.25,0.0,0.054450925154564,False,2026-05-29,False,False,23.25,540.5625,23.25,0.0516,,1.0,-23.25
NEE,_NaiveModel,87.25,87.01000213623047,2026-05-29 00:00:00,0.0,-0.2399978637695312,0.0,-0.0027506918483613,False,2026-05-29,False,False,0.24,0.0576,0.24,0.0028,,1.0,0.23999786376953125
NVDA,_NaiveModel,214.25,211.13999938964844,2026-05-29 00:00:00,0.0,-3.1100006103515625,0.0,-0.0145157554742196,False,2026-05-29,False,False,3.11,9.6721,3.11,0.0147,,1.0,3.1100006103515625
ORCL,_NaiveModel,203.6999969482422,225.77999877929688,2026-05-29 00:00:00,0.0,22.080001831054688,0.0,0.1083947086983263,False,2026-05-29,False,False,22.08,487.5265,22.08,0.0978,,1.0,-22.080001831054688
PG,_NaiveModel,145.91000366210938,143.55999755859375,2026-05-29 00:00:00,0.0,-2.350006103515625,0.0,-0.0161058600817915,False,2026-05-29,False,False,2.35,5.5225,2.35,0.0164,,1.0,2.350006103515625
PLTR,_NaiveModel,143.33999633789062,156.5399932861328,2026-05-29 00:00:00,0.0,13.199996948242188,0.0,0.0920887211209791,False,2026-05-29,False,False,13.2,174.2399,13.2,0.0843,,1.0,-13.199996948242188
TSLA,_NaiveModel,442.1000061035156,435.7900085449219,2026-05-29 00:00:00,0.0,-6.30999755859375,0.0,-0.0142727832424329,False,2026-05-29,False,False,6.31,39.8161,6.31,0.0145,,1.0,6.30999755859375
TSM,_NaiveModel,424.8599853515625,418.4500122070313,2026-05-29 00:00:00,0.0,-6.409973144531193,0.0,-0.015087260192854,False,2026-05-29,False,False,6.41,41.0878,6.41,0.0153,,1.0,6.409973144531193
UNH,_NaiveModel,382.5299987792969,380.30999755859375,2026-05-29 00:00:00,0.0,-2.220001220703125,0.0,-0.0058034696044426,False,2026-05-29,False,False,2.22,4.9284,2.22,0.0058,,1.0,2.220001220703125
V,_NaiveModel,324.95001220703125,326.3599853515625,2026-05-29 00:00:00,0.0,1.40997314453125,0.0,0.0043390462888579,False,2026-05-29,False,False,1.41,1.988,1.41,0.0043,,1.0,-1.40997314453125
WMT,_NaiveModel,118.9000015258789,115.75,2026-05-29 00:00:00,0.0,-3.1500015258789062,0.0,-0.0264928636287132,False,2026-05-29,False,False,3.15,9.9225,3.15,0.0272,,1.0,3.1500015258789062
XOM,_NaiveModel,146.9600067138672,145.25999450683594,2026-05-29 00:00:00,0.0,-1.70001220703125,0.0,-0.0115678560789752,False,2026-05-29,False,False,1.7,2.89,1.7,0.0117,,1.0,1.70001220703125
AAPL,_NaiveModel,310.8500061035156,312.510009765625,2026-05-28 00:00:00,0.0,1.660003662109375,0.0,0.0053402079122256,False,2026-05-28,False,False,1.66,2.7556,1.66,0.0053,,1.0,-1.660003662109375
AMD,_NaiveModel,495.5400085449219,518.0900268554688,2026-05-28 00:00:00,0.0,22.550018310546875,0.0,0.0455059489076605,False,2026-05-28,False,False,22.55,508.5033,22.55,0.0435,,1.0,-22.550018310546875
AMZN,_NaiveModel,271.8500061035156,274.0,2026-05-28 00:00:00,0.0,2.149993896484375,0.0,0.0079087505911833,False,2026-05-28,False,False,2.15,4.6225,2.15,0.0078,,1.0,-2.149993896484375
ASML,_NaiveModel,1597.8699951171875,1605.77001953125,2026-05-28 00:00:00,0.0,7.9000244140625,0.0,0.0049440971031458,False,2026-05-28,False,False,7.9,62.4104,7.9,0.0049,,1.0,-7.9000244140625
AVGO,_NaiveModel,421.8599853515625,426.5799865722656,2026-05-28 00:00:00,0.0,4.720001220703125,0.0,0.0111885492452422,False,2026-05-28,False,False,4.72,22.2784,4.72,0.0111,,1.0,-4.720001220703125
BRK-B,_NaiveModel,479.9200134277344,477.4200134277344,2026-05-28 00:00:00,0.0,-2.5,0.0,-0.0052092013878401,False,2026-05-28,False,False,2.5,6.25,2.5,0.0052,,1.0,2.5
CAT,_NaiveModel,909.9299926757812,887.6699829101562,2026-05-28 00:00:00,0.0,-22.260009765625,0.0,-0.02446343119229,False,2026-05-28,False,False,22.26,495.508,22.26,0.0251,,1.0,22.260009765625
COST,_NaiveModel,1003.6900024414062,995.2000122070312,2026-05-28 00:00:00,0.0,-8.489990234375,0.0,-0.0084587773253929,False,2026-05-28,False,False,8.49,72.0799,8.49,0.0085,,1.0,8.489990234375
CRM,_NaiveModel,177.50999450683594,176.1699981689453,2026-05-28 00:00:00,0.0,-1.339996337890625,0.0,-0.0075488500893341,False,2026-05-28,False,False,1.34,1.7956,1.34,0.0076,,1.0,1.339996337890625
GOOGL,_NaiveModel,388.8299865722656,390.1300048828125,2026-05-28 00:00:00,0.0,1.300018310546875,0.0,0.0033434106304588,False,2026-05-28,False,False,1.3,1.69,1.3,0.0033,,1.0,-1.300018310546875
JNJ,_NaiveModel,231.2899932861328,230.8000030517578,2026-05-28 00:00:00,0.0,-0.489990234375,0.0,-0.0021185103056699,False,2026-05-28,False,False,0.49,0.2401,0.49,0.0021,,1.0,0.489990234375
JPM,_NaiveModel,299.2799987792969,296.7300109863281,2026-05-28 00:00:00,0.0,-2.54998779296875,0.0,-0.0085204083245443,False,2026-05-28,False,False,2.55,6.5024,2.55,0.0086,,1.0,2.54998779296875
LLY,_NaiveModel,1082.9200439453125,1126.800048828125,2026-05-28 00:00:00,0.0,43.8800048828125,0.0,0.0405200782164379,False,2026-05-28,False,False,43.88,1925.4548,43.88,0.0389,,1.0,-43.8800048828125
LMT,_NaiveModel,531.1400146484375,537.2100219726562,2026-05-28 00:00:00,0.0,6.07000732421875,0.0,0.0114282621471035,False,2026-05-28,False,False,6.07,36.845,6.07,0.0113,,1.0,-6.07000732421875
MA,_NaiveModel,495.0400085449219,493.75,2026-05-28 00:00:00,0.0,-1.290008544921875,0.0,-0.0026058672484141,False,2026-05-28,False,False,1.29,1.6641,1.29,0.0026,,1.0,1.290008544921875
MCD,_NaiveModel,280.9200134277344,277.9700012207031,2026-05-28 00:00:00,0.0,-2.95001220703125,0.0,-0.0105012532607974,False,2026-05-28,False,False,2.95,8.7026,2.95,0.0106,,1.0,2.95001220703125
META,_NaiveModel,635.260009765625,635.2899780273438,2026-05-28 00:00:00,0.0,0.02996826171875,0.0,4.717479655268493e-05,False,2026-05-28,False,False,0.03,0.0009,0.03,0.0,,1.0,-0.02996826171875
MRK,_NaiveModel,120.23999786376952,119.88999938964844,2026-05-28 00:00:00,0.0,-0.3499984741210795,0.0,-0.0029108323381511,False,2026-05-28,False,False,0.35,0.1225,0.35,0.0029,,1.0,0.34999847412107954
MSFT,_NaiveModel,412.6700134277344,426.989990234375,2026-05-28 00:00:00,0.0,14.319976806640623,0.0,0.0347007932262766,False,2026-05-28,False,False,14.32,205.0617,14.32,0.0335,,1.0,-14.319976806640625
NEE,_NaiveModel,87.6500015258789,87.25,2026-05-28 00:00:00,0.0,-0.4000015258789062,0.0,-0.0045636225774714,False,2026-05-28,False,False,0.4,0.16,0.4,0.0046,,1.0,0.40000152587890625
NVDA,_NaiveModel,212.6000061035156,214.25,2026-05-28 00:00:00,0.0,1.6499938964844034,0.0,0.0077610246900981,False,2026-05-28,False,False,1.65,2.7225,1.65,0.0077,,1.0,-1.6499938964844034
ORCL,_NaiveModel,190.9600067138672,203.6999969482422,2026-05-28 00:00:00,0.0,12.739990234375,0.0,0.066715489036741,False,2026-05-28,False,False,12.74,162.3074,12.74,0.0625,,1.0,-12.739990234375
PG,_NaiveModel,147.49000549316406,145.91000366210938,2026-05-28 00:00:00,0.0,-1.5800018310546875,0.0,-0.0107126026999023,False,2026-05-28,False,False,1.58,2.4964,1.58,0.0108,,1.0,1.5800018310546875
PLTR,_NaiveModel,132.50999450683594,143.33999633789062,2026-05-28 00:00:00,0.0,10.830001831054688,0.0,0.0817296979851281,False,2026-05-28,False,False,10.83,117.2889,10.83,0.0756,,1.0,-10.830001831054688
TSLA,_NaiveModel,440.3599853515625,442.1000061035156,2026-05-28 00:00:00,0.0,1.740020751953125,0.0,0.0039513598188626,False,2026-05-28,False,False,1.74,3.0277,1.74,0.0039,,1.0,-1.740020751953125
TSM,_NaiveModel,422.7300109863281,424.8599853515625,2026-05-28 00:00:00,0.0,2.129974365234375,0.0,0.0050386163978863,False,2026-05-28,False,False,2.13,4.5368,2.13,0.005,,1.0,-2.129974365234375
UNH,_NaiveModel,384.010009765625,382.5299987792969,2026-05-28 00:00:00,0.0,-1.480010986328125,0.0,-0.003854094811829,False,2026-05-28,False,False,1.48,2.1904,1.48,0.0039,,1.0,1.480010986328125
V,_NaiveModel,327.6099853515625,324.95001220703125,2026-05-28 00:00:00,0.0,-2.65997314453125,0.0,-0.0081193286635533,False,2026-05-28,False,False,2.66,7.0755,2.66,0.0082,,1.0,2.65997314453125
WMT,_NaiveModel,118.54000091552734,118.9000015258789,2026-05-28 00:00:00,0.0,0.3600006103515625,0.0,0.0030369546783461,False,2026-05-28,False,False,0.36,0.1296,0.36,0.003,,1.0,-0.3600006103515625
XOM,_NaiveModel,147.89999389648438,146.9600067138672,2026-05-28 00:00:00,0.0,-0.9399871826171876,0.0,-0.0063555593063451,False,2026-05-28,False,False,0.94,0.8836,0.94,0.0064,,1.0,0.9399871826171875
AAPL,_NaiveModel,308.3299865722656,310.8500061035156,2026-05-27 00:00:00,0.0,2.52001953125,0.0,0.0081731250316107,False,2026-05-27,False,False,2.52,6.3505,2.52,0.0081,,1.0,-2.52001953125
AMD,_NaiveModel,503.8900146484375,495.5400085449219,2026-05-27 00:00:00,0.0,-8.350006103515625,0.0,-0.0165710886518388,False,2026-05-27,False,False,8.35,69.7226,8.35,0.0169,,1.0,8.350006103515625
AMZN,_NaiveModel,265.2900085449219,271.8500061035156,2026-05-27 00:00:00,0.0,6.55999755859375,0.0,0.0247276465275658,False,2026-05-27,False,False,6.56,43.0336,6.56,0.0241,,1.0,-6.55999755859375
ASML,_NaiveModel,1632.030029296875,1597.8699951171875,2026-05-27 00:00:00,0.0,-34.1600341796875,0.0,-0.0209310083555292,False,2026-05-27,False,False,34.16,1166.9079,34.16,0.0214,,1.0,34.1600341796875
AVGO,_NaiveModel,422.010009765625,421.8599853515625,2026-05-27 00:00:00,0.0,-0.1500244140625,0.0,-0.0003554996578062,False,2026-05-27,False,False,0.15,0.0225,0.15,0.0004,,1.0,0.1500244140625
BRK-B,_NaiveModel,483.6199951171875,479.9200134277344,2026-05-27 00:00:00,0.0,-3.699981689453125,0.0,-0.0076505970117231,False,2026-05-27,False,False,3.7,13.6899,3.7,0.0077,,1.0,3.699981689453125
CAT,_NaiveModel,908.5499877929688,909.9299926757812,2026-05-27 00:00:00,0.0,1.3800048828125,0.0,0.001518909142429,False,2026-05-27,False,False,1.38,1.9044,1.38,0.0015,,1.0,-1.3800048828125
COST,_NaiveModel,1002.9299926757812,1003.6900024414062,2026-05-27 00:00:00,0.0,0.760009765625,0.0,0.0007577894480923,False,2026-05-27,False,False,0.76,0.5776,0.76,0.0008,,1.0,-0.760009765625
CRM,_NaiveModel,179.0800018310547,177.50999450683594,2026-05-27 00:00:00,0.0,-1.57000732421875,0.0,-0.008767072303807,False,2026-05-27,False,False,1.57,2.4649,1.57,0.0088,,1.0,1.57000732421875
GOOGL,_NaiveModel,388.8800048828125,388.8299865722656,2026-05-27 00:00:00,0.0,-0.050018310546875,0.0,-0.0001286214511387,False,2026-05-27,False,False,0.05,0.0025,0.05,0.0001,,1.0,0.050018310546875
JNJ,_NaiveModel,230.17999267578125,231.2899932861328,2026-05-27 00:00:00,0.0,1.1100006103515625,0.0,0.0048223157775274,False,2026-05-27,False,False,1.11,1.2321,1.11,0.0048,,1.0,-1.1100006103515625
JPM,_NaiveModel,306.739990234375,299.2799987792969,2026-05-27 00:00:00,0.0,-7.459991455078125,0.0,-0.0243202441565511,False,2026-05-27,False,False,7.46,55.6515,7.46,0.0249,,1.0,7.459991455078125
LLY,_NaiveModel,1064.739990234375,1082.9200439453125,2026-05-27 00:00:00,0.0,18.1800537109375,0.0,0.0170746415816838,False,2026-05-27,False,False,18.1801,330.5144,18.1801,0.0168,,1.0,-18.1800537109375
LMT,_NaiveModel,532.9000244140625,531.1400146484375,2026-05-27 00:00:00,0.0,-1.760009765625,0.0,-0.0033027016044147,False,2026-05-27,False,False,1.76,3.0976,1.76,0.0033,,1.0,1.760009765625
MA,_NaiveModel,493.010009765625,495.0400085449219,2026-05-27 00:00:00,0.0,2.029998779296875,0.0,0.0041175609806825,False,2026-05-27,False,False,2.03,4.1209,2.03,0.0041,,1.0,-2.029998779296875
MCD,_NaiveModel,279.260009765625,280.9200134277344,2026-05-27 00:00:00,0.0,1.660003662109375,0.0,0.0059442942206532,False,2026-05-27,False,False,1.66,2.7556,1.66,0.0059,,1.0,-1.660003662109375
META,_NaiveModel,612.3400268554688,635.260009765625,2026-05-27 00:00:00,0.0,22.91998291015625,0.0,0.0374301562938103,False,2026-05-27,False,False,22.92,525.3256,22.92,0.0361,,1.0,-22.91998291015625
MRK,_NaiveModel,119.72000122070312,120.23999786376952,2026-05-27 00:00:00,0.0,0.519996643066392,0.0,0.0043434400080549,False,2026-05-27,False,False,0.52,0.2704,0.52,0.0043,,1.0,-0.519996643066392
MSFT,_NaiveModel,416.0299987792969,412.6700134277344,2026-05-27 00:00:00,0.0,-3.3599853515625,0.0,-0.0080763054621572,False,2026-05-27,False,False,3.36,11.2895,3.36,0.0081,,1.0,3.3599853515625
NEE,_NaiveModel,87.6500015258789,87.6500015258789,2026-05-27 00:00:00,0.0,0.0,0.0,0.0,False,2026-05-27,False,False,0.0,0.0,0.0,0.0,,1.0,0.0
NVDA,_NaiveModel,214.8600006103516,212.6000061035156,2026-05-27 00:00:00,0.0,-2.2599945068359943,0.0,-0.0105184515517827,False,2026-05-27,False,False,2.26,5.1076,2.26,0.0106,,1.0,2.2599945068359943
ORCL,_NaiveModel,193.0599975585937,190.9600067138672,2026-05-27 00:00:00,-2.8421709430404014e-14,-2.099990844726534,-1.4721697808878308e-16,-0.0108774001413171,True,2026-05-27,False,False,2.1,4.41,2.1,0.011,,1.0,2.0999908447265057
PG,_NaiveModel,142.9600067138672,147.49000549316406,2026-05-27 00:00:00,0.0,4.529998779296875,0.0,0.0316871751997299,False,2026-05-27,False,False,4.53,20.5209,4.53,0.0307,,1.0,-4.529998779296875
PLTR,_NaiveModel,136.60000610351562,132.50999450683594,2026-05-27 00:00:00,0.0,-4.090011596679688,0.0,-0.0299415184035956,False,2026-05-27,False,False,4.09,16.7282,4.09,0.0309,,1.0,4.0900115966796875
TSLA,_NaiveModel,433.5899963378906,440.3599853515625,2026-05-27 00:00:00,0.0,6.769989013671875,0.0,0.0156138035260299,False,2026-05-27,False,False,6.77,45.8328,6.77,0.0154,,1.0,-6.769989013671875
TSM,_NaiveModel,412.3200073242188,422.7300109863281,2026-05-27 00:00:00,0.0,10.410003662109318,0.0,0.0252473891084398,False,2026-05-27,False,False,10.41,108.3682,10.41,0.0246,,1.0,-10.410003662109318
UNH,_NaiveModel,376.8599853515625,384.010009765625,2026-05-27 00:00:00,0.0,7.1500244140625,0.0,0.0189726282757041,False,2026-05-27,False,False,7.15,51.1228,7.15,0.0186,,1.0,-7.1500244140625
V,_NaiveModel,326.4800109863281,327.6099853515625,2026-05-27 00:00:00,0.0,1.129974365234375,0.0,0.0034610828449209,False,2026-05-27,False,False,1.13,1.2768,1.13,0.0034,,1.0,-1.129974365234375
WMT,_NaiveModel,118.56999969482422,118.54000091552734,2026-05-27 00:00:00,0.0,-0.029998779296875,0.0,-0.0002530048020079,False,2026-05-27,False,False,0.03,0.0009,0.03,0.0003,,1.0,0.029998779296875
XOM,_NaiveModel,149.80999755859375,147.89999389648438,2026-05-27 00:00:00,0.0,-1.910003662109375,0.0,-0.0127495073308597,False,2026-05-27,False,False,1.91,3.6481,1.91,0.0129,,1.0,1.910003662109375
AAPL,_NaiveModel,304.989990234375,308.82000732421875,2026-05-22 00:00:00,0.0,3.83001708984375,0.0,0.0125578452161676,False,2026-05-22,False,False,3.83,14.669,3.83,0.0124,,1.0,-3.83001708984375
AMD,_NaiveModel,449.5899963378906,467.510009765625,2026-05-22 00:00:00,0.0,17.920013427734375,0.0,0.0398585679701523,False,2026-05-22,False,False,17.92,321.1269,17.92,0.0383,,1.0,-17.920013427734375
AMZN,_NaiveModel,268.4599914550781,266.32000732421875,2026-05-22 00:00:00,0.0,-2.139984130859375,0.0,-0.0079713335281747,False,2026-05-22,False,False,2.14,4.5795,2.14,0.008,,1.0,2.139984130859375
ASML,_NaiveModel,1592.0,1632.9000244140625,2026-05-22 00:00:00,0.0,40.9000244140625,0.0,0.0256909701093357,False,2026-05-22,False,False,40.9,1672.812,40.9,0.025,,1.0,-40.9000244140625
AVGO,_NaiveModel,414.5700073242188,414.1400146484375,2026-05-22 00:00:00,0.0,-0.4299926757813068,0.0,-0.0010372016021048,False,2026-05-22,False,False,0.43,0.1849,0.43,0.001,,1.0,0.42999267578130684
BRK-B,_NaiveModel,479.9800109863281,486.3800048828125,2026-05-22 00:00:00,0.0,6.399993896484375,0.0,0.0133338758906496,False,2026-05-22,False,False,6.4,40.9599,6.4,0.0132,,1.0,-6.399993896484375
CAT,_NaiveModel,865.9500122070312,879.8900146484375,2026-05-22 00:00:00,0.0,13.94000244140625,0.0,0.0160979297244625,False,2026-05-22,False,False,13.94,194.3237,13.94,0.0158,,1.0,-13.94000244140625
COST,_NaiveModel,1050.449951171875,1028.239990234375,2026-05-22 00:00:00,0.0,-22.2099609375,0.0,-0.0211432833260858,False,2026-05-22,False,False,22.21,493.2824,22.21,0.0216,,1.0,22.2099609375
CRM,_NaiveModel,176.30999755859375,180.07000732421875,2026-05-22 00:00:00,0.0,3.760009765625,0.0,0.0213261290777082,False,2026-05-22,False,False,3.76,14.1377,3.76,0.0209,,1.0,-3.760009765625
GOOGL,_NaiveModel,387.6600036621094,382.9700012207031,2026-05-22 00:00:00,0.0,-4.69000244140625,0.0,-0.0120982365916039,False,2026-05-22,False,False,4.69,21.9961,4.69,0.0122,,1.0,4.69000244140625
JNJ,_NaiveModel,231.72999572753903,234.33999633789065,2026-05-22 00:00:00,0.0,2.61000061035162,0.0,0.0112631107688811,False,2026-05-22,False,False,2.61,6.8121,2.61,0.0111,,1.0,-2.6100006103516193
JPM,_NaiveModel,303.0,306.3800048828125,2026-05-22 00:00:00,0.0,3.3800048828125,0.0,0.0111551316264438,False,2026-05-22,False,False,3.38,11.4244,3.38,0.011,,1.0,-3.3800048828125
LLY,_NaiveModel,1041.6500244140625,1065.0,2026-05-22 00:00:00,0.0,23.3499755859375,0.0,0.0224163346984723,False,2026-05-22,False,False,23.35,545.2214,23.35,0.0219,,1.0,-23.3499755859375
LMT,_NaiveModel,522.7899780273438,533.239990234375,2026-05-22 00:00:00,0.0,10.45001220703125,0.0,0.0199889298690509,False,2026-05-22,False,False,10.45,109.2028,10.45,0.0196,,1.0,-10.45001220703125
MA,_NaiveModel,499.6199951171875,498.5400085449219,2026-05-22 00:00:00,0.0,-1.079986572265625,0.0,-0.002161615993796,False,2026-05-22,False,False,1.08,1.1664,1.08,0.0022,,1.0,1.079986572265625
MCD,_NaiveModel,284.17999267578125,282.2699890136719,2026-05-22 00:00:00,0.0,-1.910003662109375,0.0,-0.0067211053252734,False,2026-05-22,False,False,1.91,3.6481,1.91,0.0068,,1.0,1.910003662109375
META,_NaiveModel,607.3800048828125,610.260009765625,2026-05-22 00:00:00,0.0,2.8800048828125,0.0,0.0047416853693894,False,2026-05-22,False,False,2.88,8.2944,2.88,0.0047,,1.0,-2.8800048828125
MRK,_NaiveModel,115.87999725341795,122.41000366210938,2026-05-22 00:00:00,0.0,6.5300064086914205,0.0,0.0563514546381197,False,2026-05-22,False,False,6.53,42.641,6.53,0.0533,,1.0,-6.5300064086914205
MSFT,_NaiveModel,419.0899963378906,418.5700073242188,2026-05-22 00:00:00,0.0,-0.5199890136718182,0.0,-0.0012407573986866,False,2026-05-22,False,False,0.52,0.2704,0.52,0.0012,,1.0,0.5199890136718182
NEE,_NaiveModel,89.69000244140625,88.55000305175781,2026-05-22 00:00:00,0.0,-1.1399993896484375,0.0,-0.0127104399444429,False,2026-05-22,False,False,1.14,1.2996,1.14,0.0129,,1.0,1.1399993896484375
NVDA,_NaiveModel,219.509994506836,215.3300018310547,2026-05-22 00:00:00,2.8421709430404014e-14,-4.179992675781278,1.2947797431391626e-16,-0.0190423797566588,False,2026-05-22,False,False,4.18,17.4723,4.18,0.0194,,1.0,4.179992675781307
ORCL,_NaiveModel,189.7700042724609,192.0800018310547,2026-05-22 00:00:00,0.0,2.3099975585937784,0.0,0.0121726168866878,False,2026-05-22,False,False,2.31,5.3361,2.31,0.012,,1.0,-2.3099975585937784
PG,_NaiveModel,143.39999389648438,144.44000244140625,2026-05-22 00:00:00,0.0,1.040008544921875,0.0,0.0072525006219499,False,2026-05-22,False,False,1.04,1.0816,1.04,0.0072,,1.0,-1.040008544921875
PLTR,_NaiveModel,137.4149932861328,136.8800048828125,2026-05-22 00:00:00,0.0,-0.5349884033203125,0.0,-0.0038932316665498,False,2026-05-22,False,False,0.535,0.2862,0.535,0.0039,,1.0,0.5349884033203125
TSLA,_NaiveModel,417.8500061035156,426.010009765625,2026-05-22 00:00:00,0.0,8.160003662109375,0.0,0.0195285474283034,False,2026-05-22,False,False,8.16,66.5857,8.16,0.0192,,1.0,-8.160003662109375
TSM,_NaiveModel,407.1499938964844,404.5199890136719,2026-05-22 00:00:00,0.0,-2.6300048828125,0.0,-0.0064595478871139,False,2026-05-22,False,False,2.63,6.9169,2.63,0.0065,,1.0,2.6300048828125
UNH,_NaiveModel,382.4800109863281,388.4700012207031,2026-05-22 00:00:00,0.0,5.989990234375,0.0,0.0156609236099115,False,2026-05-22,False,False,5.99,35.88,5.99,0.0154,,1.0,-5.989990234375
V,_NaiveModel,331.1199951171875,328.8800048828125,2026-05-22 00:00:00,0.0,-2.239990234375,0.0,-0.0067648896696263,False,2026-05-22,False,False,2.24,5.0176,2.24,0.0068,,1.0,2.239990234375
WMT,_NaiveModel,121.33999633789062,120.2699966430664,2026-05-22 00:00:00,0.0,-1.0699996948242188,0.0,-0.0088181945534647,False,2026-05-22,False,False,1.07,1.1449,1.07,0.0089,,1.0,1.0699996948242188
XOM,_NaiveModel,155.2899932861328,154.9199981689453,2026-05-22 00:00:00,0.0,-0.3699951171875,0.0,-0.0023826075934317,False,2026-05-22,False,False,0.37,0.1369,0.37,0.0024,,1.0,0.3699951171875
AAPL,_NaiveModel,302.25,304.989990234375,2026-05-21 00:00:00,0.0,2.739990234375,0.0,0.0090653109491315,False,2026-05-21,False,False,2.74,7.5075,2.74,0.009,,1.0,-2.739990234375
AMD,_NaiveModel,447.5799865722656,449.5899963378906,2026-05-21 00:00:00,0.0,2.010009765625,0.0,0.0044908392375146,False,2026-05-21,False,False,2.01,4.0401,2.01,0.0045,,1.0,-2.010009765625
AMZN,_NaiveModel,265.010009765625,268.4599914550781,2026-05-21 00:00:00,0.0,3.449981689453125,0.0,0.0130183070915105,False,2026-05-21,False,False,3.45,11.9024,3.45,0.0129,,1.0,-3.449981689453125
ASML,_NaiveModel,1550.1300048828125,1592.0,2026-05-21 00:00:00,0.0,41.8699951171875,0.0,0.0270106345824541,False,2026-05-21,False,False,41.87,1753.0965,41.87,0.0263,,1.0,-41.8699951171875
AVGO,_NaiveModel,417.760009765625,414.5700073242188,2026-05-21 00:00:00,0.0,-3.190002441406193,0.0,-0.0076359688980184,False,2026-05-21,False,False,3.19,10.1761,3.19,0.0077,,1.0,3.190002441406193
BRK-B,_NaiveModel,480.8999938964844,479.9800109863281,2026-05-21 00:00:00,0.0,-0.91998291015625,0.0,-0.0019130441294084,False,2026-05-21,False,False,0.92,0.8464,0.92,0.0019,,1.0,0.91998291015625
CAT,_NaiveModel,872.5599975585938,865.9500122070312,2026-05-21 00:00:00,0.0,-6.6099853515625,0.0,-0.0075753935202818,False,2026-05-21,False,False,6.61,43.6919,6.61,0.0076,,1.0,6.6099853515625
COST,_NaiveModel,1074.010009765625,1050.449951171875,2026-05-21 00:00:00,0.0,-23.56005859375,0.0,-0.021936535394946,False,2026-05-21,False,False,23.5601,555.0764,23.5601,0.0224,,1.0,23.56005859375
CRM,_NaiveModel,180.10000610351562,176.30999755859375,2026-05-21 00:00:00,0.0,-3.790008544921875,0.0,-0.0210439112519713,False,2026-05-21,False,False,3.79,14.3642,3.79,0.0215,,1.0,3.790008544921875
GOOGL,_NaiveModel,388.9100036621094,387.6600036621094,2026-05-21 00:00:00,0.0,-1.25,0.0,-0.0032141112036964,False,2026-05-21,False,False,1.25,1.5625,1.25,0.0032,,1.0,1.25
JNJ,_NaiveModel,229.32000732421875,231.72999572753903,2026-05-21 00:00:00,0.0,2.409988403320284,0.0,0.0105092810323914,False,2026-05-21,False,False,2.41,5.808,2.41,0.0104,,1.0,-2.409988403320284
JPM,_NaiveModel,301.9800109863281,303.0,2026-05-21 00:00:00,0.0,1.019989013671875,0.0,0.0033776706290604,False,2026-05-21,False,False,1.02,1.0404,1.02,0.0034,,1.0,-1.019989013671875
LLY,_NaiveModel,1018.8699951171876,1041.6500244140625,2026-05-21 00:00:00,0.0,22.780029296874886,0.0,0.0223581314652953,False,2026-05-21,False,False,22.78,518.9297,22.78,0.0219,,1.0,-22.780029296874886
LMT,_NaiveModel,522.5900268554688,522.7899780273438,2026-05-21 00:00:00,0.0,0.199951171875,0.0,0.0003826157438903,False,2026-05-21,False,False,0.2,0.04,0.2,0.0004,,1.0,-0.199951171875
MA,_NaiveModel,498.0400085449219,499.6199951171875,2026-05-21 00:00:00,0.0,1.579986572265625,0.0,0.0031724089333339,False,2026-05-21,False,False,1.58,2.4964,1.58,0.0032,,1.0,-1.579986572265625
MCD,_NaiveModel,280.2699890136719,284.17999267578125,2026-05-21 00:00:00,0.0,3.910003662109375,0.0,0.0139508467384235,False,2026-05-21,False,False,3.91,15.2881,3.91,0.0138,,1.0,-3.910003662109375
META,_NaiveModel,605.0599975585938,607.3800048828125,2026-05-21 00:00:00,0.0,2.32000732421875,0.0,0.0038343426000395,False,2026-05-21,False,False,2.32,5.3824,2.32,0.0038,,1.0,-2.32000732421875
MRK,_NaiveModel,113.0,115.87999725341795,2026-05-21 00:00:00,0.0,2.8799972534179545,0.0,0.025486701357681,False,2026-05-21,False,False,2.88,8.2944,2.88,0.0249,,1.0,-2.8799972534179545
MSFT,_NaiveModel,421.05999755859375,419.0899963378906,2026-05-21 00:00:00,0.0,-1.970001220703125,0.0,-0.004678671049555,False,2026-05-21,False,False,1.97,3.8809,1.97,0.0047,,1.0,1.970001220703125
NEE,_NaiveModel,88.2699966430664,89.69000244140625,2026-05-21 00:00:00,0.0,1.4200057983398438,0.0,0.0160870720782041,False,2026-05-21,False,False,1.42,2.0164,1.42,0.0158,,1.0,-1.4200057983398438
NVDA,_NaiveModel,223.47000122070312,219.509994506836,2026-05-21 00:00:00,0.0,-3.960006713867159,0.0,-0.0177205293428006,False,2026-05-21,False,False,3.96,15.6817,3.96,0.018,,1.0,3.9600067138671307
ORCL,_NaiveModel,188.1600036621093,189.7700042724609,2026-05-21 00:00:00,-2.8421709430404014e-14,1.6100006103515625,-1.5105074870981954e-16,0.0085565506963038,False,2026-05-21,False,False,1.61,2.5921,1.61,0.0085,,1.0,-1.6100006103516193
PG,_NaiveModel,142.44000244140625,143.39999389648438,2026-05-21 00:00:00,0.0,0.959991455078125,0.0,0.0067396197600672,False,2026-05-21,False,False,0.96,0.9216,0.96,0.0067,,1.0,-0.959991455078125
PLTR,_NaiveModel,137.14999389648438,137.4149932861328,2026-05-21 00:00:00,0.0,0.2649993896484375,0.0,0.0019321866674558,False,2026-05-21,False,False,0.265,0.0702,0.265,0.0019,,1.0,-0.2649993896484375
TSLA,_NaiveModel,417.260009765625,417.8500061035156,2026-05-21 00:00:00,0.0,0.589996337890625,0.0,0.0014139776735902,False,2026-05-21,False,False,0.59,0.3481,0.59,0.0014,,1.0,-0.589996337890625
TSM,_NaiveModel,401.6199951171875,407.1499938964844,2026-05-21 00:00:00,0.0,5.529998779296875,0.0,0.0137692317278259,False,2026-05-21,False,False,5.53,30.5809,5.53,0.0136,,1.0,-5.529998779296875
UNH,_NaiveModel,383.2999877929688,382.4800109863281,2026-05-21 00:00:00,0.0,-0.8199768066406818,0.0,-0.002139256020753,False,2026-05-21,False,False,0.82,0.6724,0.82,0.0021,,1.0,0.8199768066406818
V,_NaiveModel,330.75,331.1199951171875,2026-05-21 00:00:00,0.0,0.3699951171875,0.0,0.0011186549272486,False,2026-05-21,False,False,0.37,0.1369,0.37,0.0011,,1.0,-0.3699951171875
WMT,_NaiveModel,130.85000610351562,121.33999633789062,2026-05-21 00:00:00,0.0,-9.510009765625,0.0,-0.0726787109058414,False,2026-05-21,False,False,9.51,90.4403,9.51,0.0784,,1.0,9.510009765625
XOM,_NaiveModel,156.27999877929688,155.2899932861328,2026-05-21 00:00:00,0.0,-0.9900054931640624,0.0,-0.006334818920508,False,2026-05-21,False,False,0.99,0.9801,0.99,0.0064,,1.0,0.9900054931640625
AAPL,_NaiveModel,298.9700012207031,302.25,2026-05-20 00:00:00,0.0,3.279998779296875,0.0,0.0109709963070025,False,2026-05-20,False,False,3.28,10.7584,3.28,0.0109,,1.0,-3.279998779296875
AMD,_NaiveModel,414.0499877929688,447.5799865722656,2026-05-20 00:00:00,0.0,33.52999877929682,0.0,0.080980557342903,False,2026-05-20,False,False,33.53,1124.2608,33.53,0.0749,,1.0,-33.52999877929682
AMZN,_NaiveModel,259.3399963378906,265.010009765625,2026-05-20 00:00:00,0.0,5.670013427734375,0.0,0.0218632432628979,False,2026-05-20,False,False,5.67,32.1491,5.67,0.0214,,1.0,-5.670013427734375
ASML,_NaiveModel,1459.43994140625,1550.1300048828125,2026-05-20 00:00:00,0.0,90.6900634765625,0.0,0.0621403189700137,False,2026-05-20,False,False,90.6901,8224.6876,90.6901,0.0585,,1.0,-90.6900634765625
AVGO,_NaiveModel,411.0700073242188,417.760009765625,2026-05-20 00:00:00,0.0,6.690002441406193,0.0,0.0162746060821938,False,2026-05-20,False,False,6.69,44.7561,6.69,0.016,,1.0,-6.690002441406193
BRK-B,_NaiveModel,480.4599914550781,480.8999938964844,2026-05-20 00:00:00,0.0,0.44000244140625,0.0,0.0009157941331882,False,2026-05-20,False,False,0.44,0.1936,0.44,0.0009,,1.0,-0.44000244140625
CAT,_NaiveModel,860.1500244140625,872.5599975585938,2026-05-20 00:00:00,0.0,12.40997314453125,0.0,0.014427684464678,False,2026-05-20,False,False,12.41,154.0074,12.41,0.0142,,1.0,-12.40997314453125
COST,_NaiveModel,1094.3199462890625,1074.010009765625,2026-05-20 00:00:00,0.0,-20.3099365234375,0.0,-0.0185594136269838,False,2026-05-20,False,False,20.3099,412.4935,20.3099,0.0189,,1.0,20.3099365234375
CRM,_NaiveModel,179.4199981689453,180.10000610351562,2026-05-20 00:00:00,0.0,0.6800079345703125,0.0,0.0037900342297964,False,2026-05-20,False,False,0.68,0.4624,0.68,0.0038,,1.0,-0.6800079345703125
GOOGL,_NaiveModel,387.6600036621094,388.9100036621094,2026-05-20 00:00:00,0.0,1.25,0.0,0.0032244750250003,False,2026-05-20,False,False,1.25,1.5625,1.25,0.0032,,1.0,-1.25
JNJ,_NaiveModel,230.0,229.32000732421875,2026-05-20 00:00:00,0.0,-0.67999267578125,0.0,-0.002956489894701,False,2026-05-20,False,False,0.68,0.4624,0.68,0.003,,1.0,0.67999267578125
JPM,_NaiveModel,295.70001220703125,301.9800109863281,2026-05-20 00:00:00,0.0,6.279998779296875,0.0,0.021237735948756,False,2026-05-20,False,False,6.28,39.4384,6.28,0.0208,,1.0,-6.279998779296875
LLY,_NaiveModel,1021.4099731445312,1018.8699951171876,2026-05-20 00:00:00,0.0,-2.5399780273436363,0.0,-0.0024867370538041,False,2026-05-20,False,False,2.54,6.4515,2.54,0.0025,,1.0,2.5399780273436363
LMT,_NaiveModel,526.6300048828125,522.5900268554688,2026-05-20 00:00:00,0.0,-4.03997802734375,0.0,-0.0076713783678974,False,2026-05-20,False,False,4.04,16.3214,4.04,0.0077,,1.0,4.03997802734375
MA,_NaiveModel,499.7000122070313,498.0400085449219,2026-05-20 00:00:00,0.0,-1.6600036621094318,0.0,-0.0033220004433813,False,2026-05-20,False,False,1.66,2.7556,1.66,0.0033,,1.0,1.6600036621094318
MCD,_NaiveModel,280.79998779296875,280.2699890136719,2026-05-20 00:00:00,0.0,-0.529998779296875,0.0,-0.0018874601222833,False,2026-05-20,False,False,0.53,0.2809,0.53,0.0019,,1.0,0.529998779296875
META,_NaiveModel,602.6099853515625,605.0599975585938,2026-05-20 00:00:00,0.0,2.45001220703125,0.0,0.0040656681213171,False,2026-05-20,False,False,2.45,6.0026,2.45,0.004,,1.0,-2.45001220703125
MRK,_NaiveModel,114.23999786376952,113.0,2026-05-20 00:00:00,0.0,-1.239997863769517,0.0,-0.0108543232401685,False,2026-05-20,False,False,1.24,1.5376,1.24,0.011,,1.0,1.239997863769517
MSFT,_NaiveModel,417.4200134277344,421.05999755859375,2026-05-20 00:00:00,0.0,3.639984130859375,0.0,0.0087201955195412,False,2026-05-20,False,False,3.64,13.2495,3.64,0.0086,,1.0,-3.639984130859375
NEE,_NaiveModel,90.05999755859375,88.2699966430664,2026-05-20 00:00:00,0.0,-1.7900009155273438,0.0,-0.0198756491677978,False,2026-05-20,False,False,1.79,3.2041,1.79,0.0203,,1.0,1.7900009155273438
NVDA,_NaiveModel,220.6100006103516,223.47000122070312,2026-05-20 00:00:00,0.0,2.860000610351534,0.0,0.0129640569441045,False,2026-05-20,False,False,2.86,8.1796,2.86,0.0128,,1.0,-2.860000610351534
ORCL,_NaiveModel,181.4600067138672,188.16000366210932,2026-05-20 00:00:00,0.0,6.699996948242159,0.0,0.0369227196095443,False,2026-05-20,False,False,6.7,44.89,6.7,0.0356,,1.0,-6.699996948242131
PG,_NaiveModel,141.3000030517578,142.44000244140625,2026-05-20 00:00:00,0.0,1.1399993896484375,0.0,0.0080679360582239,False,2026-05-20,False,False,1.14,1.2996,1.14,0.008,,1.0,-1.1399993896484375
PLTR,_NaiveModel,135.25999450683594,137.14999389648438,2026-05-20 00:00:00,0.0,1.8899993896484373,0.0,0.0139730849209292,False,2026-05-20,False,False,1.89,3.5721,1.89,0.0138,,1.0,-1.8899993896484375
TSLA,_NaiveModel,404.1099853515625,417.260009765625,2026-05-20 00:00:00,0.0,13.1500244140625,0.0,0.032540706467875,False,2026-05-20,False,False,13.15,172.9231,13.15,0.0315,,1.0,-13.1500244140625
TSM,_NaiveModel,392.6099853515625,401.6199951171875,2026-05-20 00:00:00,0.0,9.010009765625,0.0,0.0229490081806171,False,2026-05-20,False,False,9.01,81.1803,9.01,0.0224,,1.0,-9.010009765625
UNH,_NaiveModel,389.239990234375,383.2999877929688,2026-05-20 00:00:00,0.0,-5.940002441406193,0.0,-0.0152605143110539,False,2026-05-20,False,False,5.94,35.2836,5.94,0.0155,,1.0,5.940002441406193
V,_NaiveModel,329.9100036621094,330.75,2026-05-20 00:00:00,0.0,0.839996337890625,0.0,0.002546137821122,False,2026-05-20,False,False,0.84,0.7056,0.84,0.0025,,1.0,-0.839996337890625
WMT,_NaiveModel,134.1999969482422,130.85000610351562,2026-05-20 00:00:00,0.0,-3.3499908447265625,0.0,-0.0249626745224038,False,2026-05-20,False,False,3.35,11.2224,3.35,0.0256,,1.0,3.3499908447265625
XOM,_NaiveModel,162.5500030517578,156.27999877929688,2026-05-20 00:00:00,0.0,-6.2700042724609375,0.0,-0.0385727724069281,False,2026-05-20,False,False,6.27,39.313,6.27,0.0401,,1.0,6.2700042724609375
AAPL,_NaiveModel,297.8399963378906,298.9700012207031,2026-05-19 00:00:00,0.0,1.1300048828125,0.0,0.0037939997874917,False,2026-05-19,False,False,1.13,1.2769,1.13,0.0038,,1.0,-1.1300048828125
AMD,_NaiveModel,420.989990234375,414.0499877929688,2026-05-19 00:00:00,0.0,-6.940002441406193,0.0,-0.0164849583182311,False,2026-05-19,False,False,6.94,48.1636,6.94,0.0168,,1.0,6.940002441406193
AMZN,_NaiveModel,264.8599853515625,259.3399963378906,2026-05-19 00:00:00,0.0,-5.519989013671875,0.0,-0.0208411587969579,False,2026-05-19,False,False,5.52,30.4703,5.52,0.0213,,1.0,5.519989013671875
ASML,_NaiveModel,1472.3900146484375,1459.43994140625,2026-05-19 00:00:00,0.0,-12.9500732421875,0.0,-0.0087952737476826,False,2026-05-19,False,False,12.9501,167.7044,12.9501,0.0089,,1.0,12.9500732421875
AVGO,_NaiveModel,420.7099914550781,411.0700073242188,2026-05-19 00:00:00,0.0,-9.639984130859318,0.0,-0.0229136087249038,False,2026-05-19,False,False,9.64,92.9293,9.64,0.0235,,1.0,9.639984130859318
BRK-B,_NaiveModel,488.3800048828125,480.4599914550781,2026-05-19 00:00:00,0.0,-7.920013427734375,0.0,-0.0162169076304317,False,2026-05-19,False,False,7.92,62.7266,7.92,0.0165,,1.0,7.920013427734375
CAT,_NaiveModel,863.9500122070312,860.1500244140625,2026-05-19 00:00:00,0.0,-3.79998779296875,0.0,-0.0043983884938682,False,2026-05-19,False,False,3.8,14.4399,3.8,0.0044,,1.0,3.79998779296875
COST,_NaiveModel,1076.469970703125,1094.3199462890625,2026-05-19 00:00:00,0.0,17.8499755859375,0.0,0.0165819540458507,False,2026-05-19,False,False,17.85,318.6216,17.85,0.0163,,1.0,-17.8499755859375
CRM,_NaiveModel,179.47999572753906,179.4199981689453,2026-05-19 00:00:00,0.0,-0.05999755859375,0.0,-0.000334285491542,False,2026-05-19,False,False,0.06,0.0036,0.06,0.0003,,1.0,0.05999755859375
GOOGL,_NaiveModel,396.9400024414063,387.6600036621094,2026-05-19 00:00:00,0.0,-9.279998779296932,0.0,-0.0233788449695663,False,2026-05-19,False,False,9.28,86.1184,9.28,0.0239,,1.0,9.279998779296932
JNJ,_NaiveModel,228.9199981689453,230.0,2026-05-19 00:00:00,0.0,1.0800018310546875,0.0,0.0047178133832485,False,2026-05-19,False,False,1.08,1.1664,1.08,0.0047,,1.0,-1.0800018310546875
JPM,_NaiveModel,300.7300109863281,295.70001220703125,2026-05-19 00:00:00,0.0,-5.029998779296875,0.0,-0.0167259621439163,False,2026-05-19,False,False,5.03,25.3009,5.03,0.017,,1.0,5.029998779296875
LLY,_NaiveModel,988.0900268554688,1021.4099731445312,2026-05-19 00:00:00,0.0,33.3199462890625,0.0,0.0337215692735013,False,2026-05-19,False,False,33.3199,1110.2188,33.3199,0.0326,,1.0,-33.3199462890625
LMT,_NaiveModel,528.3099975585938,526.6300048828125,2026-05-19 00:00:00,0.0,-1.67999267578125,0.0,-0.0031799373162438,False,2026-05-19,False,False,1.68,2.8224,1.68,0.0032,,1.0,1.67999267578125
MA,_NaiveModel,505.7900085449219,499.7000122070313,2026-05-19 00:00:00,0.0,-6.089996337890568,0.0,-0.0120405627533262,False,2026-05-19,False,False,6.09,37.0881,6.09,0.0122,,1.0,6.089996337890568
MCD,_NaiveModel,282.4700012207031,280.79998779296875,2026-05-19 00:00:00,0.0,-1.670013427734375,0.0,-0.0059121797731346,False,2026-05-19,False,False,1.67,2.7889,1.67,0.0059,,1.0,1.670013427734375
META,_NaiveModel,611.2100219726562,602.6099853515625,2026-05-19 00:00:00,0.0,-8.60003662109375,0.0,-0.014070509827927,False,2026-05-19,False,False,8.6,73.9606,8.6,0.0143,,1.0,8.60003662109375
MRK,_NaiveModel,112.55999755859376,114.23999786376952,2026-05-19 00:00:00,0.0,1.6800003051757528,0.0,0.0149253761692844,False,2026-05-19,False,False,1.68,2.8224,1.68,0.0147,,1.0,-1.6800003051757528
MSFT,_NaiveModel,423.5400085449219,417.4200134277344,2026-05-19 00:00:00,0.0,-6.1199951171875,0.0,-0.014449626938935,False,2026-05-19,False,False,6.12,37.4543,6.12,0.0147,,1.0,6.1199951171875
NEE,_NaiveModel,89.04000091552734,90.05999755859375,2026-05-19 00:00:00,0.0,1.0199966430664062,0.0,0.0114554877872708,False,2026-05-19,False,False,1.02,1.0404,1.02,0.0113,,1.0,-1.0199966430664062
NVDA,_NaiveModel,222.32000732421875,220.6100006103516,2026-05-19 00:00:00,0.0,-1.710006713867159,0.0,-0.007691645634814,False,2026-05-19,False,False,1.71,2.9241,1.71,0.0078,,1.0,1.710006713867159
ORCL,_NaiveModel,186.6100006103516,181.4600067138672,2026-05-19 00:00:00,0.0,-5.149993896484403,0.0,-0.0275976307788443,False,2026-05-19,False,False,5.15,26.5224,5.15,0.0284,,1.0,5.149993896484403
PG,_NaiveModel,142.38999938964844,141.3000030517578,2026-05-19 00:00:00,0.0,-1.089996337890625,0.0,-0.0076550062684378,False,2026-05-19,False,False,1.09,1.1881,1.09,0.0077,,1.0,1.089996337890625
PLTR,_NaiveModel,135.13999938964844,135.25999450683594,2026-05-19 00:00:00,0.0,0.1199951171875,0.0,0.0008879319056493,False,2026-05-19,False,False,0.12,0.0144,0.12,0.0009,,1.0,-0.1199951171875
TSLA,_NaiveModel,409.989990234375,404.1099853515625,2026-05-19 00:00:00,0.0,-5.8800048828125,0.0,-0.0143418254661562,False,2026-05-19,False,False,5.88,34.5745,5.88,0.0146,,1.0,5.8800048828125
TSM,_NaiveModel,395.9500122070313,392.6099853515625,2026-05-19 00:00:00,0.0,-3.340026855468807,0.0,-0.0084354760765164,False,2026-05-19,False,False,3.34,11.1558,3.34,0.0085,,1.0,3.340026855468807
UNH,_NaiveModel,391.1300048828125,389.239990234375,2026-05-19 00:00:00,0.0,-1.8900146484375,0.0,-0.0048321903838693,False,2026-05-19,False,False,1.89,3.5722,1.89,0.0049,,1.0,1.8900146484375
V,_NaiveModel,332.6400146484375,329.9100036621094,2026-05-19 00:00:00,0.0,-2.730010986328125,0.0,-0.0082071033733371,False,2026-05-19,False,False,2.73,7.453,2.73,0.0083,,1.0,2.730010986328125
WMT,_NaiveModel,133.33999633789062,134.1999969482422,2026-05-19 00:00:00,0.0,0.8600006103515625,0.0,0.0064496822706689,False,2026-05-19,False,False,0.86,0.7396,0.86,0.0064,,1.0,-0.8600006103515625
XOM,_NaiveModel,160.49000549316406,162.5500030517578,2026-05-19 00:00:00,0.0,2.05999755859375,0.0,0.0128356750457055,False,2026-05-19,False,False,2.06,4.2436,2.06,0.0127,,1.0,-2.05999755859375
AAPL,_NaiveModel,300.2300109863281,297.8399963378906,2026-05-18 00:00:00,0.0,-2.3900146484375,0.0,-0.007960612067347,False,2026-05-18,False,False,2.39,5.7122,2.39,0.008,,1.0,2.3900146484375
AMD,_NaiveModel,424.1000061035156,420.989990234375,2026-05-18 00:00:00,0.0,-3.110015869140625,0.0,-0.0073332134505594,False,2026-05-18,False,False,3.11,9.6722,3.11,0.0074,,1.0,3.110015869140625
AMZN,_NaiveModel,264.1400146484375,264.8599853515625,2026-05-18 00:00:00,0.0,0.719970703125,0.0,0.0027257161474881,False,2026-05-18,False,False,0.72,0.5184,0.72,0.0027,,1.0,-0.719970703125
ASML,_NaiveModel,1501.81005859375,1472.3900146484375,2026-05-18 00:00:00,0.0,-29.4200439453125,0.0,-0.0195897235985092,False,2026-05-18,False,False,29.42,865.539,29.42,0.02,,1.0,29.4200439453125
AVGO,_NaiveModel,425.1900024414063,420.7099914550781,2026-05-18 00:00:00,0.0,-4.480010986328182,0.0,-0.0105364918286044,False,2026-05-18,False,False,4.48,20.0705,4.48,0.0106,,1.0,4.480010986328182
BRK-B,_NaiveModel,482.7000122070313,488.3800048828125,2026-05-18 00:00:00,0.0,5.679992675781193,0.0,0.0117671276820789,False,2026-05-18,False,False,5.68,32.2623,5.68,0.0116,,1.0,-5.679992675781193
CAT,_NaiveModel,888.3099975585938,863.9500122070312,2026-05-18 00:00:00,0.0,-24.3599853515625,0.0,-0.0274228427221497,False,2026-05-18,False,False,24.36,593.4089,24.36,0.0282,,1.0,24.3599853515625
COST,_NaiveModel,1048.949951171875,1076.469970703125,2026-05-18 00:00:00,0.0,27.52001953125,0.0,0.0262357794101662,False,2026-05-18,False,False,27.52,757.3515,27.52,0.0256,,1.0,-27.52001953125
CRM,_NaiveModel,173.50999450683594,179.47999572753906,2026-05-18 00:00:00,0.0,5.970001220703125,0.0,0.0344072469005116,False,2026-05-18,False,False,5.97,35.6409,5.97,0.0333,,1.0,-5.970001220703125
GOOGL,_NaiveModel,396.7799987792969,396.9400024414063,2026-05-18 00:00:00,0.0,0.1600036621094318,0.0,0.0004032553621696,False,2026-05-18,False,False,0.16,0.0256,0.16,0.0004,,1.0,-0.16000366210943184
JNJ,_NaiveModel,226.7100067138672,228.9199981689453,2026-05-18 00:00:00,0.0,2.209991455078125,0.0,0.0097480984060283,False,2026-05-18,False,False,2.21,4.8841,2.21,0.0097,,1.0,-2.209991455078125
JPM,_NaiveModel,297.8099975585937,300.7300109863281,2026-05-18 00:00:00,0.0,2.920013427734432,0.0,0.0098049543389151,False,2026-05-18,False,False,2.92,8.5265,2.92,0.0097,,1.0,-2.920013427734432
LLY,_NaiveModel,1004.9199829101562,988.0900268554688,2026-05-18 00:00:00,0.0,-16.8299560546875,0.0,-0.0167475583537999,False,2026-05-18,False,False,16.83,283.2474,16.83,0.017,,1.0,16.8299560546875
LMT,_NaiveModel,516.010009765625,528.3099975585938,2026-05-18 00:00:00,0.0,12.29998779296875,0.0,0.0238367232421624,False,2026-05-18,False,False,12.3,151.2897,12.3,0.0233,,1.0,-12.29998779296875
MA,_NaiveModel,494.2000122070313,505.7900085449219,2026-05-18 00:00:00,0.0,11.589996337890568,0.0,0.0234520357175451,False,2026-05-18,False,False,11.59,134.328,11.59,0.0229,,1.0,-11.589996337890568
MCD,_NaiveModel,276.3900146484375,282.4700012207031,2026-05-18 00:00:00,0.0,6.079986572265625,0.0,0.0219978517675439,False,2026-05-18,False,False,6.08,36.9662,6.08,0.0215,,1.0,-6.079986572265625
META,_NaiveModel,614.22998046875,611.2100219726562,2026-05-18 00:00:00,0.0,-3.01995849609375,0.0,-0.0049166575910037,False,2026-05-18,False,False,3.02,9.1201,3.02,0.0049,,1.0,3.01995849609375
MRK,_NaiveModel,111.37999725341795,112.55999755859376,2026-05-18 00:00:00,0.0,1.1800003051758097,0.0,0.0105943646460235,False,2026-05-18,False,False,1.18,1.3924,1.18,0.0105,,1.0,-1.1800003051758097
MSFT,_NaiveModel,421.9200134277344,423.5400085449219,2026-05-18 00:00:00,0.0,1.6199951171875,0.0,0.0038395787486505,False,2026-05-18,False,False,1.62,2.6244,1.62,0.0038,,1.0,-1.6199951171875
NEE,_NaiveModel,93.36000061035156,89.04000091552734,2026-05-18 00:00:00,0.0,-4.319999694824219,0.0,-0.0462724900019465,False,2026-05-18,False,False,4.32,18.6624,4.32,0.0485,,1.0,4.319999694824219
NVDA,_NaiveModel,225.32000732421875,222.32000732421875,2026-05-18 00:00:00,0.0,-3.0,0.0,-0.0133143968688196,False,2026-05-18,False,False,3.0,9.0,3.0,0.0135,,1.0,3.0
ORCL,_NaiveModel,192.9499969482422,186.6100006103516,2026-05-18 00:00:00,0.0,-6.339996337890597,0.0,-0.032858234973651,False,2026-05-18,False,False,6.34,40.1956,6.34,0.034,,1.0,6.339996337890597
PG,_NaiveModel,141.57000732421875,142.38999938964844,2026-05-18 00:00:00,0.0,0.8199920654296875,0.0,0.0057921312637342,False,2026-05-18,False,False,0.82,0.6724,0.82,0.0058,,1.0,-0.8199920654296875
PLTR,_NaiveModel,133.99000549316406,135.13999938964844,2026-05-18 00:00:00,0.0,1.149993896484375,0.0,0.0085826841505954,False,2026-05-18,False,False,1.15,1.3225,1.15,0.0085,,1.0,-1.149993896484375
TSLA,_NaiveModel,422.239990234375,409.989990234375,2026-05-18 00:00:00,0.0,-12.25,0.0,-0.0290119370105146,False,2026-05-18,False,False,12.25,150.0625,12.25,0.0299,,1.0,12.25
TSM,_NaiveModel,404.3500061035156,395.9500122070313,2026-05-18 00:00:00,0.0,-8.399993896484318,0.0,-0.0207740664515629,False,2026-05-18,False,False,8.4,70.5599,8.4,0.0212,,1.0,8.399993896484318
UNH,_NaiveModel,393.8500061035156,391.1300048828125,2026-05-18 00:00:00,0.0,-2.720001220703125,0.0,-0.0069061855491966,False,2026-05-18,False,False,2.72,7.3984,2.72,0.007,,1.0,2.720001220703125
V,_NaiveModel,325.75,332.6400146484375,2026-05-18 00:00:00,0.0,6.8900146484375,0.0,0.0211512345308902,False,2026-05-18,False,False,6.89,47.4723,6.89,0.0207,,1.0,-6.8900146484375
WMT,_NaiveModel,131.4499969482422,133.33999633789062,2026-05-18 00:00:00,0.0,1.8899993896484373,0.0,0.0143780862192991,False,2026-05-18,False,False,1.89,3.5721,1.89,0.0142,,1.0,-1.8899993896484375
XOM,_NaiveModel,157.9199981689453,160.49000549316406,2026-05-18 00:00:00,0.0,2.57000732421875,0.0,0.0162741093846095,False,2026-05-18,False,False,2.57,6.6049,2.57,0.016,,1.0,-2.57000732421875
AAPL,_NaiveModel,298.2099914550781,300.2300109863281,2026-05-15 00:00:00,0.0,2.02001953125,0.0,0.0067738157309671,False,2026-05-15,False,False,2.02,4.0805,2.02,0.0067,,1.0,-2.02001953125
AMD,_NaiveModel,449.7000122070313,424.1000061035156,2026-05-15 00:00:00,0.0,-25.60000610351568,0.0,-0.0569268521427792,False,2026-05-15,False,False,25.6,655.3603,25.6,0.0604,,1.0,25.600006103515682
AMZN,_NaiveModel,267.2200012207031,264.1400146484375,2026-05-15 00:00:00,0.0,-3.079986572265625,0.0,-0.0115260330746042,False,2026-05-15,False,False,3.08,9.4863,3.08,0.0117,,1.0,3.079986572265625
ASML,_NaiveModel,1584.510009765625,1501.81005859375,2026-05-15 00:00:00,0.0,-82.699951171875,0.0,-0.0521927603247565,False,2026-05-15,False,False,82.7,6839.2819,82.7,0.0551,,1.0,82.699951171875
AVGO,_NaiveModel,439.7900085449219,425.1900024414063,2026-05-15 00:00:00,0.0,-14.600006103515568,0.0,-0.0331976757539826,False,2026-05-15,False,False,14.6,213.1602,14.6,0.0343,,1.0,14.600006103515568
BRK-B,_NaiveModel,484.05999755859375,482.7000122070313,2026-05-15 00:00:00,0.0,-1.3599853515624432,0.0,-0.0028095388142413,False,2026-05-15,False,False,1.36,1.8496,1.36,0.0028,,1.0,1.3599853515624432
CAT,_NaiveModel,920.219970703125,888.3099975585938,2026-05-15 00:00:00,0.0,-31.90997314453125,0.0,-0.0346764623247084,False,2026-05-15,False,False,31.91,1018.2464,31.91,0.0359,,1.0,31.90997314453125
COST,_NaiveModel,1041.25,1048.949951171875,2026-05-15 00:00:00,0.0,7.699951171875,0.0,0.0073949110894357,False,2026-05-15,False,False,7.7,59.2892,7.7,0.0073,,1.0,-7.699951171875
CRM,_NaiveModel,167.5800018310547,173.50999450683594,2026-05-15 00:00:00,0.0,5.92999267578125,0.0,0.0353860401658161,False,2026-05-15,False,False,5.93,35.1648,5.93,0.0342,,1.0,-5.92999267578125
GOOGL,_NaiveModel,401.0700073242188,396.7799987792969,2026-05-15 00:00:00,0.0,-4.290008544921932,0.0,-0.0106964082743139,False,2026-05-15,False,False,4.29,18.4042,4.29,0.0108,,1.0,4.290008544921932
JNJ,_NaiveModel,230.8000030517578,226.7100067138672,2026-05-15 00:00:00,0.0,-4.089996337890625,0.0,-0.0177209544359209,False,2026-05-15,False,False,4.09,16.7281,4.09,0.018,,1.0,4.089996337890625
JPM,_NaiveModel,299.9100036621094,297.8099975585937,2026-05-15 00:00:00,0.0,-2.100006103515682,0.0,-0.0070021208958459,False,2026-05-15,False,False,2.1,4.41,2.1,0.0071,,1.0,2.100006103515682
LLY,_NaiveModel,1006.7000122070312,1004.9199829101562,2026-05-15 00:00:00,0.0,-1.780029296875,0.0,-0.0017681824528566,False,2026-05-15,False,False,1.78,3.1685,1.78,0.0018,,1.0,1.780029296875
LMT,_NaiveModel,520.4099731445312,516.010009765625,2026-05-15 00:00:00,0.0,-4.39996337890625,0.0,-0.008454802186668,False,2026-05-15,False,False,4.4,19.3597,4.4,0.0085,,1.0,4.39996337890625
MA,_NaiveModel,489.9400024414063,494.2000122070313,2026-05-15 00:00:00,0.0,4.260009765625,0.0,0.008694962126785,False,2026-05-15,False,False,4.26,18.1477,4.26,0.0086,,1.0,-4.260009765625
MCD,_NaiveModel,274.9700012207031,276.3900146484375,2026-05-15 00:00:00,0.0,1.420013427734375,0.0,0.0051642485414058,False,2026-05-15,False,False,1.42,2.0164,1.42,0.0051,,1.0,-1.420013427734375
META,_NaiveModel,618.4299926757812,614.22998046875,2026-05-15 00:00:00,0.0,-4.20001220703125,0.0,-0.0067914109224536,False,2026-05-15,False,False,4.2,17.6401,4.2,0.0068,,1.0,4.20001220703125
MRK,_NaiveModel,113.41000366210938,111.37999725341795,2026-05-15 00:00:00,0.0,-2.0300064086914205,0.0,-0.017899712046034,False,2026-05-15,False,False,2.03,4.1209,2.03,0.0182,,1.0,2.0300064086914205
MSFT,_NaiveModel,409.4299926757813,421.9200134277344,2026-05-15 00:00:00,0.0,12.490020751953068,0.0,0.0305058764022782,False,2026-05-15,False,False,12.49,156.0006,12.49,0.0296,,1.0,-12.490020751953068
NEE,_NaiveModel,95.68000030517578,93.36000061035156,2026-05-15 00:00:00,0.0,-2.3199996948242188,0.0,-0.0242474883719112,False,2026-05-15,False,False,2.32,5.3824,2.32,0.0249,,1.0,2.3199996948242188
NVDA,_NaiveModel,235.7400054931641,225.32000732421875,2026-05-15 00:00:00,0.0,-10.41999816894534,0.0,-0.0442012298555219,False,2026-05-15,False,False,10.42,108.5764,10.42,0.0462,,1.0,10.419998168945341
ORCL,_NaiveModel,195.6100006103516,192.9499969482422,2026-05-15 00:00:00,0.0,-2.6600036621094034,0.0,-0.013598505463982,False,2026-05-15,False,False,2.66,7.0756,2.66,0.0138,,1.0,2.6600036621094034
PG,_NaiveModel,142.7100067138672,141.57000732421875,2026-05-15 00:00:00,0.0,-1.1399993896484375,0.0,-0.0079882232220346,False,2026-05-15,False,False,1.14,1.2996,1.14,0.0081,,1.0,1.1399993896484375
PLTR,_NaiveModel,133.72999572753906,133.99000549316406,2026-05-15 00:00:00,0.0,0.260009765625,0.0,0.0019442890445816,False,2026-05-15,False,False,0.26,0.0676,0.26,0.0019,,1.0,-0.260009765625
TSLA,_NaiveModel,443.2999877929688,422.239990234375,2026-05-15 00:00:00,0.0,-21.059997558593807,0.0,-0.04750732717915,False,2026-05-15,False,False,21.06,443.5235,21.06,0.0499,,1.0,21.059997558593807
TSM,_NaiveModel,417.7200012207031,404.3500061035156,2026-05-15 00:00:00,0.0,-13.3699951171875,0.0,-0.0320070743036396,False,2026-05-15,False,False,13.37,178.7568,13.37,0.0331,,1.0,13.3699951171875
UNH,_NaiveModel,399.0899963378906,393.8500061035156,2026-05-15 00:00:00,0.0,-5.239990234375,0.0,-0.013129846106036,False,2026-05-15,False,False,5.24,27.4575,5.24,0.0133,,1.0,5.239990234375
V,_NaiveModel,322.5199890136719,325.75,2026-05-15 00:00:00,0.0,3.230010986328125,0.0,0.0100149172031355,False,2026-05-15,False,False,3.23,10.433,3.23,0.0099,,1.0,-3.230010986328125
WMT,_NaiveModel,132.4600067138672,131.4499969482422,2026-05-15 00:00:00,0.0,-1.010009765625,0.0,-0.0076250167177385,False,2026-05-15,False,False,1.01,1.0201,1.01,0.0077,,1.0,1.010009765625
XOM,_NaiveModel,152.77999877929688,157.9199981689453,2026-05-15 00:00:00,0.0,5.1399993896484375,0.0,0.0336431432826071,False,2026-05-15,False,False,5.14,26.4196,5.14,0.0325,,1.0,-5.1399993896484375
AAPL,_NaiveModel,298.8699951171875,298.2099914550781,2026-05-14 00:00:00,0.0,-0.660003662109375,0.0,-0.0022083302870553,False,2026-05-14,False,False,0.66,0.4356,0.66,0.0022,,1.0,0.660003662109375
AMD,_NaiveModel,445.5,449.7000122070313,2026-05-14 00:00:00,0.0,4.200012207031307,0.0,0.0094276368283531,False,2026-05-14,False,False,4.2,17.6401,4.2,0.0093,,1.0,-4.200012207031307
AMZN,_NaiveModel,270.1300048828125,267.2200012207031,2026-05-14 00:00:00,0.0,-2.910003662109375,0.0,-0.0107726043368332,False,2026-05-14,False,False,2.91,8.4681,2.91,0.0109,,1.0,2.910003662109375
ASML,_NaiveModel,1581.5799560546875,1584.510009765625,2026-05-14 00:00:00,0.0,2.9300537109375,0.0,0.0018526118137249,False,2026-05-14,False,False,2.9301,8.5852,2.9301,0.0018,,1.0,-2.9300537109375
AVGO,_NaiveModel,416.7900085449219,439.7900085449219,2026-05-14 00:00:00,0.0,23.0,0.0,0.0551836645036106,False,2026-05-14,False,False,23.0,529.0,23.0,0.0523,,1.0,-23.0
BRK-B,_NaiveModel,485.5199890136719,484.05999755859375,2026-05-14 00:00:00,0.0,-1.459991455078125,0.0,-0.0030070676555337,False,2026-05-14,False,False,1.46,2.1316,1.46,0.003,,1.0,1.459991455078125
CAT,_NaiveModel,902.2999877929688,920.219970703125,2026-05-14 00:00:00,0.0,17.91998291015625,0.0,0.0198603381941616,False,2026-05-14,False,False,17.92,321.1258,17.92,0.0195,,1.0,-17.91998291015625
COST,_NaiveModel,1033.0799560546875,1041.25,2026-05-14 00:00:00,0.0,8.1700439453125,0.0,0.0079084333186694,False,2026-05-14,False,False,8.17,66.7496,8.17,0.0078,,1.0,-8.1700439453125
CRM,_NaiveModel,165.83999633789062,167.5800018310547,2026-05-14 00:00:00,0.0,1.7400054931640625,0.0,0.0104920738759478,False,2026-05-14,False,False,1.74,3.0276,1.74,0.0104,,1.0,-1.7400054931640625
GOOGL,_NaiveModel,402.6199951171875,401.0700073242188,2026-05-14 00:00:00,0.0,-1.5499877929686932,0.0,-0.0038497536430537,False,2026-05-14,False,False,1.55,2.4025,1.55,0.0039,,1.0,1.5499877929686932
JNJ,_NaiveModel,230.4199981689453,230.8000030517578,2026-05-14 00:00:00,0.0,0.3800048828125,0.0,0.0016491836031257,False,2026-05-14,False,False,0.38,0.1444,0.38,0.0016,,1.0,-0.3800048828125
JPM,_NaiveModel,300.25,299.9100036621094,2026-05-14 00:00:00,0.0,-0.339996337890625,0.0,-0.0011323774784034,False,2026-05-14,False,False,0.34,0.1156,0.34,0.0011,,1.0,0.339996337890625
LLY,_NaiveModel,1015.75,1006.7000122070312,2026-05-14 00:00:00,0.0,-9.04998779296875,0.0,-0.0089096606379214,False,2026-05-14,False,False,9.05,81.9023,9.05,0.009,,1.0,9.04998779296875
LMT,_NaiveModel,519.9400024414062,520.4099731445312,2026-05-14 00:00:00,0.0,0.469970703125,0.0,0.0009038941049317,False,2026-05-14,False,False,0.47,0.2209,0.47,0.0009,,1.0,-0.469970703125
MA,_NaiveModel,490.6400146484375,489.9400024414063,2026-05-14 00:00:00,0.0,-0.7000122070311932,0.0,-0.0014267328104756,False,2026-05-14,False,False,0.7,0.49,0.7,0.0014,,1.0,0.7000122070311932
MCD,_NaiveModel,275.70001220703125,274.9700012207031,2026-05-14 00:00:00,0.0,-0.730010986328125,0.0,-0.0026478453173949,False,2026-05-14,False,False,0.73,0.5329,0.73,0.0027,,1.0,0.730010986328125
META,_NaiveModel,616.6300048828125,618.4299926757812,2026-05-14 00:00:00,0.0,1.79998779296875,0.0,0.0029190726671025,False,2026-05-14,False,False,1.8,3.24,1.8,0.0029,,1.0,-1.79998779296875
MRK,_NaiveModel,113.4499969482422,113.41000366210938,2026-05-14 00:00:00,0.0,-0.0399932861328267,0.0,-0.0003525190586921,False,2026-05-14,False,False,0.04,0.0016,0.04,0.0004,,1.0,0.03999328613282671
MSFT,_NaiveModel,405.2099914550781,409.4299926757813,2026-05-14 00:00:00,0.0,4.220001220703182,0.0,0.0104143562836382,False,2026-05-14,False,False,4.22,17.8084,4.22,0.0103,,1.0,-4.220001220703182
NEE,_NaiveModel,94.8499984741211,95.68000030517578,2026-05-14 00:00:00,0.0,0.8300018310546875,0.0,0.0087506783806764,False,2026-05-14,False,False,0.83,0.6889,0.83,0.0087,,1.0,-0.8300018310546875
NVDA,_NaiveModel,225.8300018310547,235.7400054931641,2026-05-14 00:00:00,0.0,9.910003662109403,0.0,0.0438825823927644,False,2026-05-14,False,False,9.91,98.2082,9.91,0.042,,1.0,-9.910003662109403
ORCL,_NaiveModel,189.759994506836,195.6100006103516,2026-05-14 00:00:00,2.8421709430404014e-14,5.850006103515625,1.497771408787648e-16,0.0308284478966133,True,2026-05-14,False,False,5.85,34.2226,5.85,0.0299,,1.0,-5.850006103515597
PG,_NaiveModel,142.24000549316406,142.7100067138672,2026-05-14 00:00:00,0.0,0.470001220703125,0.0,0.0033042829200798,False,2026-05-14,False,False,0.47,0.2209,0.47,0.0033,,1.0,-0.470001220703125
PLTR,_NaiveModel,130.0500030517578,133.72999572753906,2026-05-14 00:00:00,0.0,3.67999267578125,0.0,0.0282967519371504,False,2026-05-14,False,False,3.68,13.5423,3.68,0.0275,,1.0,-3.67999267578125
TSLA,_NaiveModel,445.2699890136719,443.2999877929688,2026-05-14 00:00:00,0.0,-1.970001220703068,0.0,-0.0044242847470292,False,2026-05-14,False,False,1.97,3.8809,1.97,0.0044,,1.0,1.9700012207030682
TSM,_NaiveModel,399.7999877929688,417.7200012207031,2026-05-14 00:00:00,0.0,17.920013427734318,0.0,0.0448224461602884,False,2026-05-14,False,False,17.92,321.1269,17.92,0.0429,,1.0,-17.920013427734318
UNH,_NaiveModel,401.1600036621094,399.0899963378906,2026-05-14 00:00:00,0.0,-2.07000732421875,0.0,-0.0051600541063966,False,2026-05-14,False,False,2.07,4.2849,2.07,0.0052,,1.0,2.07000732421875
V,_NaiveModel,320.3099975585937,322.5199890136719,2026-05-14 00:00:00,0.0,2.209991455078182,0.0,0.0068995394209445,False,2026-05-14,False,False,2.21,4.8841,2.21,0.0069,,1.0,-2.209991455078182
WMT,_NaiveModel,131.47000122070312,132.4600067138672,2026-05-14 00:00:00,0.0,0.9900054931640624,0.0,0.0075302767473327,False,2026-05-14,False,False,0.99,0.9801,0.99,0.0075,,1.0,-0.9900054931640625
XOM,_NaiveModel,151.57000732421875,152.77999877929688,2026-05-14 00:00:00,0.0,1.209991455078125,0.0,0.0079830533523025,False,2026-05-14,False,False,1.21,1.4641,1.21,0.0079,,1.0,-1.209991455078125
AAPL,_NaiveModel,294.79998779296875,298.8699951171875,2026-05-13 00:00:00,0.0,4.07000732421875,0.0,0.0138059955656342,False,2026-05-13,False,False,4.07,16.565,4.07,0.0136,,1.0,-4.07000732421875
AMD,_NaiveModel,448.2900085449219,445.5,2026-05-13 00:00:00,0.0,-2.790008544921875,0.0,-0.0062236688120214,False,2026-05-13,False,False,2.79,7.7841,2.79,0.0063,,1.0,2.790008544921875
AMZN,_NaiveModel,265.82000732421875,270.1300048828125,2026-05-13 00:00:00,0.0,4.30999755859375,0.0,0.0162139697533635,False,2026-05-13,False,False,4.31,18.5761,4.31,0.016,,1.0,-4.30999755859375
ASML,_NaiveModel,1520.93994140625,1581.5799560546875,2026-05-13 00:00:00,0.0,60.6400146484375,0.0,0.0398700915122067,False,2026-05-13,False,False,60.64,3677.2114,60.64,0.0383,,1.0,-60.6400146484375
AVGO,_NaiveModel,419.2999877929688,416.7900085449219,2026-05-13 00:00:00,0.0,-2.509979248046932,0.0,-0.0059861181042682,False,2026-05-13,False,False,2.51,6.3,2.51,0.006,,1.0,2.509979248046932
BRK-B,_NaiveModel,484.9599914550781,485.5199890136719,2026-05-13 00:00:00,0.0,0.55999755859375,0.0,0.001154729397189,False,2026-05-13,False,False,0.56,0.3136,0.56,0.0012,,1.0,-0.55999755859375
CAT,_NaiveModel,912.1400146484376,902.2999877929688,2026-05-13 00:00:00,0.0,-9.840026855468864,0.0,-0.0107878469285896,False,2026-05-13,False,False,9.84,96.8261,9.84,0.0109,,1.0,9.840026855468864
COST,_NaiveModel,1021.8800048828124,1033.0799560546875,2026-05-13 00:00:00,0.0,11.199951171875114,0.0,0.0109601431854609,False,2026-05-13,False,False,11.2,125.4389,11.2,0.0108,,1.0,-11.199951171875114
CRM,_NaiveModel,171.30999755859375,165.83999633789062,2026-05-13 00:00:00,0.0,-5.470001220703125,0.0,-0.0319304261202397,False,2026-05-13,False,False,5.47,29.9209,5.47,0.033,,1.0,5.470001220703125
GOOGL,_NaiveModel,387.3500061035156,402.6199951171875,2026-05-13 00:00:00,0.0,15.269989013671877,0.0,0.0394216826463431,False,2026-05-13,False,False,15.27,233.1726,15.27,0.0379,,1.0,-15.269989013671875
JNJ,_NaiveModel,224.259994506836,230.4199981689453,2026-05-13 00:00:00,2.8421709430404014e-14,6.160003662109347,1.2673553075262224e-16,0.027468134366344,True,2026-05-13,False,False,6.16,37.9456,6.16,0.0267,,1.0,-6.160003662109318
JPM,_NaiveModel,304.8800048828125,300.25,2026-05-13 00:00:00,0.0,-4.6300048828125,0.0,-0.0151863185799677,False,2026-05-13,False,False,4.63,21.4369,4.63,0.0154,,1.0,4.6300048828125
LLY,_NaiveModel,989.8699951171876,1015.75,2026-05-13 00:00:00,0.0,25.880004882812383,0.0,0.0261448523649295,False,2026-05-13,False,False,25.88,669.7747,25.88,0.0255,,1.0,-25.880004882812386
LMT,_NaiveModel,521.0,519.9400024414062,2026-05-13 00:00:00,0.0,-1.05999755859375,0.0,-0.0020345442583373,False,2026-05-13,False,False,1.06,1.1236,1.06,0.002,,1.0,1.05999755859375
MA,_NaiveModel,499.80999755859375,490.6400146484375,2026-05-13 00:00:00,0.0,-9.16998291015625,0.0,-0.0183469377462407,False,2026-05-13,False,False,9.17,84.0886,9.17,0.0187,,1.0,9.16998291015625
MCD,_NaiveModel,274.8399963378906,275.70001220703125,2026-05-13 00:00:00,0.0,0.860015869140625,0.0,0.003129151071896,False,2026-05-13,False,False,0.86,0.7396,0.86,0.0031,,1.0,-0.860015869140625
META,_NaiveModel,603.0,616.6300048828125,2026-05-13 00:00:00,0.0,13.6300048828125,0.0,0.0226036565220771,False,2026-05-13,False,False,13.63,185.777,13.63,0.0221,,1.0,-13.6300048828125
MRK,_NaiveModel,112.37000274658205,113.4499969482422,2026-05-13 00:00:00,0.0,1.0799942016601562,0.0,0.0096110543317843,False,2026-05-13,False,False,1.08,1.1664,1.08,0.0095,,1.0,-1.0799942016601562
MSFT,_NaiveModel,407.7699890136719,405.2099914550781,2026-05-13 00:00:00,0.0,-2.55999755859375,0.0,-0.0062780430820472,False,2026-05-13,False,False,2.56,6.5536,2.56,0.0063,,1.0,2.55999755859375
NEE,_NaiveModel,94.58999633789062,94.8499984741211,2026-05-13 00:00:00,0.0,0.2600021362304687,0.0,0.0027487276276203,False,2026-05-13,False,False,0.26,0.0676,0.26,0.0027,,1.0,-0.26000213623046875
NVDA,_NaiveModel,220.77999877929688,225.8300018310547,2026-05-13 00:00:00,0.0,5.0500030517578125,0.0,0.0228734626310332,False,2026-05-13,False,False,5.05,25.5025,5.05,0.0224,,1.0,-5.0500030517578125
ORCL,_NaiveModel,186.8300018310547,189.759994506836,2026-05-13 00:00:00,0.0,2.9299926757812784,0.0,0.0156826668472164,False,2026-05-13,False,False,2.93,8.5849,2.93,0.0154,,1.0,-2.929992675781307
PG,_NaiveModel,143.91000366210938,142.24000549316406,2026-05-13 00:00:00,0.0,-1.6699981689453125,0.0,-0.011604462000198,False,2026-05-13,False,False,1.67,2.7889,1.67,0.0117,,1.0,1.6699981689453125
PLTR,_NaiveModel,136.0,130.0500030517578,2026-05-13 00:00:00,0.0,-5.949996948242188,0.0,-0.0437499775606043,False,2026-05-13,False,False,5.95,35.4025,5.95,0.0458,,1.0,5.9499969482421875
TSLA,_NaiveModel,433.4500122070313,445.2699890136719,2026-05-13 00:00:00,0.0,11.819976806640568,0.0,0.0272695269898733,False,2026-05-13,False,False,11.82,139.7119,11.82,0.0265,,1.0,-11.819976806640568
TSM,_NaiveModel,397.2799987792969,399.7999877929688,2026-05-13 00:00:00,0.0,2.519989013671932,0.0,0.0063431056721077,False,2026-05-13,False,False,2.52,6.3503,2.52,0.0063,,1.0,-2.519989013671932
UNH,_NaiveModel,396.3900146484375,401.1600036621094,2026-05-13 00:00:00,0.0,4.769989013671875,0.0,0.0120335751088544,False,2026-05-13,False,False,4.77,22.7528,4.77,0.0119,,1.0,-4.769989013671875
V,_NaiveModel,326.4200134277344,320.3099975585937,2026-05-13 00:00:00,0.0,-6.110015869140682,0.0,-0.0187182636413112,False,2026-05-13,False,False,6.11,37.3323,6.11,0.0191,,1.0,6.110015869140682
WMT,_NaiveModel,130.35000610351562,131.47000122070312,2026-05-13 00:00:00,0.0,1.1199951171875,0.0,0.0085922137686596,False,2026-05-13,False,False,1.12,1.2544,1.12,0.0085,,1.0,-1.1199951171875
XOM,_NaiveModel,150.6300048828125,151.57000732421875,2026-05-13 00:00:00,0.0,0.94000244140625,0.0,0.0062404727540011,False,2026-05-13,False,False,0.94,0.8836,0.94,0.0062,,1.0,-0.94000244140625
AAPL,_NaiveModel,292.67999267578125,294.79998779296875,2026-05-12 00:00:00,0.0,2.1199951171875,0.0,0.0072433892655448,False,2026-05-12,False,False,2.12,4.4944,2.12,0.0072,,1.0,-2.1199951171875
AMD,_NaiveModel,458.7900085449219,448.2900085449219,2026-05-12 00:00:00,0.0,-10.5,0.0,-0.0228862874178566,False,2026-05-12,False,False,10.5,110.25,10.5,0.0234,,1.0,10.5
AMZN,_NaiveModel,268.989990234375,265.82000732421875,2026-05-12 00:00:00,0.0,-3.16998291015625,0.0,-0.0117847616091371,False,2026-05-12,False,False,3.17,10.0488,3.17,0.0119,,1.0,3.16998291015625
ASML,_NaiveModel,1565.81005859375,1520.93994140625,2026-05-12 00:00:00,0.0,-44.8701171875,0.0,-0.0286561686976246,False,2026-05-12,False,False,44.8701,2013.3274,44.8701,0.0295,,1.0,44.8701171875
AVGO,_NaiveModel,428.4299926757813,419.2999877929688,2026-05-12 00:00:00,0.0,-9.1300048828125,0.0,-0.0213103775153335,False,2026-05-12,False,False,9.13,83.357,9.13,0.0218,,1.0,9.1300048828125
BRK-B,_NaiveModel,479.5499877929688,484.9599914550781,2026-05-12 00:00:00,0.0,5.410003662109318,0.0,0.0112814175786089,False,2026-05-12,False,False,5.41,29.2681,5.41,0.0112,,1.0,-5.410003662109318
CAT,_NaiveModel,926.7899780273438,912.1400146484376,2026-05-12 00:00:00,0.0,-14.649963378906136,0.0,-0.0158072095363917,False,2026-05-12,False,False,14.65,214.6214,14.65,0.0161,,1.0,14.649963378906136
COST,_NaiveModel,999.469970703125,1021.8800048828124,2026-05-12 00:00:00,0.0,22.410034179687383,0.0,0.0224219184533598,False,2026-05-12,False,False,22.41,502.2096,22.41,0.0219,,1.0,-22.410034179687386
CRM,_NaiveModel,177.49000549316406,171.30999755859375,2026-05-12 00:00:00,0.0,-6.1800079345703125,0.0,-0.0348189066612448,False,2026-05-12,False,False,6.18,38.1925,6.18,0.0361,,1.0,6.1800079345703125
GOOGL,_NaiveModel,388.6400146484375,387.3500061035156,2026-05-12 00:00:00,0.0,-1.290008544921875,0.0,-0.0033192890497619,False,2026-05-12,False,False,1.29,1.6641,1.29,0.0033,,1.0,1.290008544921875
JNJ,_NaiveModel,221.42999267578125,224.259994506836,2026-05-12 00:00:00,0.0,2.830001831054716,0.0,0.0127805713980147,False,2026-05-12,False,False,2.83,8.0089,2.83,0.0126,,1.0,-2.8300018310547443
JPM,_NaiveModel,300.0,304.8800048828125,2026-05-12 00:00:00,0.0,4.8800048828125,0.0,0.0162666829427083,False,2026-05-12,False,False,4.88,23.8144,4.88,0.016,,1.0,-4.8800048828125
LLY,_NaiveModel,966.989990234375,989.8699951171876,2026-05-12 00:00:00,0.0,22.880004882812614,0.0,0.0236610565919788,False,2026-05-12,False,False,22.88,523.4946,22.88,0.0231,,1.0,-22.880004882812614
LMT,_NaiveModel,512.25,521.0,2026-05-12 00:00:00,0.0,8.75,0.0,0.0170815031722791,False,2026-05-12,False,False,8.75,76.5625,8.75,0.0168,,1.0,-8.75
MA,_NaiveModel,497.80999755859375,499.80999755859375,2026-05-12 00:00:00,0.0,2.0,0.0,0.0040175970948928,False,2026-05-12,False,False,2.0,4.0,2.0,0.004,,1.0,-2.0
MCD,_NaiveModel,274.6000061035156,274.8399963378906,2026-05-12 00:00:00,0.0,0.239990234375,0.0,0.0008739629608184,False,2026-05-12,False,False,0.24,0.0576,0.24,0.0009,,1.0,-0.239990234375
META,_NaiveModel,598.8599853515625,603.0,2026-05-12 00:00:00,0.0,4.1400146484375,0.0,0.0069131595860543,False,2026-05-12,False,False,4.14,17.1397,4.14,0.0069,,1.0,-4.1400146484375
MRK,_NaiveModel,111.27999877929688,112.37000274658205,2026-05-12 00:00:00,0.0,1.0900039672851705,0.0,0.0097951471894512,False,2026-05-12,False,False,1.09,1.1881,1.09,0.0097,,1.0,-1.0900039672851705
MSFT,_NaiveModel,412.6600036621094,407.7699890136719,2026-05-12 00:00:00,0.0,-4.8900146484375,0.0,-0.0118499845030813,False,2026-05-12,False,False,4.89,23.9122,4.89,0.012,,1.0,4.8900146484375
NEE,_NaiveModel,94.83999633789062,94.58999633789062,2026-05-12 00:00:00,0.0,-0.25,0.0,-0.0026360186593566,False,2026-05-12,False,False,0.25,0.0625,0.25,0.0026,,1.0,0.25
NVDA,_NaiveModel,219.44000244140625,220.77999877929688,2026-05-12 00:00:00,0.0,1.339996337890625,0.0,0.006106436032548,False,2026-05-12,False,False,1.34,1.7956,1.34,0.0061,,1.0,-1.339996337890625
ORCL,_NaiveModel,193.83999633789065,186.8300018310547,2026-05-12 00:00:00,0.0,-7.009994506835966,0.0,-0.0361638188158884,False,2026-05-12,False,False,7.01,49.14,7.01,0.0375,,1.0,7.009994506835966
PG,_NaiveModel,143.36000061035156,143.91000366210938,2026-05-12 00:00:00,0.0,0.5500030517578125,0.0,0.0038365168067535,False,2026-05-12,False,False,0.55,0.3025,0.55,0.0038,,1.0,-0.5500030517578125
PLTR,_NaiveModel,136.88999938964844,136.0,2026-05-12 00:00:00,0.0,-0.8899993896484375,0.0,-0.0065015661744223,False,2026-05-12,False,False,0.89,0.7921,0.89,0.0065,,1.0,0.8899993896484375
TSLA,_NaiveModel,445.0,433.4500122070313,2026-05-12 00:00:00,0.0,-11.549987792968691,0.0,-0.0259550287482442,False,2026-05-12,False,False,11.55,133.4022,11.55,0.0266,,1.0,11.549987792968693
TSM,_NaiveModel,404.5400085449219,397.2799987792969,2026-05-12 00:00:00,0.0,-7.260009765625,0.0,-0.0179463331494413,False,2026-05-12,False,False,7.26,52.7077,7.26,0.0183,,1.0,7.260009765625
UNH,_NaiveModel,384.4400024414063,396.3900146484375,2026-05-12 00:00:00,0.0,11.950012207031191,0.0,0.0310842059388773,False,2026-05-12,False,False,11.95,142.8028,11.95,0.0301,,1.0,-11.950012207031193
V,_NaiveModel,323.8599853515625,326.4200134277344,2026-05-12 00:00:00,0.0,2.560028076171875,0.0,0.0079047372073239,False,2026-05-12,False,False,2.56,6.5537,2.56,0.0078,,1.0,-2.560028076171875
WMT,_NaiveModel,127.58999633789062,130.35000610351562,2026-05-12 00:00:00,0.0,2.760009765625,0.0,0.0216318664851732,False,2026-05-12,False,False,2.76,7.6177,2.76,0.0212,,1.0,-2.760009765625
XOM,_NaiveModel,149.67999267578125,150.6300048828125,2026-05-12 00:00:00,0.0,0.95001220703125,0.0,0.0063469551945332,False,2026-05-12,False,False,0.95,0.9025,0.95,0.0063,,1.0,-0.95001220703125
AAPL,_NaiveModel,293.32000732421875,292.67999267578125,2026-05-11 00:00:00,0.0,-0.6400146484375,0.0,-0.0021819672455212,False,2026-05-11,False,False,0.64,0.4096,0.64,0.0022,,1.0,0.6400146484375
AMD,_NaiveModel,455.1900024414063,458.7900085449219,2026-05-11 00:00:00,0.0,3.600006103515568,0.0,0.0079087987086864,False,2026-05-11,False,False,3.6,12.96,3.6,0.0078,,1.0,-3.600006103515568
AMZN,_NaiveModel,272.67999267578125,268.989990234375,2026-05-11 00:00:00,0.0,-3.69000244140625,0.0,-0.0135323549234273,False,2026-05-11,False,False,3.69,13.6161,3.69,0.0137,,1.0,3.69000244140625
ASML,_NaiveModel,1592.02001953125,1565.81005859375,2026-05-11 00:00:00,0.0,-26.2099609375,0.0,-0.0164633362746388,False,2026-05-11,False,False,26.21,686.9621,26.21,0.0167,,1.0,26.2099609375
AVGO,_NaiveModel,430.0,428.4299926757813,2026-05-11 00:00:00,0.0,-1.5700073242186932,0.0,-0.0036511798237644,False,2026-05-11,False,False,1.57,2.4649,1.57,0.0037,,1.0,1.5700073242186932
BRK-B,_NaiveModel,475.9400024414063,479.5499877929688,2026-05-11 00:00:00,0.0,3.6099853515625,0.0,0.0075849588877684,False,2026-05-11,False,False,3.61,13.032,3.61,0.0075,,1.0,-3.6099853515625
CAT,_NaiveModel,897.4500122070312,926.7899780273438,2026-05-11 00:00:00,0.0,29.3399658203125,0.0,0.0326925905858075,False,2026-05-11,False,False,29.34,860.8336,29.34,0.0317,,1.0,-29.3399658203125
COST,_NaiveModel,1008.7899780273438,999.469970703125,2026-05-11 00:00:00,0.0,-9.32000732421875,0.0,-0.0092387984885057,False,2026-05-11,False,False,9.32,86.8625,9.32,0.0093,,1.0,9.32000732421875
CRM,_NaiveModel,181.82000732421875,177.49000549316406,2026-05-11 00:00:00,0.0,-4.330001831054688,0.0,-0.0238147709637558,False,2026-05-11,False,False,4.33,18.7489,4.33,0.0244,,1.0,4.3300018310546875
GOOGL,_NaiveModel,400.7999877929688,388.6400146484375,2026-05-11 00:00:00,0.0,-12.159973144531309,0.0,-0.0303392552766555,False,2026-05-11,False,False,12.16,147.8649,12.16,0.0313,,1.0,12.159973144531307
JNJ,_NaiveModel,221.32000732421875,221.42999267578125,2026-05-11 00:00:00,0.0,0.1099853515625,0.0,0.0004969516895116,False,2026-05-11,False,False,0.11,0.0121,0.11,0.0005,,1.0,-0.1099853515625
JPM,_NaiveModel,302.1000061035156,300.0,2026-05-11 00:00:00,0.0,-2.100006103515625,0.0,-0.0069513606788741,False,2026-05-11,False,False,2.1,4.41,2.1,0.007,,1.0,2.100006103515625
LLY,_NaiveModel,948.4500122070312,966.989990234375,2026-05-11 00:00:00,0.0,18.53997802734375,0.0,0.0195476596433389,False,2026-05-11,False,False,18.54,343.7308,18.54,0.0192,,1.0,-18.53997802734375
LMT,_NaiveModel,506.510009765625,512.25,2026-05-11 00:00:00,0.0,5.739990234375,0.0,0.0113324319829948,False,2026-05-11,False,False,5.74,32.9475,5.74,0.0112,,1.0,-5.739990234375
MA,_NaiveModel,495.4800109863281,497.80999755859375,2026-05-11 00:00:00,0.0,2.329986572265625,0.0,0.0047024834919726,False,2026-05-11,False,False,2.33,5.4288,2.33,0.0047,,1.0,-2.329986572265625
MCD,_NaiveModel,275.75,274.6000061035156,2026-05-11 00:00:00,0.0,-1.149993896484375,0.0,-0.0041704221087375,False,2026-05-11,False,False,1.15,1.3225,1.15,0.0042,,1.0,1.149993896484375
META,_NaiveModel,609.6300048828125,598.8599853515625,2026-05-11 00:00:00,0.0,-10.77001953125,0.0,-0.017666485318944,False,2026-05-11,False,False,10.77,115.9933,10.77,0.018,,1.0,10.77001953125
MRK,_NaiveModel,111.37999725341795,111.27999877929688,2026-05-11 00:00:00,0.0,-0.0999984741210795,0.0,-0.0008978135804183,False,2026-05-11,False,False,0.1,0.01,0.1,0.0009,,1.0,0.09999847412107954
MSFT,_NaiveModel,415.1199951171875,412.6600036621094,2026-05-11 00:00:00,0.0,-2.459991455078125,0.0,-0.0059259767874676,False,2026-05-11,False,False,2.46,6.0516,2.46,0.006,,1.0,2.459991455078125
NEE,_NaiveModel,93.0999984741211,94.83999633789062,2026-05-11 00:00:00,0.0,1.7399978637695312,0.0,0.0186895584563644,False,2026-05-11,False,False,1.74,3.0276,1.74,0.0183,,1.0,-1.7399978637695312
NVDA,_NaiveModel,215.1999969482422,219.44000244140625,2026-05-11 00:00:00,0.0,4.240005493164063,0.0,0.0197026280357421,False,2026-05-11,False,False,4.24,17.9776,4.24,0.0193,,1.0,-4.2400054931640625
ORCL,_NaiveModel,195.9499969482422,193.83999633789065,2026-05-11 00:00:00,0.0,-2.110000610351534,0.0,-0.0107680563573005,False,2026-05-11,False,False,2.11,4.4521,2.11,0.0109,,1.0,2.110000610351534
PG,_NaiveModel,146.4199981689453,143.36000061035156,2026-05-11 00:00:00,0.0,-3.05999755859375,0.0,-0.0208987679064372,False,2026-05-11,False,False,3.06,9.3636,3.06,0.0213,,1.0,3.05999755859375
PLTR,_NaiveModel,137.8000030517578,136.88999938964844,2026-05-11 00:00:00,0.0,-0.910003662109375,0.0,-0.0066038000141957,False,2026-05-11,False,False,0.91,0.8281,0.91,0.0066,,1.0,0.910003662109375
TSLA,_NaiveModel,428.3500061035156,445.0,2026-05-11 00:00:00,0.0,16.649993896484375,0.0,0.0388700680733986,False,2026-05-11,False,False,16.65,277.2223,16.65,0.0374,,1.0,-16.649993896484375
TSM,_NaiveModel,411.6799926757813,404.5400085449219,2026-05-11 00:00:00,0.0,-7.139984130859432,0.0,-0.0173435295809542,False,2026-05-11,False,False,7.14,50.9794,7.14,0.0176,,1.0,7.139984130859432
UNH,_NaiveModel,379.9800109863281,384.4400024414063,2026-05-11 00:00:00,0.0,4.459991455078182,0.0,0.0117374370391253,False,2026-05-11,False,False,4.46,19.8915,4.46,0.0116,,1.0,-4.459991455078182
V,_NaiveModel,318.7900085449219,323.8599853515625,2026-05-11 00:00:00,0.0,5.069976806640625,0.0,0.0159038133904569,False,2026-05-11,False,False,5.07,25.7047,5.07,0.0157,,1.0,-5.069976806640625
WMT,_NaiveModel,130.42999267578125,127.58999633789062,2026-05-11 00:00:00,0.0,-2.839996337890625,0.0,-0.0217741048636734,False,2026-05-11,False,False,2.84,8.0656,2.84,0.0223,,1.0,2.839996337890625
XOM,_NaiveModel,144.57000732421875,149.67999267578125,2026-05-11 00:00:00,0.0,5.1099853515625,0.0,0.0353460959582206,False,2026-05-11,False,False,5.11,26.112,5.11,0.0341,,1.0,-5.1099853515625
AAPL,_NaiveModel,287.44000244140625,293.32000732421875,2026-05-08 00:00:00,0.0,5.8800048828125,0.0,0.0204564598972654,False,2026-05-08,False,False,5.88,34.5745,5.88,0.02,,1.0,-5.8800048828125
AMD,_NaiveModel,408.4599914550781,455.1900024414063,2026-05-08 00:00:00,0.0,46.73001098632818,0.0,0.114405356617326,False,2026-05-08,False,False,46.73,2183.6939,46.73,0.1027,,1.0,-46.73001098632818
AMZN,_NaiveModel,271.1700134277344,272.67999267578125,2026-05-08 00:00:00,0.0,1.509979248046875,0.0,0.0055683857848437,False,2026-05-08,False,False,1.51,2.28,1.51,0.0055,,1.0,-1.509979248046875
ASML,_NaiveModel,1516.5999755859375,1592.02001953125,2026-05-08 00:00:00,0.0,75.4200439453125,0.0,0.0497296882232732,False,2026-05-08,False,False,75.42,5688.183,75.42,0.0474,,1.0,-75.4200439453125
AVGO,_NaiveModel,412.55999755859375,430.0,2026-05-08 00:00:00,0.0,17.44000244140625,0.0,0.0422726452991345,False,2026-05-08,False,False,17.44,304.1537,17.44,0.0406,,1.0,-17.44000244140625
BRK-B,_NaiveModel,475.0799865722656,475.9400024414063,2026-05-08 00:00:00,0.0,0.8600158691406818,0.0,0.0018102548906464,False,2026-05-08,False,False,0.86,0.7396,0.86,0.0018,,1.0,-0.8600158691406818
CAT,_NaiveModel,895.6900024414062,897.4500122070312,2026-05-08 00:00:00,0.0,1.760009765625,0.0,0.0019649764548311,False,2026-05-08,False,False,1.76,3.0976,1.76,0.002,,1.0,-1.760009765625
COST,_NaiveModel,1012.0599975585938,1008.7899780273438,2026-05-08 00:00:00,0.0,-3.27001953125,0.0,-0.0032310530394821,False,2026-05-08,False,False,3.27,10.693,3.27,0.0032,,1.0,3.27001953125
CRM,_NaiveModel,186.33999633789065,181.82000732421875,2026-05-08 00:00:00,0.0,-4.519989013671903,0.0,-0.0242566765187426,False,2026-05-08,False,False,4.52,20.4303,4.52,0.0249,,1.0,4.519989013671903
GOOGL,_NaiveModel,397.989990234375,400.7999877929688,2026-05-08 00:00:00,0.0,2.809997558593807,0.0,0.00706047294541,False,2026-05-08,False,False,2.81,7.8961,2.81,0.007,,1.0,-2.809997558593807
JNJ,_NaiveModel,222.509994506836,221.32000732421875,2026-05-08 00:00:00,2.8421709430404014e-14,-1.189987182617216,1.2773228228869886e-16,-0.0053480167722563,False,2026-05-08,False,False,1.19,1.4161,1.19,0.0054,,1.0,1.1899871826172443
JPM,_NaiveModel,306.2699890136719,302.1000061035156,2026-05-08 00:00:00,0.0,-4.16998291015625,0.0,-0.013615382047668,False,2026-05-08,False,False,4.17,17.3888,4.17,0.0138,,1.0,4.16998291015625
LLY,_NaiveModel,974.9600219726562,948.4500122070312,2026-05-08 00:00:00,0.0,-26.510009765625,0.0,-0.0271908685158051,False,2026-05-08,False,False,26.51,702.7806,26.51,0.028,,1.0,26.510009765625
LMT,_NaiveModel,512.4099731445312,506.510009765625,2026-05-08 00:00:00,0.0,-5.89996337890625,0.0,-0.0115141462659277,False,2026-05-08,False,False,5.9,34.8096,5.9,0.0116,,1.0,5.89996337890625
MA,_NaiveModel,500.9400024414063,495.4800109863281,2026-05-08 00:00:00,0.0,-5.459991455078182,0.0,-0.010899491812329,False,2026-05-08,False,False,5.46,29.8115,5.46,0.011,,1.0,5.459991455078182
MCD,_NaiveModel,283.70001220703125,275.75,2026-05-08 00:00:00,0.0,-7.95001220703125,0.0,-0.0280226008634419,False,2026-05-08,False,False,7.95,63.2027,7.95,0.0288,,1.0,7.95001220703125
META,_NaiveModel,616.8099975585938,609.6300048828125,2026-05-08 00:00:00,0.0,-7.17999267578125,0.0,-0.011640525776496,False,2026-05-08,False,False,7.18,51.5523,7.18,0.0118,,1.0,7.17999267578125
MRK,_NaiveModel,112.3000030517578,111.37999725341795,2026-05-08 00:00:00,0.0,-0.9200057983398438,0.0,-0.00819239335119,False,2026-05-08,False,False,0.92,0.8464,0.92,0.0083,,1.0,0.9200057983398438
MSFT,_NaiveModel,420.7699890136719,415.1199951171875,2026-05-08 00:00:00,0.0,-5.649993896484375,0.0,-0.0134277492311857,False,2026-05-08,False,False,5.65,31.9224,5.65,0.0136,,1.0,5.649993896484375
NEE,_NaiveModel,93.31999969482422,93.0999984741211,2026-05-08 00:00:00,0.0,-0.220001220703125,0.0,-0.0023574927284887,False,2026-05-08,False,False,0.22,0.0484,0.22,0.0024,,1.0,0.220001220703125
NVDA,_NaiveModel,211.5,215.1999969482422,2026-05-08 00:00:00,0.0,3.699996948242188,0.0,0.0174940754054004,False,2026-05-08,False,False,3.7,13.69,3.7,0.0172,,1.0,-3.6999969482421875
ORCL,_NaiveModel,194.58999633789065,195.9499969482422,2026-05-08 00:00:00,0.0,1.360000610351534,0.0,0.0069890571763514,False,2026-05-08,False,False,1.36,1.8496,1.36,0.0069,,1.0,-1.360000610351534
PG,_NaiveModel,146.05999755859375,146.4199981689453,2026-05-08 00:00:00,0.0,0.3600006103515625,0.0,0.0024647447375667,False,2026-05-08,False,False,0.36,0.1296,0.36,0.0025,,1.0,-0.3600006103515625
PLTR,_NaiveModel,137.0500030517578,137.8000030517578,2026-05-08 00:00:00,0.0,0.75,0.0,0.0054724551864238,False,2026-05-08,False,False,0.75,0.5625,0.75,0.0054,,1.0,-0.75
TSLA,_NaiveModel,411.7900085449219,428.3500061035156,2026-05-08 00:00:00,0.0,16.55999755859375,0.0,0.0402146657640121,False,2026-05-08,False,False,16.56,274.2335,16.56,0.0387,,1.0,-16.55999755859375
TSM,_NaiveModel,414.1499938964844,411.6799926757813,2026-05-08 00:00:00,0.0,-2.470001220703068,0.0,-0.0059640257324751,False,2026-05-08,False,False,2.47,6.1009,2.47,0.006,,1.0,2.470001220703068
UNH,_NaiveModel,369.739990234375,379.9800109863281,2026-05-08 00:00:00,0.0,10.240020751953123,0.0,0.0276951939806729,False,2026-05-08,False,False,10.24,104.858,10.24,0.0269,,1.0,-10.240020751953125
V,_NaiveModel,321.2799987792969,318.7900085449219,2026-05-08 00:00:00,0.0,-2.489990234375,0.0,-0.0077502186374368,False,2026-05-08,False,False,2.49,6.2001,2.49,0.0078,,1.0,2.489990234375
WMT,_NaiveModel,130.1999969482422,130.42999267578125,2026-05-08 00:00:00,0.0,0.2299957275390625,0.0,0.00176648028364,False,2026-05-08,False,False,0.23,0.0529,0.23,0.0018,,1.0,-0.2299957275390625
XOM,_NaiveModel,146.5800018310547,144.57000732421875,2026-05-08 00:00:00,0.0,-2.009994506835937,0.0,-0.0137126107363037,False,2026-05-08,False,False,2.01,4.0401,2.01,0.0139,,1.0,2.0099945068359375
AAPL,_NaiveModel,287.510009765625,287.44000244140625,2026-05-07 00:00:00,0.0,-0.07000732421875,0.0,-0.0002434952587418,False,2026-05-07,False,False,0.07,0.0049,0.07,0.0002,,1.0,0.07000732421875
AMD,_NaiveModel,421.3900146484375,408.4599914550781,2026-05-07 00:00:00,0.0,-12.930023193359377,0.0,-0.030684218286821,False,2026-05-07,False,False,12.93,167.1855,12.93,0.0317,,1.0,12.930023193359375
AMZN,_NaiveModel,274.989990234375,271.1700134277344,2026-05-07 00:00:00,0.0,-3.819976806640625,0.0,-0.0138913303840072,False,2026-05-07,False,False,3.82,14.5922,3.82,0.0141,,1.0,3.819976806640625
ASML,_NaiveModel,1544.739990234375,1516.5999755859375,2026-05-07 00:00:00,0.0,-28.1400146484375,0.0,-0.0182166674173871,False,2026-05-07,False,False,28.14,791.8604,28.14,0.0186,,1.0,28.1400146484375
AVGO,_NaiveModel,425.4400024414063,412.55999755859375,2026-05-07 00:00:00,0.0,-12.880004882812557,0.0,-0.0302745506038456,False,2026-05-07,False,False,12.88,165.8945,12.88,0.0312,,1.0,12.880004882812557
BRK-B,_NaiveModel,469.8299865722656,475.0799865722656,2026-05-07 00:00:00,0.0,5.25,0.0,0.0111742548369515,False,2026-05-07,False,False,5.25,27.5625,5.25,0.0111,,1.0,-5.25
CAT,_NaiveModel,926.9299926757812,895.6900024414062,2026-05-07 00:00:00,0.0,-31.239990234375,0.0,-0.0337026425741108,False,2026-05-07,False,False,31.24,975.937,31.24,0.0349,,1.0,31.239990234375
COST,_NaiveModel,995.75,1012.0599975585938,2026-05-07 00:00:00,0.0,16.30999755859375,0.0,0.0163796109049397,False,2026-05-07,False,False,16.31,266.016,16.31,0.0161,,1.0,-16.30999755859375
CRM,_NaiveModel,181.19000244140625,186.33999633789065,2026-05-07 00:00:00,0.0,5.149993896484403,0.0,0.0284231680947729,False,2026-05-07,False,False,5.15,26.5224,5.15,0.0276,,1.0,-5.149993896484403
GOOGL,_NaiveModel,398.0400085449219,397.989990234375,2026-05-07 00:00:00,0.0,-0.050018310546875,0.0,-0.0001256615151067,False,2026-05-07,False,False,0.05,0.0025,0.05,0.0001,,1.0,0.050018310546875
JNJ,_NaiveModel,224.6199951171875,222.509994506836,2026-05-07 00:00:00,0.0,-2.110000610351534,0.0,-0.0093936455178476,False,2026-05-07,False,False,2.11,4.4521,2.11,0.0095,,1.0,2.1100006103515057
JPM,_NaiveModel,314.8999938964844,306.2699890136719,2026-05-07 00:00:00,0.0,-8.6300048828125,0.0,-0.0274055416007705,False,2026-05-07,False,False,8.63,74.477,8.63,0.0282,,1.0,8.6300048828125
LLY,_NaiveModel,987.0499877929688,974.9600219726562,2026-05-07 00:00:00,0.0,-12.0899658203125,0.0,-0.0122485851474913,False,2026-05-07,False,False,12.09,146.1673,12.09,0.0124,,1.0,12.0899658203125
LMT,_NaiveModel,514.260009765625,512.4099731445312,2026-05-07 00:00:00,0.0,-1.85003662109375,0.0,-0.0035974732352548,False,2026-05-07,False,False,1.85,3.4226,1.85,0.0036,,1.0,1.85003662109375
MA,_NaiveModel,491.8900146484375,500.9400024414063,2026-05-07 00:00:00,0.0,9.049987792968809,0.0,0.0183983970470248,False,2026-05-07,False,False,9.05,81.9023,9.05,0.0181,,1.0,-9.049987792968807
MCD,_NaiveModel,284.1000061035156,283.70001220703125,2026-05-07 00:00:00,0.0,-0.399993896484375,0.0,-0.0014079334315066,False,2026-05-07,False,False,0.4,0.16,0.4,0.0014,,1.0,0.399993896484375
META,_NaiveModel,612.8800048828125,616.8099975585938,2026-05-07 00:00:00,0.0,3.92999267578125,0.0,0.0064123362558266,False,2026-05-07,False,False,3.93,15.4448,3.93,0.0064,,1.0,-3.92999267578125
MRK,_NaiveModel,113.55999755859376,112.3000030517578,2026-05-07 00:00:00,0.0,-1.259994506835966,0.0,-0.0110954080127189,False,2026-05-07,False,False,1.26,1.5876,1.26,0.0112,,1.0,1.259994506835966
MSFT,_NaiveModel,413.9599914550781,420.7699890136719,2026-05-07 00:00:00,0.0,6.80999755859375,0.0,0.0164508592597474,False,2026-05-07,False,False,6.81,46.3761,6.81,0.0162,,1.0,-6.80999755859375
NEE,_NaiveModel,95.38999938964844,93.31999969482422,2026-05-07 00:00:00,0.0,-2.0699996948242188,0.0,-0.0217003848209359,False,2026-05-07,False,False,2.07,4.2849,2.07,0.0222,,1.0,2.0699996948242188
NVDA,_NaiveModel,207.8300018310547,211.5,2026-05-07 00:00:00,0.0,3.669998168945313,0.0,0.0176586543646795,False,2026-05-07,False,False,3.67,13.4689,3.67,0.0174,,1.0,-3.6699981689453125
ORCL,_NaiveModel,194.02999877929688,194.58999633789065,2026-05-07 00:00:00,0.0,0.5599975585937784,0.0,0.0028861390615724,False,2026-05-07,False,False,0.56,0.3136,0.56,0.0029,,1.0,-0.5599975585937784
PG,_NaiveModel,147.89999389648438,146.05999755859375,2026-05-07 00:00:00,0.0,-1.839996337890625,0.0,-0.0124408141570204,False,2026-05-07,False,False,1.84,3.3856,1.84,0.0126,,1.0,1.839996337890625
PLTR,_NaiveModel,133.7899932861328,137.0500030517578,2026-05-07 00:00:00,0.0,3.260009765625,0.0,0.0243666187997551,False,2026-05-07,False,False,3.26,10.6277,3.26,0.0238,,1.0,-3.260009765625
TSLA,_NaiveModel,398.7300109863281,411.7900085449219,2026-05-07 00:00:00,0.0,13.05999755859375,0.0,0.0327539869052935,False,2026-05-07,False,False,13.06,170.5635,13.06,0.0317,,1.0,-13.05999755859375
TSM,_NaiveModel,419.5,414.1499938964844,2026-05-07 00:00:00,0.0,-5.350006103515625,0.0,-0.0127532922610622,False,2026-05-07,False,False,5.35,28.6226,5.35,0.0129,,1.0,5.350006103515625
UNH,_NaiveModel,367.2799987792969,369.739990234375,2026-05-07 00:00:00,0.0,2.459991455078125,0.0,0.0066978639273966,False,2026-05-07,False,False,2.46,6.0516,2.46,0.0067,,1.0,-2.459991455078125
V,_NaiveModel,318.79998779296875,321.2799987792969,2026-05-07 00:00:00,0.0,2.480010986328125,0.0,0.007779206653981,False,2026-05-07,False,False,2.48,6.1505,2.48,0.0077,,1.0,-2.480010986328125
WMT,_NaiveModel,130.0800018310547,130.1999969482422,2026-05-07 00:00:00,0.0,0.1199951171875,0.0,0.0009224716751107,False,2026-05-07,False,False,0.12,0.0144,0.12,0.0009,,1.0,-0.1199951171875
XOM,_NaiveModel,148.69000244140625,146.5800018310547,2026-05-07 00:00:00,0.0,-2.1100006103515625,0.0,-0.0141906017600816,False,2026-05-07,False,False,2.11,4.4521,2.11,0.0144,,1.0,2.1100006103515625
AAPL,_NaiveModel,284.17999267578125,287.510009765625,2026-05-06 00:00:00,0.0,3.33001708984375,0.0,0.0117179856980394,False,2026-05-06,False,False,3.33,11.089,3.33,0.0116,,1.0,-3.33001708984375
AMD,_NaiveModel,355.260009765625,421.3900146484375,2026-05-06 00:00:00,0.0,66.1300048828125,0.0,0.1861453669565576,False,2026-05-06,False,False,66.13,4373.1775,66.13,0.1569,,1.0,-66.1300048828125
AMZN,_NaiveModel,273.54998779296875,274.989990234375,2026-05-06 00:00:00,0.0,1.44000244140625,0.0,0.0052641290647619,False,2026-05-06,False,False,1.44,2.0736,1.44,0.0052,,1.0,-1.44000244140625
ASML,_NaiveModel,1442.9200439453125,1544.739990234375,2026-05-06 00:00:00,0.0,101.8199462890625,0.0,0.0705652033293963,False,2026-05-06,False,False,101.8199,10367.3015,101.8199,0.0659,,1.0,-101.8199462890625
AVGO,_NaiveModel,427.3599853515625,425.4400024414063,2026-05-06 00:00:00,0.0,-1.9199829101561927,0.0,-0.0044926595281884,False,2026-05-06,False,False,1.92,3.6863,1.92,0.0045,,1.0,1.9199829101561932
BRK-B,_NaiveModel,465.5199890136719,469.8299865722656,2026-05-06 00:00:00,0.0,4.30999755859375,0.0,0.0092584586275782,False,2026-05-06,False,False,4.31,18.5761,4.31,0.0092,,1.0,-4.30999755859375
CAT,_NaiveModel,904.5900268554688,926.9299926757812,2026-05-06 00:00:00,0.0,22.3399658203125,0.0,0.0246962327209935,False,2026-05-06,False,False,22.34,499.0741,22.34,0.0241,,1.0,-22.3399658203125
COST,_NaiveModel,1016.4199829101562,995.75,2026-05-06 00:00:00,0.0,-20.66998291015625,0.0,-0.0203360650692591,False,2026-05-06,False,False,20.67,427.2482,20.67,0.0208,,1.0,20.66998291015625
CRM,_NaiveModel,186.9900054931641,181.19000244140625,2026-05-06 00:00:00,0.0,-5.800003051757841,0.0,-0.0310177168905953,False,2026-05-06,False,False,5.8,33.64,5.8,0.032,,1.0,5.800003051757841
GOOGL,_NaiveModel,388.4299926757813,398.0400085449219,2026-05-06 00:00:00,0.0,9.610015869140568,0.0,0.0247406638270643,False,2026-05-06,False,False,9.61,92.3524,9.61,0.0241,,1.0,-9.610015869140568
JNJ,_NaiveModel,225.5500030517578,224.6199951171875,2026-05-06 00:00:00,0.0,-0.9300079345703124,0.0,-0.0041232893903215,False,2026-05-06,False,False,0.93,0.8649,0.93,0.0041,,1.0,0.9300079345703125
JPM,_NaiveModel,309.3999938964844,314.8999938964844,2026-05-06 00:00:00,0.0,5.5,0.0,0.0177763416564259,False,2026-05-06,False,False,5.5,30.25,5.5,0.0175,,1.0,-5.5
LLY,_NaiveModel,988.8699951171876,987.0499877929688,2026-05-06 00:00:00,0.0,-1.820007324218864,0.0,-0.0018404920092688,False,2026-05-06,False,False,1.82,3.3124,1.82,0.0018,,1.0,1.8200073242188637
LMT,_NaiveModel,508.9299926757813,514.260009765625,2026-05-06 00:00:00,0.0,5.330017089843693,0.0,0.0104729867890478,False,2026-05-06,False,False,5.33,28.4091,5.33,0.0104,,1.0,-5.330017089843693
MA,_NaiveModel,497.0799865722656,491.8900146484375,2026-05-06 00:00:00,0.0,-5.189971923828125,0.0,-0.0104409190955701,False,2026-05-06,False,False,5.19,26.9358,5.19,0.0106,,1.0,5.189971923828125
MCD,_NaiveModel,285.1700134277344,284.1000061035156,2026-05-06 00:00:00,0.0,-1.07000732421875,0.0,-0.0037521733486536,False,2026-05-06,False,False,1.07,1.1449,1.07,0.0038,,1.0,1.07000732421875
META,_NaiveModel,604.9600219726562,612.8800048828125,2026-05-06 00:00:00,0.0,7.91998291015625,0.0,0.013091745937741,False,2026-05-06,False,False,7.92,62.7261,7.92,0.0129,,1.0,-7.91998291015625
MRK,_NaiveModel,113.1500015258789,113.55999755859376,2026-05-06 00:00:00,0.0,0.4099960327148579,0.0,0.0036234735058407,False,2026-05-06,False,False,0.41,0.1681,0.41,0.0036,,1.0,-0.40999603271485796
MSFT,_NaiveModel,411.3800048828125,413.9599914550781,2026-05-06 00:00:00,0.0,2.579986572265625,0.0,0.006271541012307,False,2026-05-06,False,False,2.58,6.6563,2.58,0.0062,,1.0,-2.579986572265625
NEE,_NaiveModel,96.27999877929688,95.38999938964844,2026-05-06 00:00:00,0.0,-0.8899993896484375,0.0,-0.0092438658177446,False,2026-05-06,False,False,0.89,0.7921,0.89,0.0093,,1.0,0.8899993896484375
NVDA,_NaiveModel,196.5,207.8300018310547,2026-05-06 00:00:00,0.0,11.330001831054688,0.0,0.0576590423972248,False,2026-05-06,False,False,11.33,128.3689,11.33,0.0545,,1.0,-11.330001831054688
ORCL,_NaiveModel,185.3500061035156,194.02999877929688,2026-05-06 00:00:00,0.0,8.679992675781278,0.0,0.046830279956579,False,2026-05-06,False,False,8.68,75.3423,8.68,0.0447,,1.0,-8.679992675781278
PG,_NaiveModel,144.89999389648438,147.89999389648438,2026-05-06 00:00:00,0.0,3.0,0.0,0.0207039346195085,False,2026-05-06,False,False,3.0,9.0,3.0,0.0203,,1.0,-3.0
PLTR,_NaiveModel,135.91000366210938,133.7899932861328,2026-05-06 00:00:00,0.0,-2.1200103759765625,0.0,-0.0155986337933386,False,2026-05-06,False,False,2.12,4.4944,2.12,0.0158,,1.0,2.1200103759765625
TSLA,_NaiveModel,389.3699951171875,398.7300109863281,2026-05-06 00:00:00,0.0,9.360015869140623,0.0,0.024038873016714,False,2026-05-06,False,False,9.36,87.6099,9.36,0.0235,,1.0,-9.360015869140625
TSM,_NaiveModel,394.4100036621094,419.5,2026-05-06 00:00:00,0.0,25.089996337890625,0.0,0.0636139958543881,False,2026-05-06,False,False,25.09,629.5079,25.09,0.0598,,1.0,-25.089996337890625
UNH,_NaiveModel,363.8699951171875,367.2799987792969,2026-05-06 00:00:00,0.0,3.410003662109375,0.0,0.0093714890149465,False,2026-05-06,False,False,3.41,11.6281,3.41,0.0093,,1.0,-3.410003662109375
V,_NaiveModel,322.0299987792969,318.79998779296875,2026-05-06 00:00:00,0.0,-3.230010986328125,0.0,-0.010030155571133,False,2026-05-06,False,False,3.23,10.433,3.23,0.0101,,1.0,3.230010986328125
WMT,_NaiveModel,130.7899932861328,130.0800018310547,2026-05-06 00:00:00,0.0,-0.709991455078125,0.0,-0.005428484528819,False,2026-05-06,False,False,0.71,0.5041,0.71,0.0055,,1.0,0.709991455078125
XOM,_NaiveModel,154.8800048828125,148.69000244140625,2026-05-06 00:00:00,0.0,-6.19000244140625,0.0,-0.0399664401230476,False,2026-05-06,False,False,6.19,38.3161,6.19,0.0416,,1.0,6.19000244140625
AAPL,_NaiveModel,276.8299865722656,284.17999267578125,2026-05-05 00:00:00,0.0,7.350006103515625,0.0,0.0265506139509092,False,2026-05-05,False,False,7.35,54.0226,7.35,0.0259,,1.0,-7.350006103515625
AMD,_NaiveModel,341.5400085449219,355.260009765625,2026-05-05 00:00:00,0.0,13.720001220703123,0.0,0.0401709927898493,False,2026-05-05,False,False,13.72,188.2384,13.72,0.0386,,1.0,-13.720001220703125
AMZN,_NaiveModel,272.04998779296875,273.54998779296875,2026-05-05 00:00:00,0.0,1.5,0.0,0.00551369258337,False,2026-05-05,False,False,1.5,2.25,1.5,0.0055,,1.0,-1.5
ASML,_NaiveModel,1386.2099609375,1442.9200439453125,2026-05-05 00:00:00,0.0,56.7100830078125,0.0,0.0409101684491281,False,2026-05-05,False,False,56.7101,3216.0335,56.7101,0.0393,,1.0,-56.7100830078125
AVGO,_NaiveModel,416.5,427.3599853515625,2026-05-05 00:00:00,0.0,10.8599853515625,0.0,0.0260743946015906,False,2026-05-05,False,False,10.86,117.9393,10.86,0.0254,,1.0,-10.8599853515625
BRK-B,_NaiveModel,468.5199890136719,465.5199890136719,2026-05-05 00:00:00,0.0,-3.0,0.0,-0.0064031419583945,False,2026-05-05,False,False,3.0,9.0,3.0,0.0064,,1.0,3.0
CAT,_NaiveModel,874.780029296875,904.5900268554688,2026-05-05 00:00:00,0.0,29.80999755859375,0.0,0.0340771354629051,False,2026-05-05,False,False,29.81,888.636,29.81,0.033,,1.0,-29.80999755859375
COST,_NaiveModel,1012.7899780273438,1016.4199829101562,2026-05-05 00:00:00,0.0,3.6300048828125,0.0,0.0035841635102697,False,2026-05-05,False,False,3.63,13.1769,3.63,0.0036,,1.0,-3.6300048828125
CRM,_NaiveModel,185.47999572753903,186.9900054931641,2026-05-05 00:00:00,0.0,1.5100097656250568,0.0,0.008141092303254,False,2026-05-05,False,False,1.51,2.2801,1.51,0.0081,,1.0,-1.5100097656250568
GOOGL,_NaiveModel,383.25,388.4299926757813,2026-05-05 00:00:00,0.0,5.179992675781307,0.0,0.0135159626243478,False,2026-05-05,False,False,5.18,26.8323,5.18,0.0133,,1.0,-5.179992675781307
JNJ,_NaiveModel,224.1999969482422,225.5500030517578,2026-05-05 00:00:00,0.0,1.350006103515625,0.0,0.0060214367613362,False,2026-05-05,False,False,1.35,1.8225,1.35,0.006,,1.0,-1.350006103515625
JPM,_NaiveModel,307.6499938964844,309.3999938964844,2026-05-05 00:00:00,0.0,1.75,0.0,0.0056882822516447,False,2026-05-05,False,False,1.75,3.0625,1.75,0.0057,,1.0,-1.75
LLY,_NaiveModel,967.9299926757812,988.8699951171876,2026-05-05 00:00:00,0.0,20.940002441406364,0.0,0.0216337985183402,False,2026-05-05,False,False,20.94,438.4837,20.94,0.0212,,1.0,-20.940002441406364
LMT,_NaiveModel,518.1500244140625,508.9299926757813,2026-05-05 00:00:00,0.0,-9.220031738281191,0.0,-0.0177941354894413,False,2026-05-05,False,False,9.22,85.009,9.22,0.0181,,1.0,9.220031738281193
MA,_NaiveModel,504.739990234375,497.0799865722656,2026-05-05 00:00:00,0.0,-7.660003662109375,0.0,-0.0151761378339617,False,2026-05-05,False,False,7.66,58.6757,7.66,0.0154,,1.0,7.660003662109375
MCD,_NaiveModel,284.1000061035156,285.1700134277344,2026-05-05 00:00:00,0.0,1.07000732421875,0.0,0.0037663051785675,False,2026-05-05,False,False,1.07,1.1449,1.07,0.0038,,1.0,-1.07000732421875
META,_NaiveModel,610.4099731445312,604.9600219726562,2026-05-05 00:00:00,0.0,-5.449951171875,0.0,-0.0089283455573301,False,2026-05-05,False,False,5.45,29.702,5.45,0.009,,1.0,5.449951171875
MRK,_NaiveModel,113.11000061035156,113.1500015258789,2026-05-05 00:00:00,0.0,0.0400009155273437,0.0,0.0003536461436786,False,2026-05-05,False,False,0.04,0.0016,0.04,0.0004,,1.0,-0.04000091552734375
MSFT,_NaiveModel,413.6199951171875,411.3800048828125,2026-05-05 00:00:00,0.0,-2.239990234375,0.0,-0.0054155753126498,False,2026-05-05,False,False,2.24,5.0176,2.24,0.0054,,1.0,2.239990234375
NEE,_NaiveModel,95.51000213623048,96.27999877929688,2026-05-05 00:00:00,0.0,0.769996643066392,0.0,0.0080619477106503,False,2026-05-05,False,False,0.77,0.5929,0.77,0.008,,1.0,-0.769996643066392
NVDA,_NaiveModel,198.47999572753903,196.5,2026-05-05 00:00:00,0.0,-1.979995727539034,0.0,-0.0099757948919801,False,2026-05-05,False,False,1.98,3.9204,1.98,0.0101,,1.0,1.979995727539034
ORCL,_NaiveModel,180.2899932861328,185.3500061035156,2026-05-05 00:00:00,0.0,5.060012817382784,0.0,0.028065965976005,False,2026-05-05,False,False,5.06,25.6037,5.06,0.0273,,1.0,-5.060012817382784
PG,_NaiveModel,143.4199981689453,144.89999389648438,2026-05-05 00:00:00,0.0,1.4799957275390625,0.0,0.0103193121352272,False,2026-05-05,False,False,1.48,2.1904,1.48,0.0102,,1.0,-1.4799957275390625
PLTR,_NaiveModel,146.02999877929688,135.91000366210938,2026-05-05 00:00:00,0.0,-10.1199951171875,0.0,-0.0693007957391166,False,2026-05-05,False,False,10.12,102.4143,10.12,0.0745,,1.0,10.1199951171875
TSLA,_NaiveModel,392.510009765625,389.3699951171875,2026-05-05 00:00:00,0.0,-3.1400146484375,0.0,-0.0079998333044104,False,2026-05-05,False,False,3.14,9.8597,3.14,0.0081,,1.0,3.1400146484375
TSM,_NaiveModel,401.6099853515625,394.4100036621094,2026-05-05 00:00:00,0.0,-7.199981689453125,0.0,-0.0179277955032676,False,2026-05-05,False,False,7.2,51.8397,7.2,0.0183,,1.0,7.199981689453125
UNH,_NaiveModel,370.75,363.8699951171875,2026-05-05 00:00:00,0.0,-6.8800048828125,0.0,-0.0185569922665205,False,2026-05-05,False,False,6.88,47.3345,6.88,0.0189,,1.0,6.8800048828125
V,_NaiveModel,326.8500061035156,322.0299987792969,2026-05-05 00:00:00,0.0,-4.82000732421875,0.0,-0.0147468478941751,False,2026-05-05,False,False,4.82,23.2325,4.82,0.015,,1.0,4.82000732421875
WMT,_NaiveModel,130.3300018310547,130.7899932861328,2026-05-05 00:00:00,0.0,0.459991455078125,0.0,0.0035294364199764,False,2026-05-05,False,False,0.46,0.2116,0.46,0.0035,,1.0,-0.459991455078125
XOM,_NaiveModel,153.69000244140625,154.8800048828125,2026-05-05 00:00:00,0.0,1.19000244140625,0.0,0.0077428747641534,False,2026-05-05,False,False,1.19,1.4161,1.19,0.0077,,1.0,-1.19000244140625
AAPL,_NaiveModel,280.1400146484375,276.8299865722656,2026-05-04 00:00:00,0.0,-3.310028076171875,0.0,-0.0118156204151192,False,2026-05-04,False,False,3.31,10.9563,3.31,0.012,,1.0,3.310028076171875
AMD,_NaiveModel,360.5400085449219,341.5400085449219,2026-05-04 00:00:00,0.0,-19.0,0.0,-0.0526987284342749,False,2026-05-04,False,False,19.0,361.0,19.0,0.0556,,1.0,19.0
AMZN,_NaiveModel,268.260009765625,272.04998779296875,2026-05-04 00:00:00,0.0,3.78997802734375,0.0,0.0141280022715834,False,2026-05-04,False,False,3.79,14.3639,3.79,0.0139,,1.0,-3.78997802734375
ASML,_NaiveModel,1427.02001953125,1386.2099609375,2026-05-04 00:00:00,0.0,-40.81005859375,0.0,-0.0285980981592363,False,2026-05-04,False,False,40.8101,1665.4609,40.8101,0.0294,,1.0,40.81005859375
AVGO,_NaiveModel,421.2799987792969,416.5,2026-05-04 00:00:00,0.0,-4.779998779296875,0.0,-0.0113463700938744,False,2026-05-04,False,False,4.78,22.8484,4.78,0.0115,,1.0,4.779998779296875
BRK-B,_NaiveModel,473.010009765625,468.5199890136719,2026-05-04 00:00:00,0.0,-4.490020751953125,0.0,-0.0094924434139943,False,2026-05-04,False,False,4.49,20.1603,4.49,0.0096,,1.0,4.490020751953125
CAT,_NaiveModel,889.6699829101562,874.780029296875,2026-05-04 00:00:00,0.0,-14.88995361328125,0.0,-0.0167364909453002,False,2026-05-04,False,False,14.89,221.7107,14.89,0.017,,1.0,14.88995361328125
COST,_NaiveModel,1011.7000122070312,1012.7899780273438,2026-05-04 00:00:00,0.0,1.0899658203125,0.0,0.0010773606871217,False,2026-05-04,False,False,1.09,1.188,1.09,0.0011,,1.0,-1.0899658203125
CRM,_NaiveModel,183.82000732421875,185.47999572753903,2026-05-04 00:00:00,0.0,1.659988403320284,0.0,0.0090305099400438,False,2026-05-04,False,False,1.66,2.7556,1.66,0.0089,,1.0,-1.659988403320284
GOOGL,_NaiveModel,385.6900024414063,383.25,2026-05-04 00:00:00,0.0,-2.440002441406307,0.0,-0.0063263305399703,False,2026-05-04,False,False,2.44,5.9536,2.44,0.0064,,1.0,2.440002441406307
JNJ,_NaiveModel,227.19000244140625,224.1999969482422,2026-05-04 00:00:00,0.0,-2.9900054931640625,0.0,-0.0131608145650476,False,2026-05-04,False,False,2.99,8.9401,2.99,0.0133,,1.0,2.9900054931640625
JPM,_NaiveModel,312.4700012207031,307.6499938964844,2026-05-04 00:00:00,0.0,-4.82000732421875,0.0,-0.0154255042256497,False,2026-05-04,False,False,4.82,23.2325,4.82,0.0157,,1.0,4.82000732421875
LLY,_NaiveModel,963.3300170898438,967.9299926757812,2026-05-04 00:00:00,0.0,4.5999755859375,0.0,0.0047750775999212,False,2026-05-04,False,False,4.6,21.1598,4.6,0.0048,,1.0,-4.5999755859375
LMT,_NaiveModel,512.77001953125,518.1500244140625,2026-05-04 00:00:00,0.0,5.3800048828125,0.0,0.01049204258808,False,2026-05-04,False,False,5.38,28.9445,5.38,0.0104,,1.0,-5.3800048828125
MA,_NaiveModel,495.4599914550781,504.739990234375,2026-05-04 00:00:00,0.0,9.279998779296877,0.0,0.0187300668860126,False,2026-05-04,False,False,9.28,86.1184,9.28,0.0184,,1.0,-9.279998779296875
MCD,_NaiveModel,286.6400146484375,284.1000061035156,2026-05-04 00:00:00,0.0,-2.540008544921875,0.0,-0.0088613187800634,False,2026-05-04,False,False,2.54,6.4516,2.54,0.0089,,1.0,2.540008544921875
META,_NaiveModel,608.75,610.4099731445312,2026-05-04 00:00:00,0.0,1.65997314453125,0.0,0.0027268552682238,False,2026-05-04,False,False,1.66,2.7555,1.66,0.0027,,1.0,-1.65997314453125
MRK,_NaiveModel,112.16000366210938,113.11000061035156,2026-05-04 00:00:00,0.0,0.9499969482421876,0.0,0.0084700153104856,False,2026-05-04,False,False,0.95,0.9025,0.95,0.0084,,1.0,-0.9499969482421875
MSFT,_NaiveModel,414.4400024414063,413.6199951171875,2026-05-04 00:00:00,0.0,-0.8200073242188068,0.0,-0.0019785911576784,False,2026-05-04,False,False,0.82,0.6724,0.82,0.002,,1.0,0.8200073242188068
NEE,_NaiveModel,96.9499969482422,95.51000213623048,2026-05-04 00:00:00,0.0,-1.4399948120117188,0.0,-0.0148529639746195,False,2026-05-04,False,False,1.44,2.0736,1.44,0.0151,,1.0,1.4399948120117188
NVDA,_NaiveModel,198.4499969482422,198.47999572753903,2026-05-04 00:00:00,0.0,0.0299987792968465,0.0,0.0001511654308801,False,2026-05-04,False,False,0.03,0.0009,0.03,0.0002,,1.0,-0.02999877929684658
ORCL,_NaiveModel,171.8300018310547,180.2899932861328,2026-05-04 00:00:00,0.0,8.459991455078125,0.0,0.0492346584701552,False,2026-05-04,False,False,8.46,71.5715,8.46,0.0469,,1.0,-8.459991455078125
PG,_NaiveModel,147.25999450683594,143.4199981689453,2026-05-04 00:00:00,0.0,-3.839996337890625,0.0,-0.0260763036882523,False,2026-05-04,False,False,3.84,14.7456,3.84,0.0268,,1.0,3.839996337890625
PLTR,_NaiveModel,144.07000732421875,146.02999877929688,2026-05-04 00:00:00,0.0,1.959991455078125,0.0,0.013604437811038,False,2026-05-04,False,False,1.96,3.8416,1.96,0.0134,,1.0,-1.959991455078125
TSLA,_NaiveModel,390.8200073242188,392.510009765625,2026-05-04 00:00:00,0.0,1.6900024414061932,0.0,0.0043242475045659,False,2026-05-04,False,False,1.69,2.8561,1.69,0.0043,,1.0,-1.6900024414061932
TSM,_NaiveModel,397.6700134277344,401.6099853515625,2026-05-04 00:00:00,0.0,3.939971923828125,0.0,0.0099076414886487,False,2026-05-04,False,False,3.94,15.5234,3.94,0.0098,,1.0,-3.939971923828125
UNH,_NaiveModel,368.7799987792969,370.75,2026-05-04 00:00:00,0.0,1.970001220703125,0.0,0.0053419416107816,False,2026-05-04,False,False,1.97,3.8809,1.97,0.0053,,1.0,-1.970001220703125
V,_NaiveModel,328.0299987792969,326.8500061035156,2026-05-04 00:00:00,0.0,-1.17999267578125,0.0,-0.0035972096459847,False,2026-05-04,False,False,1.18,1.3924,1.18,0.0036,,1.0,1.17999267578125
WMT,_NaiveModel,131.60000610351562,130.3300018310547,2026-05-04 00:00:00,0.0,-1.2700042724609375,0.0,-0.0096504879449774,False,2026-05-04,False,False,1.27,1.6129,1.27,0.0097,,1.0,1.2700042724609375
XOM,_NaiveModel,152.75,153.69000244140625,2026-05-04 00:00:00,0.0,0.94000244140625,0.0,0.0061538621368657,False,2026-05-04,False,False,0.94,0.8836,0.94,0.0061,,1.0,-0.94000244140625
AAPL,_NaiveModel,271.3500061035156,280.1400146484375,2026-05-01 00:00:00,0.0,8.790008544921875,0.0,0.0323936183792405,False,2026-05-01,False,False,8.79,77.2643,8.79,0.0314,,1.0,-8.790008544921875
AMD,_NaiveModel,354.489990234375,360.5400085449219,2026-05-01 00:00:00,0.0,6.050018310546875,0.0,0.017066824105659,False,2026-05-01,False,False,6.05,36.6027,6.05,0.0168,,1.0,-6.050018310546875
AMZN,_NaiveModel,265.0599975585937,268.260009765625,2026-05-01 00:00:00,0.0,3.200012207031307,0.0,0.0120727844129852,False,2026-05-01,False,False,3.2,10.2401,3.2,0.0119,,1.0,-3.200012207031307
ASML,_NaiveModel,1438.989990234375,1427.02001953125,2026-05-01 00:00:00,0.0,-11.969970703125,0.0,-0.0083183140844332,False,2026-05-01,False,False,11.97,143.2802,11.97,0.0084,,1.0,11.969970703125
AVGO,_NaiveModel,417.4299926757813,421.2799987792969,2026-05-01 00:00:00,0.0,3.850006103515568,0.0,0.0092231180582797,False,2026-05-01,False,False,3.85,14.8225,3.85,0.0091,,1.0,-3.850006103515568
BRK-B,_NaiveModel,473.6000061035156,473.010009765625,2026-05-01 00:00:00,0.0,-0.589996337890625,0.0,-0.0012457692784777,False,2026-05-01,False,False,0.59,0.3481,0.59,0.0012,,1.0,0.589996337890625
CAT,_NaiveModel,890.1099853515625,889.6699829101562,2026-05-01 00:00:00,0.0,-0.44000244140625,0.0,-0.0004943236775761,False,2026-05-01,False,False,0.44,0.1936,0.44,0.0005,,1.0,0.44000244140625
COST,_NaiveModel,1014.530029296875,1011.7000122070312,2026-05-01 00:00:00,0.0,-2.83001708984375,0.0,-0.0027894857797408,False,2026-05-01,False,False,2.83,8.009,2.83,0.0028,,1.0,2.83001708984375
CRM,_NaiveModel,176.52999877929688,183.82000732421875,2026-05-01 00:00:00,0.0,7.290008544921875,0.0,0.0412961456711732,False,2026-05-01,False,False,7.29,53.1442,7.29,0.0397,,1.0,-7.290008544921875
GOOGL,_NaiveModel,384.7999877929688,385.6900024414063,2026-05-01 00:00:00,0.0,0.8900146484375,0.0,0.0023129279539279,False,2026-05-01,False,False,0.89,0.7921,0.89,0.0023,,1.0,-0.8900146484375
JNJ,_NaiveModel,229.8500061035156,227.19000244140625,2026-05-01 00:00:00,0.0,-2.6600036621093466,0.0,-0.0115727804719369,False,2026-05-01,False,False,2.66,7.0756,2.66,0.0117,,1.0,2.6600036621093466
JPM,_NaiveModel,313.2300109863281,312.4700012207031,2026-05-01 00:00:00,0.0,-0.760009765625,0.0,-0.0024263631803089,False,2026-05-01,False,False,0.76,0.5776,0.76,0.0024,,1.0,0.760009765625
LLY,_NaiveModel,934.5999755859376,963.3300170898438,2026-05-01 00:00:00,0.0,28.730041503906136,0.0,0.0307404689218979,False,2026-05-01,False,False,28.73,825.4153,28.73,0.0298,,1.0,-28.730041503906136
LMT,_NaiveModel,517.969970703125,512.77001953125,2026-05-01 00:00:00,0.0,-5.199951171875,0.0,-0.0100390977585365,False,2026-05-01,False,False,5.2,27.0395,5.2,0.0101,,1.0,5.199951171875
MA,_NaiveModel,502.9200134277344,495.4599914550781,2026-05-01 00:00:00,0.0,-7.46002197265625,0.0,-0.0148334163952061,False,2026-05-01,False,False,7.46,55.6519,7.46,0.0151,,1.0,7.46002197265625
MCD,_NaiveModel,293.5899963378906,286.6400146484375,2026-05-01 00:00:00,0.0,-6.949981689453125,0.0,-0.0236724063358563,False,2026-05-01,False,False,6.95,48.3022,6.95,0.0242,,1.0,6.949981689453125
META,_NaiveModel,611.9099731445312,608.75,2026-05-01 00:00:00,0.0,-3.15997314453125,0.0,-0.0051641144665326,False,2026-05-01,False,False,3.16,9.9854,3.16,0.0052,,1.0,3.15997314453125
MRK,_NaiveModel,109.18000030517578,112.16000366210938,2026-05-01 00:00:00,0.0,2.9800033569335938,0.0,0.0272944069298772,False,2026-05-01,False,False,2.98,8.8804,2.98,0.0266,,1.0,-2.9800033569335938
MSFT,_NaiveModel,407.7799987792969,414.4400024414063,2026-05-01 00:00:00,0.0,6.660003662109432,0.0,0.016332345093056,False,2026-05-01,False,False,6.66,44.3556,6.66,0.0161,,1.0,-6.660003662109432
NEE,_NaiveModel,97.87999725341795,96.9499969482422,2026-05-01 00:00:00,0.0,-0.9300003051757528,0.0,-0.0095014337073173,False,2026-05-01,False,False,0.93,0.8649,0.93,0.0096,,1.0,0.9300003051757528
NVDA,_NaiveModel,199.57000732421875,198.4499969482422,2026-05-01 00:00:00,0.0,-1.1200103759765625,0.0,-0.0056121177274749,False,2026-05-01,False,False,1.12,1.2544,1.12,0.0056,,1.0,1.1200103759765625
ORCL,_NaiveModel,161.38999938964844,171.8300018310547,2026-05-01 00:00:00,0.0,10.44000244140625,0.0,0.0646880381739184,False,2026-05-01,False,False,10.44,108.9937,10.44,0.0608,,1.0,-10.44000244140625
PG,_NaiveModel,147.08999633789062,147.25999450683594,2026-05-01 00:00:00,0.0,0.1699981689453125,0.0,0.001155742560186,False,2026-05-01,False,False,0.17,0.0289,0.17,0.0012,,1.0,-0.1699981689453125
PLTR,_NaiveModel,139.11000061035156,144.07000732421875,2026-05-01 00:00:00,0.0,4.960006713867188,0.0,0.035655284969484,False,2026-05-01,False,False,4.96,24.6017,4.96,0.0344,,1.0,-4.9600067138671875
TSLA,_NaiveModel,381.6300048828125,390.8200073242188,2026-05-01 00:00:00,0.0,9.190002441406309,0.0,0.0240809221597455,False,2026-05-01,False,False,9.19,84.4561,9.19,0.0235,,1.0,-9.190002441406307
TSM,_NaiveModel,396.05999755859375,397.6700134277344,2026-05-01 00:00:00,0.0,1.610015869140625,0.0,0.0040650807429812,False,2026-05-01,False,False,1.61,2.5922,1.61,0.004,,1.0,-1.610015869140625
UNH,_NaiveModel,370.4800109863281,368.7799987792969,2026-05-01 00:00:00,0.0,-1.70001220703125,0.0,-0.0045886745751958,False,2026-05-01,False,False,1.7,2.89,1.7,0.0046,,1.0,1.70001220703125
V,_NaiveModel,329.8399963378906,328.0299987792969,2026-05-01 00:00:00,0.0,-1.80999755859375,0.0,-0.0054875017544554,False,2026-05-01,False,False,1.81,3.2761,1.81,0.0055,,1.0,1.80999755859375
WMT,_NaiveModel,131.92999267578125,131.60000610351562,2026-05-01 00:00:00,0.0,-0.329986572265625,0.0,-0.0025012248206256,False,2026-05-01,False,False,0.33,0.1089,0.33,0.0025,,1.0,0.329986572265625
XOM,_NaiveModel,154.3300018310547,152.75,2026-05-01 00:00:00,0.0,-1.5800018310546875,0.0,-0.0102378138554311,False,2026-05-01,False,False,1.58,2.4964,1.58,0.0103,,1.0,1.5800018310546875
AAPL,_NaiveModel,270.1700134277344,271.3500061035156,2026-04-30 00:00:00,0.0,1.17999267578125,0.0,0.0043675930604225,False,2026-04-30,False,False,1.18,1.3924,1.18,0.0043,,1.0,-1.17999267578125
AMD,_NaiveModel,337.1099853515625,354.489990234375,2026-04-30 00:00:00,0.0,17.3800048828125,0.0,0.0515558886951609,False,2026-04-30,False,False,17.38,302.0646,17.38,0.049,,1.0,-17.3800048828125
AMZN,_NaiveModel,263.0400085449219,265.0599975585937,2026-04-30 00:00:00,0.0,2.019989013671818,0.0,0.0076793983730685,False,2026-04-30,False,False,2.02,4.0804,2.02,0.0076,,1.0,-2.019989013671818
ASML,_NaiveModel,1394.0799560546875,1438.989990234375,2026-04-30 00:00:00,0.0,44.9100341796875,0.0,0.0322148195192369,False,2026-04-30,False,False,44.91,2016.9112,44.91,0.0312,,1.0,-44.9100341796875
AVGO,_NaiveModel,405.4500122070313,417.4299926757813,2026-04-30 00:00:00,0.0,11.97998046875,0.0,0.0295473673894792,False,2026-04-30,False,False,11.98,143.5199,11.98,0.0287,,1.0,-11.97998046875
BRK-B,_NaiveModel,475.3800048828125,473.6000061035156,2026-04-30 00:00:00,0.0,-1.779998779296875,0.0,-0.0037443703164075,False,2026-04-30,False,False,1.78,3.1684,1.78,0.0038,,1.0,1.779998779296875
CAT,_NaiveModel,810.0499877929688,890.1099853515625,2026-04-30 00:00:00,0.0,80.05999755859375,0.0,0.0988334038208211,False,2026-04-30,False,False,80.06,6409.6032,80.06,0.0899,,1.0,-80.05999755859375
COST,_NaiveModel,998.6699829101562,1014.530029296875,2026-04-30 00:00:00,0.0,15.86004638671875,0.0,0.0158811686123799,False,2026-04-30,False,False,15.86,251.5411,15.86,0.0156,,1.0,-15.86004638671875
CRM,_NaiveModel,181.22000122070312,176.52999877929688,2026-04-30 00:00:00,0.0,-4.69000244140625,0.0,-0.0258801589770127,False,2026-04-30,False,False,4.69,21.9961,4.69,0.0266,,1.0,4.69000244140625
GOOGL,_NaiveModel,349.94000244140625,384.7999877929688,2026-04-30 00:00:00,0.0,34.85998535156256,0.0,0.0996170346583897,False,2026-04-30,False,False,34.86,1215.2186,34.86,0.0906,,1.0,-34.85998535156256
JNJ,_NaiveModel,227.3500061035156,229.8500061035156,2026-04-30 00:00:00,0.0,2.5,0.0,0.0109962609759584,False,2026-04-30,False,False,2.5,6.25,2.5,0.0109,,1.0,-2.5
JPM,_NaiveModel,309.25,313.2300109863281,2026-04-30 00:00:00,0.0,3.980010986328125,0.0,0.0128698819283043,False,2026-04-30,False,False,3.98,15.8405,3.98,0.0127,,1.0,-3.980010986328125
LLY,_NaiveModel,851.2100219726562,934.5999755859376,2026-04-30 00:00:00,0.0,83.38995361328136,0.0,0.0979663672427486,False,2026-04-30,False,False,83.39,6953.8844,83.39,0.0892,,1.0,-83.38995361328136
LMT,_NaiveModel,509.80999755859375,517.969970703125,2026-04-30 00:00:00,0.0,8.15997314453125,0.0,0.0160059104050689,False,2026-04-30,False,False,8.16,66.5852,8.16,0.0158,,1.0,-8.15997314453125
MA,_NaiveModel,525.22998046875,502.9200134277344,2026-04-30 00:00:00,0.0,-22.309967041015625,0.0,-0.0424765681142282,False,2026-04-30,False,False,22.31,497.7346,22.31,0.0444,,1.0,22.309967041015625
MCD,_NaiveModel,290.0799865722656,293.5899963378906,2026-04-30 00:00:00,0.0,3.510009765625,0.0,0.0121001445397908,False,2026-04-30,False,False,3.51,12.3202,3.51,0.012,,1.0,-3.510009765625
META,_NaiveModel,669.1199951171875,611.9099731445312,2026-04-30 00:00:00,0.0,-57.21002197265625,0.0,-0.0855003921421249,False,2026-04-30,False,False,57.21,3272.9866,57.21,0.0935,,1.0,57.21002197265625
MRK,_NaiveModel,110.9499969482422,109.18000030517578,2026-04-30 00:00:00,0.0,-1.7699966430664205,0.0,-0.0159531022239876,False,2026-04-30,False,False,1.77,3.1329,1.77,0.0162,,1.0,1.7699966430664205
MSFT,_NaiveModel,424.4599914550781,407.7799987792969,2026-04-30 00:00:00,0.0,-16.67999267578125,0.0,-0.0392969726513,False,2026-04-30,False,False,16.68,278.2222,16.68,0.0409,,1.0,16.67999267578125
NEE,_NaiveModel,94.16999816894533,97.87999725341795,2026-04-30 00:00:00,0.0,3.709999084472628,0.0,0.0393968265542144,False,2026-04-30,False,False,3.71,13.7641,3.71,0.0379,,1.0,-3.709999084472628
NVDA,_NaiveModel,209.25,199.57000732421875,2026-04-30 00:00:00,0.0,-9.67999267578125,0.0,-0.0462604190001493,False,2026-04-30,False,False,9.68,93.7023,9.68,0.0485,,1.0,9.67999267578125
ORCL,_NaiveModel,163.8300018310547,161.38999938964844,2026-04-30 00:00:00,0.0,-2.44000244140625,0.0,-0.0148935018869281,False,2026-04-30,False,False,2.44,5.9536,2.44,0.0151,,1.0,2.44000244140625
PG,_NaiveModel,146.4600067138672,147.08999633789062,2026-04-30 00:00:00,0.0,0.6299896240234375,0.0,0.0043014447299201,False,2026-04-30,False,False,0.63,0.3969,0.63,0.0043,,1.0,-0.6299896240234375
PLTR,_NaiveModel,137.97000122070312,139.11000061035156,2026-04-30 00:00:00,0.0,1.1399993896484375,0.0,0.0082626613000085,False,2026-04-30,False,False,1.14,1.2996,1.14,0.0082,,1.0,-1.1399993896484375
TSLA,_NaiveModel,372.7999877929688,381.6300048828125,2026-04-30 00:00:00,0.0,8.830017089843693,0.0,0.0236856689350198,False,2026-04-30,False,False,8.83,77.9692,8.83,0.0231,,1.0,-8.830017089843693
TSM,_NaiveModel,393.8299865722656,396.05999755859375,2026-04-30 00:00:00,0.0,2.230010986328125,0.0,0.0056623697086583,False,2026-04-30,False,False,2.23,4.9729,2.23,0.0056,,1.0,-2.230010986328125
UNH,_NaiveModel,370.739990234375,370.4800109863281,2026-04-30 00:00:00,0.0,-0.259979248046875,0.0,-0.0007012441465581,False,2026-04-30,False,False,0.26,0.0676,0.26,0.0007,,1.0,0.259979248046875
V,_NaiveModel,334.8599853515625,329.8399963378906,2026-04-30 00:00:00,0.0,-5.019989013671875,0.0,-0.014991307511411,False,2026-04-30,False,False,5.02,25.2003,5.02,0.0152,,1.0,5.019989013671875
WMT,_NaiveModel,128.00999450683594,131.92999267578125,2026-04-30 00:00:00,0.0,3.919998168945313,0.0,0.0306225946188598,False,2026-04-30,False,False,3.92,15.3664,3.92,0.0297,,1.0,-3.9199981689453125
XOM,_NaiveModel,154.6699981689453,154.3300018310547,2026-04-30 00:00:00,0.0,-0.339996337890625,0.0,-0.0021982048355573,False,2026-04-30,False,False,0.34,0.1156,0.34,0.0022,,1.0,0.339996337890625
AAPL,_NaiveModel,270.7099914550781,270.1700134277344,2026-04-29 00:00:00,0.0,-0.53997802734375,0.0,-0.0019946734305643,False,2026-04-29,False,False,0.54,0.2916,0.54,0.002,,1.0,0.53997802734375
AMD,_NaiveModel,323.2099914550781,337.1099853515625,2026-04-29 00:00:00,0.0,13.899993896484377,0.0,0.0430060773613686,False,2026-04-29,False,False,13.9,193.2098,13.9,0.0412,,1.0,-13.899993896484375
AMZN,_NaiveModel,259.70001220703125,263.0400085449219,2026-04-29 00:00:00,0.0,3.339996337890625,0.0,0.0128609787481565,False,2026-04-29,False,False,3.34,11.1556,3.34,0.0127,,1.0,-3.339996337890625
ASML,_NaiveModel,1384.56005859375,1394.0799560546875,2026-04-29 00:00:00,0.0,9.5198974609375,0.0,0.0068757562388492,False,2026-04-29,False,False,9.5199,90.6284,9.5199,0.0068,,1.0,-9.5198974609375
AVGO,_NaiveModel,399.8299865722656,405.4500122070313,2026-04-29 00:00:00,0.0,5.620025634765682,0.0,0.0140560383750754,False,2026-04-29,False,False,5.62,31.5847,5.62,0.0139,,1.0,-5.620025634765682
BRK-B,_NaiveModel,478.1600036621094,475.3800048828125,2026-04-29 00:00:00,0.0,-2.779998779296875,0.0,-0.0058139508909267,False,2026-04-29,False,False,2.78,7.7284,2.78,0.0058,,1.0,2.779998779296875
CAT,_NaiveModel,817.8699951171875,810.0499877929688,2026-04-29 00:00:00,0.0,-7.82000732421875,0.0,-0.0095614307541607,False,2026-04-29,False,False,7.82,61.1525,7.82,0.0097,,1.0,7.82000732421875
COST,_NaiveModel,994.0,998.6699829101562,2026-04-29 00:00:00,0.0,4.66998291015625,0.0,0.004698171941807,False,2026-04-29,False,False,4.67,21.8087,4.67,0.0047,,1.0,-4.66998291015625
CRM,_NaiveModel,181.32000732421875,181.22000122070312,2026-04-29 00:00:00,0.0,-0.100006103515625,0.0,-0.0005515447798146,False,2026-04-29,False,False,0.1,0.01,0.1,0.0006,,1.0,0.100006103515625
GOOGL,_NaiveModel,349.7799987792969,349.94000244140625,2026-04-29 00:00:00,0.0,0.160003662109375,0.0,0.0004574408561603,False,2026-04-29,False,False,0.16,0.0256,0.16,0.0005,,1.0,-0.160003662109375
JNJ,_NaiveModel,227.7899932861328,227.3500061035156,2026-04-29 00:00:00,0.0,-0.4399871826172159,0.0,-0.0019315474585599,False,2026-04-29,False,False,0.44,0.1936,0.44,0.0019,,1.0,0.4399871826172159
JPM,_NaiveModel,311.45001220703125,309.25,2026-04-29 00:00:00,0.0,-2.20001220703125,0.0,-0.0070637730640666,False,2026-04-29,False,False,2.2,4.8401,2.2,0.0071,,1.0,2.20001220703125
LLY,_NaiveModel,874.0,851.2100219726562,2026-04-29 00:00:00,0.0,-22.78997802734375,0.0,-0.0260754897338029,False,2026-04-29,False,False,22.79,519.3831,22.79,0.0268,,1.0,22.78997802734375
LMT,_NaiveModel,512.2899780273438,509.80999755859375,2026-04-29 00:00:00,0.0,-2.47998046875,0.0,-0.0048409701050556,False,2026-04-29,False,False,2.48,6.1503,2.48,0.0049,,1.0,2.47998046875
MA,_NaiveModel,507.6199951171875,525.22998046875,2026-04-29 00:00:00,0.0,17.6099853515625,0.0,0.034691275995732,False,2026-04-29,False,False,17.61,310.1116,17.61,0.0335,,1.0,-17.6099853515625
MCD,_NaiveModel,292.3900146484375,290.0799865722656,2026-04-29 00:00:00,0.0,-2.310028076171875,0.0,-0.0079005026178797,False,2026-04-29,False,False,2.31,5.3362,2.31,0.008,,1.0,2.310028076171875
META,_NaiveModel,671.3400268554688,669.1199951171875,2026-04-29 00:00:00,0.0,-2.22003173828125,0.0,-0.0033068663411591,False,2026-04-29,False,False,2.22,4.9285,2.22,0.0033,,1.0,2.22003173828125
MRK,_NaiveModel,110.02999877929688,110.9499969482422,2026-04-29 00:00:00,0.0,0.9199981689453268,0.0,0.0083613394451698,False,2026-04-29,False,False,0.92,0.8464,0.92,0.0083,,1.0,-0.9199981689453267
MSFT,_NaiveModel,429.25,424.4599914550781,2026-04-29 00:00:00,0.0,-4.790008544921875,0.0,-0.0111590181593986,False,2026-04-29,False,False,4.79,22.9442,4.79,0.0113,,1.0,4.790008544921875
NEE,_NaiveModel,96.51000213623048,94.16999816894533,2026-04-29 00:00:00,0.0,-2.340003967285156,0.0,-0.0242462326752628,False,2026-04-29,False,False,2.34,5.4756,2.34,0.0248,,1.0,2.3400039672851562
NVDA,_NaiveModel,213.1699981689453,209.25,2026-04-29 00:00:00,0.0,-3.919998168945313,0.0,-0.0183890707070258,False,2026-04-29,False,False,3.92,15.3664,3.92,0.0187,,1.0,3.9199981689453125
ORCL,_NaiveModel,165.9600067138672,163.8300018310547,2026-04-29 00:00:00,0.0,-2.1300048828125,0.0,-0.0128344468344403,False,2026-04-29,False,False,2.13,4.5369,2.13,0.013,,1.0,2.1300048828125
PG,_NaiveModel,149.1699981689453,146.4600067138672,2026-04-29 00:00:00,0.0,-2.709991455078125,0.0,-0.0181671347344851,False,2026-04-29,False,False,2.71,7.3441,2.71,0.0185,,1.0,2.709991455078125
PLTR,_NaiveModel,141.17999267578125,137.97000122070312,2026-04-29 00:00:00,0.0,-3.209991455078125,0.0,-0.0227368722312505,False,2026-04-29,False,False,3.21,10.304,3.21,0.0233,,1.0,3.209991455078125
TSLA,_NaiveModel,376.0199890136719,372.7999877929688,2026-04-29 00:00:00,0.0,-3.220001220703068,0.0,-0.0085633777851793,False,2026-04-29,False,False,3.22,10.3684,3.22,0.0086,,1.0,3.220001220703068
TSM,_NaiveModel,392.3399963378906,393.8299865722656,2026-04-29 00:00:00,0.0,1.489990234375,0.0,0.0037977016064704,False,2026-04-29,False,False,1.49,2.2201,1.49,0.0038,,1.0,-1.489990234375
UNH,_NaiveModel,366.7699890136719,370.739990234375,2026-04-29 00:00:00,0.0,3.970001220703125,0.0,0.0108242259171186,False,2026-04-29,False,False,3.97,15.7609,3.97,0.0107,,1.0,-3.970001220703125
V,_NaiveModel,309.29998779296875,334.8599853515625,2026-04-29 00:00:00,0.0,25.55999755859375,0.0,0.0826382106930519,False,2026-04-29,False,False,25.56,653.3135,25.56,0.0763,,1.0,-25.55999755859375
WMT,_NaiveModel,127.58999633789062,128.00999450683594,2026-04-29 00:00:00,0.0,0.4199981689453125,0.0,0.0032917797711432,False,2026-04-29,False,False,0.42,0.1764,0.42,0.0033,,1.0,-0.4199981689453125
XOM,_NaiveModel,150.55999755859375,154.6699981689453,2026-04-29 00:00:00,0.0,4.1100006103515625,0.0,0.0272980916378672,False,2026-04-29,False,False,4.11,16.8921,4.11,0.0266,,1.0,-4.1100006103515625
AAPL,_NaiveModel,267.6099853515625,270.7099914550781,2026-04-28 00:00:00,0.0,3.100006103515625,0.0,0.0115840449654489,False,2026-04-28,False,False,3.1,9.61,3.1,0.0115,,1.0,-3.100006103515625
AMD,_NaiveModel,334.6300048828125,323.2099914550781,2026-04-28 00:00:00,0.0,-11.420013427734377,0.0,-0.0341272846460187,False,2026-04-28,False,False,11.42,130.4167,11.42,0.0353,,1.0,11.420013427734375
AMZN,_NaiveModel,261.1199951171875,259.70001220703125,2026-04-28 00:00:00,0.0,-1.41998291015625,0.0,-0.0054380473985493,False,2026-04-28,False,False,1.42,2.0164,1.42,0.0055,,1.0,1.41998291015625
ASML,_NaiveModel,1432.43994140625,1384.56005859375,2026-04-28 00:00:00,0.0,-47.8798828125,0.0,-0.0334254033474489,False,2026-04-28,False,False,47.8799,2292.4832,47.8799,0.0346,,1.0,47.8798828125
AVGO,_NaiveModel,418.2000122070313,399.8299865722656,2026-04-28 00:00:00,0.0,-18.37002563476568,0.0,-0.0439264110438895,False,2026-04-28,False,False,18.37,337.4578,18.37,0.0459,,1.0,18.370025634765682
BRK-B,_NaiveModel,472.80999755859375,478.1600036621094,2026-04-28 00:00:00,0.0,5.350006103515625,0.0,0.0113153404774454,False,2026-04-28,False,False,5.35,28.6226,5.35,0.0112,,1.0,-5.350006103515625
CAT,_NaiveModel,828.7899780273438,817.8699951171875,2026-04-28 00:00:00,0.0,-10.91998291015625,0.0,-0.0131758143795942,False,2026-04-28,False,False,10.92,119.246,10.92,0.0134,,1.0,10.91998291015625
COST,_NaiveModel,998.010009765625,994.0,2026-04-28 00:00:00,0.0,-4.010009765625,0.0,-0.0040180055574459,False,2026-04-28,False,False,4.01,16.0802,4.01,0.004,,1.0,4.010009765625
CRM,_NaiveModel,180.17999267578125,181.32000732421875,2026-04-28 00:00:00,0.0,1.1400146484375,0.0,0.0063270878831084,False,2026-04-28,False,False,1.14,1.2996,1.14,0.0063,,1.0,-1.1400146484375
GOOGL,_NaiveModel,350.3399963378906,349.7799987792969,2026-04-28 00:00:00,0.0,-0.55999755859375,0.0,-0.0015984402707296,False,2026-04-28,False,False,0.56,0.3136,0.56,0.0016,,1.0,0.55999755859375
JNJ,_NaiveModel,225.33999633789065,227.7899932861328,2026-04-28 00:00:00,0.0,2.449996948242159,0.0,0.0108724460284824,False,2026-04-28,False,False,2.45,6.0025,2.45,0.0108,,1.0,-2.449996948242159
JPM,_NaiveModel,311.6300048828125,311.45001220703125,2026-04-28 00:00:00,0.0,-0.17999267578125,0.0,-0.0005775845488592,False,2026-04-28,False,False,0.18,0.0324,0.18,0.0006,,1.0,0.17999267578125
LLY,_NaiveModel,868.27001953125,874.0,2026-04-28 00:00:00,0.0,5.72998046875,0.0,0.0065993070586998,False,2026-04-28,False,False,5.73,32.8327,5.73,0.0066,,1.0,-5.72998046875
LMT,_NaiveModel,513.3499755859375,512.2899780273438,2026-04-28 00:00:00,0.0,-1.05999755859375,0.0,-0.002064863366135,False,2026-04-28,False,False,1.06,1.1236,1.06,0.0021,,1.0,1.05999755859375
MA,_NaiveModel,506.4299926757813,507.6199951171875,2026-04-28 00:00:00,0.0,1.1900024414061932,0.0,0.0023497866607755,False,2026-04-28,False,False,1.19,1.4161,1.19,0.0023,,1.0,-1.1900024414061932
MCD,_NaiveModel,290.2099914550781,292.3900146484375,2026-04-28 00:00:00,0.0,2.180023193359375,0.0,0.0075118819391055,False,2026-04-28,False,False,2.18,4.7525,2.18,0.0075,,1.0,-2.180023193359375
META,_NaiveModel,678.6199951171875,671.3400268554688,2026-04-28 00:00:00,0.0,-7.27996826171875,0.0,-0.0107276064868404,False,2026-04-28,False,False,7.28,52.9979,7.28,0.0108,,1.0,7.27996826171875
MRK,_NaiveModel,110.2300033569336,110.02999877929688,2026-04-28 00:00:00,0.0,-0.2000045776367187,0.0,-0.0018144295704055,False,2026-04-28,False,False,0.2,0.04,0.2,0.0018,,1.0,0.20000457763671875
MSFT,_NaiveModel,424.8200073242188,429.25,2026-04-28 00:00:00,0.0,4.429992675781193,0.0,0.0104279285330369,False,2026-04-28,False,False,4.43,19.6248,4.43,0.0103,,1.0,-4.429992675781193
NEE,_NaiveModel,94.83000183105467,96.51000213623048,2026-04-28 00:00:00,0.0,1.6800003051758097,0.0,0.0177159155619213,False,2026-04-28,False,False,1.68,2.8224,1.68,0.0174,,1.0,-1.6800003051758097
NVDA,_NaiveModel,216.6100006103516,213.1699981689453,2026-04-28 00:00:00,0.0,-3.4400024414062784,0.0,-0.0158810878154897,False,2026-04-28,False,False,3.44,11.8336,3.44,0.0161,,1.0,3.4400024414062784
ORCL,_NaiveModel,172.9600067138672,165.9600067138672,2026-04-28 00:00:00,0.0,-7.0,0.0,-0.0404717838128921,False,2026-04-28,False,False,7.0,49.0,7.0,0.0422,,1.0,7.0
PG,_NaiveModel,148.39999389648438,149.1699981689453,2026-04-28 00:00:00,0.0,0.7700042724609375,0.0,0.0051887082488564,False,2026-04-28,False,False,0.77,0.5929,0.77,0.0052,,1.0,-0.7700042724609375
PLTR,_NaiveModel,143.10000610351562,141.17999267578125,2026-04-28 00:00:00,0.0,-1.920013427734375,0.0,-0.0134172840380277,False,2026-04-28,False,False,1.92,3.6865,1.92,0.0136,,1.0,1.920013427734375
TSLA,_NaiveModel,378.6700134277344,376.0199890136719,2026-04-28 00:00:00,0.0,-2.6500244140625,0.0,-0.0069982420579712,False,2026-04-28,False,False,2.65,7.0226,2.65,0.007,,1.0,2.6500244140625
TSM,_NaiveModel,404.9800109863281,392.3399963378906,2026-04-28 00:00:00,0.0,-12.6400146484375,0.0,-0.0312114531718559,False,2026-04-28,False,False,12.64,159.77,12.64,0.0322,,1.0,12.6400146484375
UNH,_NaiveModel,354.69000244140625,366.7699890136719,2026-04-28 00:00:00,0.0,12.079986572265623,0.0,0.0340578716318941,False,2026-04-28,False,False,12.08,145.9261,12.08,0.0329,,1.0,-12.079986572265625
V,_NaiveModel,309.6499938964844,309.29998779296875,2026-04-28 00:00:00,0.0,-0.350006103515625,0.0,-0.0011303281460184,False,2026-04-28,False,False,0.35,0.1225,0.35,0.0011,,1.0,0.350006103515625
WMT,_NaiveModel,127.58999633789062,127.58999633789062,2026-04-28 00:00:00,0.0,0.0,0.0,0.0,False,2026-04-28,False,False,0.0,0.0,0.0,0.0,,1.0,0.0
XOM,_NaiveModel,148.19000244140625,150.55999755859375,2026-04-28 00:00:00,0.0,2.3699951171875,0.0,0.0159929487694325,False,2026-04-28,False,False,2.37,5.6169,2.37,0.0157,,1.0,-2.3699951171875
AAPL,_NaiveModel,271.0599975585937,267.6099853515625,2026-04-27 00:00:00,0.0,-3.450012207031193,0.0,-0.0127278544901684,False,2026-04-27,False,False,3.45,11.9026,3.45,0.0129,,1.0,3.450012207031193
AMD,_NaiveModel,347.8099975585937,334.6300048828125,2026-04-27 00:00:00,0.0,-13.179992675781191,0.0,-0.0378942318170737,False,2026-04-27,False,False,13.18,173.7122,13.18,0.0394,,1.0,13.179992675781193
AMZN,_NaiveModel,263.989990234375,261.1199951171875,2026-04-27 00:00:00,0.0,-2.8699951171875,0.0,-0.010871605831113,False,2026-04-27,False,False,2.87,8.2369,2.87,0.011,,1.0,2.8699951171875
ASML,_NaiveModel,1457.699951171875,1432.43994140625,2026-04-27 00:00:00,0.0,-25.260009765625,0.0,-0.0173286757300896,False,2026-04-27,False,False,25.26,638.0681,25.26,0.0176,,1.0,25.260009765625
AVGO,_NaiveModel,422.760009765625,418.2000122070313,2026-04-27 00:00:00,0.0,-4.559997558593693,0.0,-0.0107862556846891,False,2026-04-27,False,False,4.56,20.7936,4.56,0.0109,,1.0,4.559997558593693
BRK-B,_NaiveModel,469.3200073242188,472.80999755859375,2026-04-27 00:00:00,0.0,3.489990234374943,0.0,0.0074362698796345,False,2026-04-27,False,False,3.49,12.18,3.49,0.0074,,1.0,-3.489990234374943
CAT,_NaiveModel,830.7899780273438,828.7899780273438,2026-04-27 00:00:00,0.0,-2.0,0.0,-0.0024073472873961,False,2026-04-27,False,False,2.0,4.0,2.0,0.0024,,1.0,2.0
COST,_NaiveModel,1011.1500244140624,998.010009765625,2026-04-27 00:00:00,0.0,-13.140014648437386,0.0,-0.0129951187570328,False,2026-04-27,False,False,13.14,172.66,13.14,0.0132,,1.0,13.140014648437386
CRM,_NaiveModel,178.16000366210938,180.17999267578125,2026-04-27 00:00:00,0.0,2.019989013671875,0.0,0.011338061136903,False,2026-04-27,False,False,2.02,4.0804,2.02,0.0112,,1.0,-2.019989013671875
GOOGL,_NaiveModel,344.3999938964844,350.3399963378906,2026-04-27 00:00:00,0.0,5.94000244140625,0.0,0.0172473941541114,False,2026-04-27,False,False,5.94,35.2836,5.94,0.017,,1.0,-5.94000244140625
JNJ,_NaiveModel,227.5,225.33999633789065,2026-04-27 00:00:00,0.0,-2.1600036621093466,0.0,-0.0094945215916894,False,2026-04-27,False,False,2.16,4.6656,2.16,0.0096,,1.0,2.1600036621093466
JPM,_NaiveModel,308.2799987792969,311.6300048828125,2026-04-27 00:00:00,0.0,3.350006103515625,0.0,0.0108667643596104,False,2026-04-27,False,False,3.35,11.2225,3.35,0.0107,,1.0,-3.350006103515625
LLY,_NaiveModel,883.9600219726562,868.27001953125,2026-04-27 00:00:00,0.0,-15.69000244140625,0.0,-0.0177496742515484,False,2026-04-27,False,False,15.69,246.1762,15.69,0.0181,,1.0,15.69000244140625
LMT,_NaiveModel,513.4500122070312,513.3499755859375,2026-04-27 00:00:00,0.0,-0.10003662109375,0.0,-0.0001948322499083,False,2026-04-27,False,False,0.1,0.01,0.1,0.0002,,1.0,0.10003662109375
MA,_NaiveModel,504.1700134277344,506.4299926757813,2026-04-27 00:00:00,0.0,2.259979248046932,0.0,0.0044825737109628,False,2026-04-27,False,False,2.26,5.1075,2.26,0.0045,,1.0,-2.259979248046932
MCD,_NaiveModel,299.3599853515625,290.2099914550781,2026-04-27 00:00:00,0.0,-9.149993896484377,0.0,-0.030565186879398,False,2026-04-27,False,False,9.15,83.7224,9.15,0.0315,,1.0,9.149993896484375
META,_NaiveModel,675.030029296875,678.6199951171875,2026-04-27 00:00:00,0.0,3.5899658203125,0.0,0.0053182312852835,False,2026-04-27,False,False,3.59,12.8879,3.59,0.0053,,1.0,-3.5899658203125
MRK,_NaiveModel,111.9000015258789,110.2300033569336,2026-04-27 00:00:00,0.0,-1.6699981689453125,0.0,-0.0149240227540041,False,2026-04-27,False,False,1.67,2.7889,1.67,0.0152,,1.0,1.6699981689453125
MSFT,_NaiveModel,424.6199951171875,424.8200073242188,2026-04-27 00:00:00,0.0,0.2000122070313068,0.0,0.0004710381266339,False,2026-04-27,False,False,0.2,0.04,0.2,0.0005,,1.0,-0.20001220703130684
NEE,_NaiveModel,95.27999877929688,94.83000183105467,2026-04-27 00:00:00,0.0,-0.4499969482422017,0.0,-0.0047228899455021,False,2026-04-27,False,False,0.45,0.2025,0.45,0.0047,,1.0,0.4499969482422017
NVDA,_NaiveModel,208.2700042724609,216.6100006103516,2026-04-27 00:00:00,0.0,8.339996337890682,0.0,0.0400441550237844,False,2026-04-27,False,False,8.34,69.5555,8.34,0.0385,,1.0,-8.339996337890682
ORCL,_NaiveModel,173.27999877929688,172.9600067138672,2026-04-27 00:00:00,0.0,-0.3199920654296875,0.0,-0.0018466762908814,False,2026-04-27,False,False,0.32,0.1024,0.32,0.0019,,1.0,0.3199920654296875
PG,_NaiveModel,148.17999267578125,148.39999389648438,2026-04-27 00:00:00,0.0,0.220001220703125,0.0,0.0014846891049892,False,2026-04-27,False,False,0.22,0.0484,0.22,0.0015,,1.0,-0.220001220703125
PLTR,_NaiveModel,143.08999633789062,143.10000610351562,2026-04-27 00:00:00,0.0,0.010009765625,0.0,6.995433560123299e-05,False,2026-04-27,False,False,0.01,0.0001,0.01,0.0001,,1.0,-0.010009765625
TSLA,_NaiveModel,376.2999877929688,378.6700134277344,2026-04-27 00:00:00,0.0,2.370025634765568,0.0,0.006298234684157,False,2026-04-27,False,False,2.37,5.617,2.37,0.0063,,1.0,-2.370025634765568
TSM,_NaiveModel,402.4599914550781,404.9800109863281,2026-04-27 00:00:00,0.0,2.52001953125,0.0,0.0062615404878854,False,2026-04-27,False,False,2.52,6.3505,2.52,0.0062,,1.0,-2.52001953125
UNH,_NaiveModel,354.9200134277344,354.69000244140625,2026-04-27 00:00:00,0.0,-0.230010986328125,0.0,-0.0006480642894908,False,2026-04-27,False,False,0.23,0.0529,0.23,0.0006,,1.0,0.230010986328125
V,_NaiveModel,309.4200134277344,309.6499938964844,2026-04-27 00:00:00,0.0,0.22998046875,0.0,0.0007432630688696,False,2026-04-27,False,False,0.23,0.0529,0.23,0.0007,,1.0,-0.22998046875
WMT,_NaiveModel,129.9199981689453,127.58999633789062,2026-04-27 00:00:00,0.0,-2.3300018310546875,0.0,-0.01793412764696,False,2026-04-27,False,False,2.33,5.4289,2.33,0.0183,,1.0,2.3300018310546875
XOM,_NaiveModel,148.91000366210938,148.19000244140625,2026-04-27 00:00:00,0.0,-0.720001220703125,0.0,-0.0048351433953146,False,2026-04-27,False,False,0.72,0.5184,0.72,0.0049,,1.0,0.720001220703125
