ticker,model,pred,real,Predicted
NVDA,_NaiveModel,225.009994506836,225.009994506836,2026-08-18
MSFT,_NaiveModel,480.3500061035156,480.3500061035156,2026-08-18
AAPL,_NaiveModel,305.5899963378906,305.5899963378906,2026-08-18
GOOGL,_NaiveModel,344.0,344.0,2026-08-18
AMZN,_NaiveModel,261.3099975585937,261.3099975585937,2026-08-18
META,_NaiveModel,568.969970703125,568.969970703125,2026-08-18
AVGO,_NaiveModel,392.4299926757813,392.4299926757813,2026-08-18
TSM,_NaiveModel,430.9700012207031,430.9700012207031,2026-08-18
ASML,_NaiveModel,1883.1199951171875,1883.1199951171875,2026-08-18
AMD,_NaiveModel,506.0,506.0,2026-08-18
ORCL,_NaiveModel,146.64999389648438,146.64999389648438,2026-08-18
PLTR,_NaiveModel,172.5500030517578,172.5500030517578,2026-08-18
CRM,_NaiveModel,190.97000122070312,190.97000122070312,2026-08-18
TSLA,_NaiveModel,339.29998779296875,339.29998779296875,2026-08-18
LLY,_NaiveModel,1183.1600341796875,1183.1600341796875,2026-08-18
UNH,_NaiveModel,395.6199951171875,395.6199951171875,2026-08-18
MRK,_NaiveModel,135.97000122070312,135.97000122070312,2026-08-18
JNJ,_NaiveModel,262.3699951171875,262.3699951171875,2026-08-18
JPM,_NaiveModel,360.9599914550781,360.9599914550781,2026-08-18
V,_NaiveModel,358.8399963378906,358.8399963378906,2026-08-18
MA,_NaiveModel,562.260009765625,562.260009765625,2026-08-18
BRK-B,_NaiveModel,498.2300109863281,498.2300109863281,2026-08-18
WMT,_NaiveModel,114.33000183105467,114.33000183105467,2026-08-18
COST,_NaiveModel,953.5,953.5,2026-08-18
MCD,_NaiveModel,265.5299987792969,265.5299987792969,2026-08-18
PG,_NaiveModel,143.1199951171875,143.1199951171875,2026-08-18
XOM,_NaiveModel,161.4600067138672,161.4600067138672,2026-08-18
NEE,_NaiveModel,86.22000122070312,86.22000122070312,2026-08-18
CAT,_NaiveModel,881.6500244140625,881.6500244140625,2026-08-18
LMT,_NaiveModel,593.739990234375,593.739990234375,2026-08-18
NVDA,_NaiveModel,225.16000366210932,225.16000366210932,2026-08-17
MSFT,_NaiveModel,495.3999938964844,495.3999938964844,2026-08-17
AAPL,_NaiveModel,305.92999267578125,305.92999267578125,2026-08-17
GOOGL,_NaiveModel,345.8999938964844,345.8999938964844,2026-08-17
AMZN,_NaiveModel,262.6499938964844,262.6499938964844,2026-08-17
META,_NaiveModel,589.8499755859375,589.8499755859375,2026-08-17
AVGO,_NaiveModel,392.989990234375,392.989990234375,2026-08-17
TSM,_NaiveModel,426.3500061035156,426.3500061035156,2026-08-17
ASML,_NaiveModel,1844.0799560546875,1844.0799560546875,2026-08-17
AMD,_NaiveModel,514.3900146484375,514.3900146484375,2026-08-17
ORCL,_NaiveModel,150.52000427246094,150.52000427246094,2026-08-17
PLTR,_NaiveModel,174.0399932861328,174.0399932861328,2026-08-17
CRM,_NaiveModel,196.2100067138672,196.2100067138672,2026-08-17
TSLA,_NaiveModel,342.2699890136719,342.2699890136719,2026-08-17
LLY,_NaiveModel,1180.1600341796875,1180.1600341796875,2026-08-17
UNH,_NaiveModel,401.7300109863281,401.7300109863281,2026-08-17
MRK,_NaiveModel,135.83999633789062,135.83999633789062,2026-08-17
JNJ,_NaiveModel,260.3500061035156,260.3500061035156,2026-08-17
JPM,_NaiveModel,362.8399963378906,362.8399963378906,2026-08-17
V,_NaiveModel,364.1499938964844,364.1499938964844,2026-08-17
MA,_NaiveModel,569.2899780273438,569.2899780273438,2026-08-17
BRK-B,_NaiveModel,504.0299987792969,504.0299987792969,2026-08-17
WMT,_NaiveModel,115.2699966430664,115.2699966430664,2026-08-17
COST,_NaiveModel,961.0999755859376,961.0999755859376,2026-08-17
MCD,_NaiveModel,272.8299865722656,272.8299865722656,2026-08-17
PG,_NaiveModel,144.5500030517578,144.5500030517578,2026-08-17
XOM,_NaiveModel,160.10000610351562,160.10000610351562,2026-08-17
NEE,_NaiveModel,86.19000244140625,86.19000244140625,2026-08-17
CAT,_NaiveModel,856.5700073242188,856.5700073242188,2026-08-17
LMT,_NaiveModel,608.6799926757812,608.6799926757812,2026-08-17
NVDA,_NaiveModel,225.16000366210932,225.16000366210932,2026-08-17
MSFT,_NaiveModel,495.3999938964844,495.3999938964844,2026-08-17
AAPL,_NaiveModel,305.92999267578125,305.92999267578125,2026-08-17
GOOGL,_NaiveModel,345.8999938964844,345.8999938964844,2026-08-17
AMZN,_NaiveModel,262.6499938964844,262.6499938964844,2026-08-17
META,_NaiveModel,589.8499755859375,589.8499755859375,2026-08-17
AVGO,_NaiveModel,392.989990234375,392.989990234375,2026-08-17
TSM,_NaiveModel,426.3500061035156,426.3500061035156,2026-08-17
ASML,_NaiveModel,1844.0799560546875,1844.0799560546875,2026-08-17
AMD,_NaiveModel,514.3900146484375,514.3900146484375,2026-08-17
ORCL,_NaiveModel,150.52000427246094,150.52000427246094,2026-08-17
PLTR,_NaiveModel,174.0399932861328,174.0399932861328,2026-08-17
CRM,_NaiveModel,196.2100067138672,196.2100067138672,2026-08-17
TSLA,_NaiveModel,342.2699890136719,342.2699890136719,2026-08-17
LLY,_NaiveModel,1180.1600341796875,1180.1600341796875,2026-08-17
UNH,_NaiveModel,401.7300109863281,401.7300109863281,2026-08-17
MRK,_NaiveModel,135.83999633789062,135.83999633789062,2026-08-17
JNJ,_NaiveModel,260.3500061035156,260.3500061035156,2026-08-17
JPM,_NaiveModel,362.8399963378906,362.8399963378906,2026-08-17
V,_NaiveModel,364.1499938964844,364.1499938964844,2026-08-17
MA,_NaiveModel,569.2899780273438,569.2899780273438,2026-08-17
BRK-B,_NaiveModel,504.0299987792969,504.0299987792969,2026-08-17
WMT,_NaiveModel,115.2699966430664,115.2699966430664,2026-08-17
COST,_NaiveModel,961.0999755859376,961.0999755859376,2026-08-17
MCD,_NaiveModel,272.8299865722656,272.8299865722656,2026-08-17
PG,_NaiveModel,144.5500030517578,144.5500030517578,2026-08-17
XOM,_NaiveModel,160.10000610351562,160.10000610351562,2026-08-17
NEE,_NaiveModel,86.19000244140625,86.19000244140625,2026-08-17
CAT,_NaiveModel,856.5700073242188,856.5700073242188,2026-08-17
LMT,_NaiveModel,608.6799926757812,608.6799926757812,2026-08-17
NVDA,_NaiveModel,225.16000366210932,225.16000366210932,2026-08-17
MSFT,_NaiveModel,495.3999938964844,495.3999938964844,2026-08-17
AAPL,_NaiveModel,305.92999267578125,305.92999267578125,2026-08-17
GOOGL,_NaiveModel,345.8999938964844,345.8999938964844,2026-08-17
AMZN,_NaiveModel,262.6499938964844,262.6499938964844,2026-08-17
META,_NaiveModel,589.8499755859375,589.8499755859375,2026-08-17
AVGO,_NaiveModel,392.989990234375,392.989990234375,2026-08-17
TSM,_NaiveModel,426.3500061035156,426.3500061035156,2026-08-17
ASML,_NaiveModel,1844.0799560546875,1844.0799560546875,2026-08-17
AMD,_NaiveModel,514.3900146484375,514.3900146484375,2026-08-17
ORCL,_NaiveModel,150.52000427246094,150.52000427246094,2026-08-17
PLTR,_NaiveModel,174.0399932861328,174.0399932861328,2026-08-17
CRM,_NaiveModel,196.2100067138672,196.2100067138672,2026-08-17
TSLA,_NaiveModel,342.2699890136719,342.2699890136719,2026-08-17
LLY,_NaiveModel,1180.1600341796875,1180.1600341796875,2026-08-17
UNH,_NaiveModel,401.7300109863281,401.7300109863281,2026-08-17
MRK,_NaiveModel,135.83999633789062,135.83999633789062,2026-08-17
JNJ,_NaiveModel,260.3500061035156,260.3500061035156,2026-08-17
JPM,_NaiveModel,362.8399963378906,362.8399963378906,2026-08-17
V,_NaiveModel,364.1499938964844,364.1499938964844,2026-08-17
MA,_NaiveModel,569.2899780273438,569.2899780273438,2026-08-17
BRK-B,_NaiveModel,504.0299987792969,504.0299987792969,2026-08-17
WMT,_NaiveModel,115.2699966430664,115.2699966430664,2026-08-17
COST,_NaiveModel,961.0999755859376,961.0999755859376,2026-08-17
MCD,_NaiveModel,272.8299865722656,272.8299865722656,2026-08-17
PG,_NaiveModel,144.5500030517578,144.5500030517578,2026-08-17
XOM,_NaiveModel,160.10000610351562,160.10000610351562,2026-08-17
NEE,_NaiveModel,86.19000244140625,86.19000244140625,2026-08-17
CAT,_NaiveModel,856.5700073242188,856.5700073242188,2026-08-17
LMT,_NaiveModel,608.6799926757812,608.6799926757812,2026-08-17
NVDA,_NaiveModel,225.3000030517578,225.3000030517578,2026-08-14
MSFT,_NaiveModel,496.8800048828125,496.8800048828125,2026-08-14
AAPL,_NaiveModel,305.260009765625,305.260009765625,2026-08-14
GOOGL,_NaiveModel,346.3599853515625,346.3599853515625,2026-08-14
AMZN,_NaiveModel,265.1300048828125,265.1300048828125,2026-08-14
META,_NaiveModel,594.969970703125,594.969970703125,2026-08-14
AVGO,_NaiveModel,417.8200073242188,417.8200073242188,2026-08-14
TSM,_NaiveModel,430.489990234375,430.489990234375,2026-08-14
ASML,_NaiveModel,1847.9000244140625,1847.9000244140625,2026-08-14
AMD,_NaiveModel,483.010009765625,483.010009765625,2026-08-14
ORCL,_NaiveModel,156.22000122070312,156.22000122070312,2026-08-14
PLTR,_NaiveModel,179.00999450683594,179.00999450683594,2026-08-14
CRM,_NaiveModel,201.3699951171875,201.3699951171875,2026-08-14
TSLA,_NaiveModel,339.9599914550781,339.9599914550781,2026-08-14
LLY,_NaiveModel,1209.0,1209.0,2026-08-14
UNH,_NaiveModel,399.05999755859375,399.05999755859375,2026-08-14
MRK,_NaiveModel,135.5500030517578,135.5500030517578,2026-08-14
JNJ,_NaiveModel,262.0799865722656,262.0799865722656,2026-08-14
JPM,_NaiveModel,363.1099853515625,363.1099853515625,2026-08-14
V,_NaiveModel,365.4500122070313,365.4500122070313,2026-08-14
MA,_NaiveModel,567.0399780273438,567.0399780273438,2026-08-14
BRK-B,_NaiveModel,506.9299926757813,506.9299926757813,2026-08-14
WMT,_NaiveModel,115.72000122070312,115.72000122070312,2026-08-14
COST,_NaiveModel,961.8499755859376,961.8499755859376,2026-08-14
MCD,_NaiveModel,272.25,272.25,2026-08-14
PG,_NaiveModel,144.25999450683594,144.25999450683594,2026-08-14
XOM,_NaiveModel,158.61000061035156,158.61000061035156,2026-08-14
NEE,_NaiveModel,86.01000213623047,86.01000213623047,2026-08-14
CAT,_NaiveModel,854.5999755859375,854.5999755859375,2026-08-14
LMT,_NaiveModel,598.010009765625,598.010009765625,2026-08-14
NVDA,_NaiveModel,224.08999633789065,224.08999633789065,2026-08-13
MSFT,_NaiveModel,492.4299926757813,492.4299926757813,2026-08-13
AAPL,_NaiveModel,302.25,302.25,2026-08-13
GOOGL,_NaiveModel,343.5400085449219,343.5400085449219,2026-08-13
AMZN,_NaiveModel,267.2799987792969,267.2799987792969,2026-08-13
META,_NaiveModel,578.8499755859375,578.8499755859375,2026-08-13
AVGO,_NaiveModel,416.0499877929688,416.0499877929688,2026-08-13
TSM,_NaiveModel,429.1499938964844,429.1499938964844,2026-08-13
ASML,_NaiveModel,1810.0699462890625,1810.0699462890625,2026-08-13
AMD,_NaiveModel,482.9299926757813,482.9299926757813,2026-08-13
ORCL,_NaiveModel,153.27999877929688,153.27999877929688,2026-08-13
PLTR,_NaiveModel,171.0399932861328,171.0399932861328,2026-08-13
CRM,_NaiveModel,193.32000732421875,193.32000732421875,2026-08-13
TSLA,_NaiveModel,327.510009765625,327.510009765625,2026-08-13
LLY,_NaiveModel,1220.280029296875,1220.280029296875,2026-08-13
UNH,_NaiveModel,405.5899963378906,405.5899963378906,2026-08-13
MRK,_NaiveModel,132.9199981689453,132.9199981689453,2026-08-13
JNJ,_NaiveModel,260.8599853515625,260.8599853515625,2026-08-13
JPM,_NaiveModel,365.1799926757813,365.1799926757813,2026-08-13
V,_NaiveModel,359.4200134277344,359.4200134277344,2026-08-13
MA,_NaiveModel,559.72998046875,559.72998046875,2026-08-13
BRK-B,_NaiveModel,510.0,510.0,2026-08-13
WMT,_NaiveModel,116.01000213623048,116.01000213623048,2026-08-13
COST,_NaiveModel,949.5800170898438,949.5800170898438,2026-08-13
MCD,_NaiveModel,275.70001220703125,275.70001220703125,2026-08-13
PG,_NaiveModel,144.0800018310547,144.0800018310547,2026-08-13
XOM,_NaiveModel,159.75,159.75,2026-08-13
NEE,_NaiveModel,85.77999877929688,85.77999877929688,2026-08-13
CAT,_NaiveModel,855.5999755859375,855.5999755859375,2026-08-13
LMT,_NaiveModel,606.719970703125,606.719970703125,2026-08-13
NVDA,_NaiveModel,217.5,217.5,2026-08-12
MSFT,_NaiveModel,503.80999755859375,503.80999755859375,2026-08-12
AAPL,_NaiveModel,304.9100036621094,304.9100036621094,2026-08-12
GOOGL,_NaiveModel,343.79998779296875,343.79998779296875,2026-08-12
AMZN,_NaiveModel,272.2699890136719,272.2699890136719,2026-08-12
META,_NaiveModel,599.1199951171875,599.1199951171875,2026-08-12
AVGO,_NaiveModel,416.0799865722656,416.0799865722656,2026-08-12
TSM,_NaiveModel,422.05999755859375,422.05999755859375,2026-08-12
ASML,_NaiveModel,1799.3800048828125,1799.3800048828125,2026-08-12
AMD,_NaiveModel,474.3200073242188,474.3200073242188,2026-08-12
ORCL,_NaiveModel,145.47999572753906,145.47999572753906,2026-08-12
PLTR,_NaiveModel,174.94000244140625,174.94000244140625,2026-08-12
CRM,_NaiveModel,197.47000122070312,197.47000122070312,2026-08-12
TSLA,_NaiveModel,332.8099975585937,332.8099975585937,2026-08-12
LLY,_NaiveModel,1215.02001953125,1215.02001953125,2026-08-12
UNH,_NaiveModel,402.1900024414063,402.1900024414063,2026-08-12
MRK,_NaiveModel,130.4199981689453,130.4199981689453,2026-08-12
JNJ,_NaiveModel,259.79998779296875,259.79998779296875,2026-08-12
JPM,_NaiveModel,362.0400085449219,362.0400085449219,2026-08-12
V,_NaiveModel,362.8200073242188,362.8200073242188,2026-08-12
MA,_NaiveModel,561.4400024414062,561.4400024414062,2026-08-12
BRK-B,_NaiveModel,516.3800048828125,516.3800048828125,2026-08-12
WMT,_NaiveModel,113.26000213623048,113.26000213623048,2026-08-12
COST,_NaiveModel,944.3200073242188,944.3200073242188,2026-08-12
MCD,_NaiveModel,274.1499938964844,274.1499938964844,2026-08-12
PG,_NaiveModel,145.2100067138672,145.2100067138672,2026-08-12
XOM,_NaiveModel,159.8000030517578,159.8000030517578,2026-08-12
NEE,_NaiveModel,85.73999786376953,85.73999786376953,2026-08-12
CAT,_NaiveModel,843.3699951171875,843.3699951171875,2026-08-12
LMT,_NaiveModel,597.77001953125,597.77001953125,2026-08-12
NVDA,_NaiveModel,217.5500030517578,217.5500030517578,2026-08-11
MSFT,_NaiveModel,506.05999755859375,506.05999755859375,2026-08-11
AAPL,_NaiveModel,308.260009765625,308.260009765625,2026-08-11
GOOGL,_NaiveModel,357.5199890136719,357.5199890136719,2026-08-11
AMZN,_NaiveModel,278.0899963378906,278.0899963378906,2026-08-11
META,_NaiveModel,594.9199829101562,594.9199829101562,2026-08-11
AVGO,_NaiveModel,422.3999938964844,422.3999938964844,2026-08-11
TSM,_NaiveModel,418.4700012207031,418.4700012207031,2026-08-11
ASML,_NaiveModel,1733.47998046875,1733.47998046875,2026-08-11
AMD,_NaiveModel,469.55999755859375,469.55999755859375,2026-08-11
ORCL,_NaiveModel,151.0500030517578,151.0500030517578,2026-08-11
PLTR,_NaiveModel,175.22999572753906,175.22999572753906,2026-08-11
CRM,_NaiveModel,197.509994506836,197.509994506836,2026-08-11
TSLA,_NaiveModel,330.8800048828125,330.8800048828125,2026-08-11
LLY,_NaiveModel,1231.93994140625,1231.93994140625,2026-08-11
UNH,_NaiveModel,408.739990234375,408.739990234375,2026-08-11
MRK,_NaiveModel,130.9199981689453,130.9199981689453,2026-08-11
JNJ,_NaiveModel,261.8099975585937,261.8099975585937,2026-08-11
JPM,_NaiveModel,359.7900085449219,359.7900085449219,2026-08-11
V,_NaiveModel,361.3200073242188,361.3200073242188,2026-08-11
MA,_NaiveModel,563.1699829101562,563.1699829101562,2026-08-11
BRK-B,_NaiveModel,529.4199829101562,529.4199829101562,2026-08-11
WMT,_NaiveModel,112.66000366210938,112.66000366210938,2026-08-11
COST,_NaiveModel,952.75,952.75,2026-08-11
MCD,_NaiveModel,273.7200012207031,273.7200012207031,2026-08-11
PG,_NaiveModel,146.44000244140625,146.44000244140625,2026-08-11
XOM,_NaiveModel,159.7899932861328,159.7899932861328,2026-08-11
NEE,_NaiveModel,84.69999694824219,84.69999694824219,2026-08-11
CAT,_NaiveModel,837.5800170898438,837.5800170898438,2026-08-11
LMT,_NaiveModel,603.1599731445312,603.1599731445312,2026-08-11
NVDA,_NaiveModel,223.9600067138672,223.9600067138672,2026-08-10
MSFT,_NaiveModel,499.989990234375,499.989990234375,2026-08-10
AAPL,_NaiveModel,313.3299865722656,313.3299865722656,2026-08-10
GOOGL,_NaiveModel,354.29998779296875,354.29998779296875,2026-08-10
AMZN,_NaiveModel,274.4800109863281,274.4800109863281,2026-08-10
META,_NaiveModel,592.0999755859375,592.0999755859375,2026-08-10
AVGO,_NaiveModel,427.760009765625,427.760009765625,2026-08-10
TSM,_NaiveModel,420.0400085449219,420.0400085449219,2026-08-10
ASML,_NaiveModel,1740.989990234375,1740.989990234375,2026-08-10
AMD,_NaiveModel,483.3599853515625,483.3599853515625,2026-08-10
ORCL,_NaiveModel,147.02000427246094,147.02000427246094,2026-08-10
PLTR,_NaiveModel,172.00999450683594,172.00999450683594,2026-08-10
CRM,_NaiveModel,192.7400054931641,192.7400054931641,2026-08-10
TSLA,_NaiveModel,328.5799865722656,328.5799865722656,2026-08-10
LLY,_NaiveModel,1185.7099609375,1185.7099609375,2026-08-10
UNH,_NaiveModel,407.0799865722656,407.0799865722656,2026-08-10
MRK,_NaiveModel,128.5800018310547,128.5800018310547,2026-08-10
JNJ,_NaiveModel,259.239990234375,259.239990234375,2026-08-10
JPM,_NaiveModel,357.5199890136719,357.5199890136719,2026-08-10
V,_NaiveModel,362.5,362.5,2026-08-10
MA,_NaiveModel,562.9500122070312,562.9500122070312,2026-08-10
BRK-B,_NaiveModel,521.7999877929688,521.7999877929688,2026-08-10
WMT,_NaiveModel,111.8499984741211,111.8499984741211,2026-08-10
COST,_NaiveModel,947.8200073242188,947.8200073242188,2026-08-10
MCD,_NaiveModel,274.4800109863281,274.4800109863281,2026-08-10
PG,_NaiveModel,145.7899932861328,145.7899932861328,2026-08-10
XOM,_NaiveModel,153.0399932861328,153.0399932861328,2026-08-10
NEE,_NaiveModel,84.6500015258789,84.6500015258789,2026-08-10
CAT,_NaiveModel,842.1900024414062,842.1900024414062,2026-08-10
LMT,_NaiveModel,587.9500122070312,587.9500122070312,2026-08-10
NVDA,_NaiveModel,223.9600067138672,223.9600067138672,2026-08-10
MSFT,_NaiveModel,499.989990234375,499.989990234375,2026-08-10
AAPL,_NaiveModel,313.3299865722656,313.3299865722656,2026-08-10
GOOGL,_NaiveModel,354.29998779296875,354.29998779296875,2026-08-10
AMZN,_NaiveModel,274.4800109863281,274.4800109863281,2026-08-10
META,_NaiveModel,592.0999755859375,592.0999755859375,2026-08-10
AVGO,_NaiveModel,427.760009765625,427.760009765625,2026-08-10
TSM,_NaiveModel,420.0400085449219,420.0400085449219,2026-08-10
ASML,_NaiveModel,1740.989990234375,1740.989990234375,2026-08-10
AMD,_NaiveModel,483.3599853515625,483.3599853515625,2026-08-10
ORCL,_NaiveModel,147.02000427246094,147.02000427246094,2026-08-10
PLTR,_NaiveModel,172.00999450683594,172.00999450683594,2026-08-10
CRM,_NaiveModel,192.7400054931641,192.7400054931641,2026-08-10
TSLA,_NaiveModel,328.5799865722656,328.5799865722656,2026-08-10
LLY,_NaiveModel,1185.7099609375,1185.7099609375,2026-08-10
UNH,_NaiveModel,407.0799865722656,407.0799865722656,2026-08-10
MRK,_NaiveModel,128.5800018310547,128.5800018310547,2026-08-10
JNJ,_NaiveModel,259.239990234375,259.239990234375,2026-08-10
JPM,_NaiveModel,357.5199890136719,357.5199890136719,2026-08-10
V,_NaiveModel,362.5,362.5,2026-08-10
MA,_NaiveModel,562.9500122070312,562.9500122070312,2026-08-10
BRK-B,_NaiveModel,521.7999877929688,521.7999877929688,2026-08-10
WMT,_NaiveModel,111.8499984741211,111.8499984741211,2026-08-10
COST,_NaiveModel,947.8200073242188,947.8200073242188,2026-08-10
MCD,_NaiveModel,274.4800109863281,274.4800109863281,2026-08-10
PG,_NaiveModel,145.7899932861328,145.7899932861328,2026-08-10
XOM,_NaiveModel,153.0399932861328,153.0399932861328,2026-08-10
NEE,_NaiveModel,84.6500015258789,84.6500015258789,2026-08-10
CAT,_NaiveModel,842.1900024414062,842.1900024414062,2026-08-10
LMT,_NaiveModel,587.9500122070312,587.9500122070312,2026-08-10
NVDA,_NaiveModel,223.9600067138672,223.9600067138672,2026-08-10
MSFT,_NaiveModel,499.989990234375,499.989990234375,2026-08-10
AAPL,_NaiveModel,313.3299865722656,313.3299865722656,2026-08-10
GOOGL,_NaiveModel,354.29998779296875,354.29998779296875,2026-08-10
AMZN,_NaiveModel,274.4800109863281,274.4800109863281,2026-08-10
META,_NaiveModel,592.0999755859375,592.0999755859375,2026-08-10
AVGO,_NaiveModel,427.760009765625,427.760009765625,2026-08-10
TSM,_NaiveModel,420.0400085449219,420.0400085449219,2026-08-10
ASML,_NaiveModel,1740.989990234375,1740.989990234375,2026-08-10
AMD,_NaiveModel,483.3599853515625,483.3599853515625,2026-08-10
ORCL,_NaiveModel,147.02000427246094,147.02000427246094,2026-08-10
PLTR,_NaiveModel,172.00999450683594,172.00999450683594,2026-08-10
CRM,_NaiveModel,192.7400054931641,192.7400054931641,2026-08-10
TSLA,_NaiveModel,328.5799865722656,328.5799865722656,2026-08-10
LLY,_NaiveModel,1185.7099609375,1185.7099609375,2026-08-10
UNH,_NaiveModel,407.0799865722656,407.0799865722656,2026-08-10
MRK,_NaiveModel,128.5800018310547,128.5800018310547,2026-08-10
JNJ,_NaiveModel,259.239990234375,259.239990234375,2026-08-10
JPM,_NaiveModel,357.5199890136719,357.5199890136719,2026-08-10
V,_NaiveModel,362.5,362.5,2026-08-10
MA,_NaiveModel,562.9500122070312,562.9500122070312,2026-08-10
BRK-B,_NaiveModel,521.7999877929688,521.7999877929688,2026-08-10
WMT,_NaiveModel,111.8499984741211,111.8499984741211,2026-08-10
COST,_NaiveModel,947.8200073242188,947.8200073242188,2026-08-10
MCD,_NaiveModel,274.4800109863281,274.4800109863281,2026-08-10
PG,_NaiveModel,145.7899932861328,145.7899932861328,2026-08-10
XOM,_NaiveModel,153.0399932861328,153.0399932861328,2026-08-10
NEE,_NaiveModel,84.6500015258789,84.6500015258789,2026-08-10
CAT,_NaiveModel,842.1900024414062,842.1900024414062,2026-08-10
LMT,_NaiveModel,587.9500122070312,587.9500122070312,2026-08-10
NVDA,_NaiveModel,218.9900054931641,218.9900054931641,2026-08-07
MSFT,_NaiveModel,499.8599853515625,499.8599853515625,2026-08-07
AAPL,_NaiveModel,312.4100036621094,312.4100036621094,2026-08-07
GOOGL,_NaiveModel,357.75,357.75,2026-08-07
AMZN,_NaiveModel,272.260009765625,272.260009765625,2026-08-07
META,_NaiveModel,589.9000244140625,589.9000244140625,2026-08-07
AVGO,_NaiveModel,420.5700073242188,420.5700073242188,2026-08-07
TSM,_NaiveModel,418.2000122070313,418.2000122070313,2026-08-07
ASML,_NaiveModel,1704.3699951171875,1704.3699951171875,2026-08-07
AMD,_NaiveModel,489.2799987792969,489.2799987792969,2026-08-07
ORCL,_NaiveModel,143.47000122070312,143.47000122070312,2026-08-07
PLTR,_NaiveModel,155.9199981689453,155.9199981689453,2026-08-07
CRM,_NaiveModel,186.7700042724609,186.7700042724609,2026-08-07
TSLA,_NaiveModel,319.5299987792969,319.5299987792969,2026-08-07
LLY,_NaiveModel,1191.93994140625,1191.93994140625,2026-08-07
UNH,_NaiveModel,403.9700012207031,403.9700012207031,2026-08-07
MRK,_NaiveModel,128.3699951171875,128.3699951171875,2026-08-07
JNJ,_NaiveModel,256.9800109863281,256.9800109863281,2026-08-07
JPM,_NaiveModel,356.29998779296875,356.29998779296875,2026-08-07
V,_NaiveModel,370.4700012207031,370.4700012207031,2026-08-07
MA,_NaiveModel,575.9500122070312,575.9500122070312,2026-08-07
BRK-B,_NaiveModel,524.6099853515625,524.6099853515625,2026-08-07
WMT,_NaiveModel,112.06999969482422,112.06999969482422,2026-08-07
COST,_NaiveModel,949.1500244140624,949.1500244140624,2026-08-07
MCD,_NaiveModel,276.260009765625,276.260009765625,2026-08-07
PG,_NaiveModel,146.97000122070312,146.97000122070312,2026-08-07
XOM,_NaiveModel,154.83999633789062,154.83999633789062,2026-08-07
NEE,_NaiveModel,84.5999984741211,84.5999984741211,2026-08-07
CAT,_NaiveModel,856.9600219726562,856.9600219726562,2026-08-07
LMT,_NaiveModel,582.8499755859375,582.8499755859375,2026-08-07
NVDA,_NaiveModel,219.22000122070312,219.22000122070312,2026-08-06
MSFT,_NaiveModel,487.4599914550781,487.4599914550781,2026-08-06
AAPL,_NaiveModel,311.0,311.0,2026-08-06
GOOGL,_NaiveModel,362.4299926757813,362.4299926757813,2026-08-06
AMZN,_NaiveModel,272.6499938964844,272.6499938964844,2026-08-06
META,_NaiveModel,588.77001953125,588.77001953125,2026-08-06
AVGO,_NaiveModel,418.2799987792969,418.2799987792969,2026-08-06
TSM,_NaiveModel,414.0,414.0,2026-08-06
ASML,_NaiveModel,1678.219970703125,1678.219970703125,2026-08-06
AMD,_NaiveModel,482.0499877929688,482.0499877929688,2026-08-06
ORCL,_NaiveModel,144.38999938964844,144.38999938964844,2026-08-06
PLTR,_NaiveModel,158.42999267578125,158.42999267578125,2026-08-06
CRM,_NaiveModel,192.97999572753903,192.97999572753903,2026-08-06
TSLA,_NaiveModel,321.54998779296875,321.54998779296875,2026-08-06
LLY,_NaiveModel,1169.8599853515625,1169.8599853515625,2026-08-06
UNH,_NaiveModel,412.75,412.75,2026-08-06
MRK,_NaiveModel,128.3300018310547,128.3300018310547,2026-08-06
JNJ,_NaiveModel,257.5899963378906,257.5899963378906,2026-08-06
JPM,_NaiveModel,359.239990234375,359.239990234375,2026-08-06
V,_NaiveModel,368.5400085449219,368.5400085449219,2026-08-06
MA,_NaiveModel,570.47998046875,570.47998046875,2026-08-06
BRK-B,_NaiveModel,518.8499755859375,518.8499755859375,2026-08-06
WMT,_NaiveModel,112.33999633789062,112.33999633789062,2026-08-06
COST,_NaiveModel,941.989990234375,941.989990234375,2026-08-06
MCD,_NaiveModel,274.0,274.0,2026-08-06
PG,_NaiveModel,146.8000030517578,146.8000030517578,2026-08-06
XOM,_NaiveModel,151.6300048828125,151.6300048828125,2026-08-06
NEE,_NaiveModel,85.91000366210938,85.91000366210938,2026-08-06
CAT,_NaiveModel,871.0800170898438,871.0800170898438,2026-08-06
LMT,_NaiveModel,577.5999755859375,577.5999755859375,2026-08-06
NVDA,_NaiveModel,211.94000244140625,211.94000244140625,2026-08-05
MSFT,_NaiveModel,492.80999755859375,492.80999755859375,2026-08-05
AAPL,_NaiveModel,309.3800048828125,309.3800048828125,2026-08-05
GOOGL,_NaiveModel,377.6499938964844,377.6499938964844,2026-08-05
AMZN,_NaiveModel,277.4200134277344,277.4200134277344,2026-08-05
META,_NaiveModel,587.9400024414062,587.9400024414062,2026-08-05
AVGO,_NaiveModel,418.1600036621094,418.1600036621094,2026-08-05
TSM,_NaiveModel,417.1700134277344,417.1700134277344,2026-08-05
ASML,_NaiveModel,1711.8900146484375,1711.8900146484375,2026-08-05
AMD,_NaiveModel,518.5800170898438,518.5800170898438,2026-08-05
ORCL,_NaiveModel,145.74000549316406,145.74000549316406,2026-08-05
PLTR,_NaiveModel,162.66000366210938,162.66000366210938,2026-08-05
CRM,_NaiveModel,190.9900054931641,190.9900054931641,2026-08-05
TSLA,_NaiveModel,327.3500061035156,327.3500061035156,2026-08-05
LLY,_NaiveModel,1115.6800537109375,1115.6800537109375,2026-08-05
UNH,_NaiveModel,407.5499877929688,407.5499877929688,2026-08-05
MRK,_NaiveModel,128.0,128.0,2026-08-05
JNJ,_NaiveModel,254.92999267578125,254.92999267578125,2026-08-05
JPM,_NaiveModel,357.5199890136719,357.5199890136719,2026-08-05
V,_NaiveModel,369.5899963378906,369.5899963378906,2026-08-05
MA,_NaiveModel,571.0999755859375,571.0999755859375,2026-08-05
BRK-B,_NaiveModel,517.219970703125,517.219970703125,2026-08-05
WMT,_NaiveModel,111.5500030517578,111.5500030517578,2026-08-05
COST,_NaiveModel,947.8499755859376,947.8499755859376,2026-08-05
MCD,_NaiveModel,268.3399963378906,268.3399963378906,2026-08-05
PG,_NaiveModel,148.00999450683594,148.00999450683594,2026-08-05
XOM,_NaiveModel,153.9600067138672,153.9600067138672,2026-08-05
NEE,_NaiveModel,87.19999694824219,87.19999694824219,2026-08-05
CAT,_NaiveModel,876.5399780273438,876.5399780273438,2026-08-05
LMT,_NaiveModel,589.3300170898438,589.3300170898438,2026-08-05
NVDA,_NaiveModel,206.63999938964844,206.63999938964844,2026-08-04
MSFT,_NaiveModel,487.6499938964844,487.6499938964844,2026-08-04
AAPL,_NaiveModel,303.4200134277344,303.4200134277344,2026-08-04
GOOGL,_NaiveModel,373.510009765625,373.510009765625,2026-08-04
AMZN,_NaiveModel,284.0199890136719,284.0199890136719,2026-08-04
META,_NaiveModel,590.239990234375,590.239990234375,2026-08-04
AVGO,_NaiveModel,392.2300109863281,392.2300109863281,2026-08-04
TSM,_NaiveModel,406.1099853515625,406.1099853515625,2026-08-04
ASML,_NaiveModel,1642.52001953125,1642.52001953125,2026-08-04
AMD,_NaiveModel,484.6400146484375,484.6400146484375,2026-08-04
ORCL,_NaiveModel,141.85000610351562,141.85000610351562,2026-08-04
PLTR,_NaiveModel,125.6500015258789,125.6500015258789,2026-08-04
CRM,_NaiveModel,185.9499969482422,185.9499969482422,2026-08-04
TSLA,_NaiveModel,322.0799865722656,322.0799865722656,2026-08-04
LLY,_NaiveModel,1121.3599853515625,1121.3599853515625,2026-08-04
UNH,_NaiveModel,415.3599853515625,415.3599853515625,2026-08-04
MRK,_NaiveModel,127.7699966430664,127.7699966430664,2026-08-04
JNJ,_NaiveModel,254.41000366210932,254.41000366210932,2026-08-04
JPM,_NaiveModel,352.6400146484375,352.6400146484375,2026-08-04
V,_NaiveModel,365.6700134277344,365.6700134277344,2026-08-04
MA,_NaiveModel,570.969970703125,570.969970703125,2026-08-04
BRK-B,_NaiveModel,513.1400146484375,513.1400146484375,2026-08-04
WMT,_NaiveModel,110.70999908447266,110.70999908447266,2026-08-04
COST,_NaiveModel,954.0800170898438,954.0800170898438,2026-08-04
MCD,_NaiveModel,265.2300109863281,265.2300109863281,2026-08-04
PG,_NaiveModel,144.97000122070312,144.97000122070312,2026-08-04
XOM,_NaiveModel,155.05999755859375,155.05999755859375,2026-08-04
NEE,_NaiveModel,86.55000305175781,86.55000305175781,2026-08-04
CAT,_NaiveModel,830.030029296875,830.030029296875,2026-08-04
LMT,_NaiveModel,586.2899780273438,586.2899780273438,2026-08-04
NVDA,_NaiveModel,200.75,200.75,2026-08-03
MSFT,_NaiveModel,464.7200012207031,464.7200012207031,2026-08-03
AAPL,_NaiveModel,308.9100036621094,308.9100036621094,2026-08-03
GOOGL,_NaiveModel,356.1300048828125,356.1300048828125,2026-08-03
AMZN,_NaiveModel,271.5799865722656,271.5799865722656,2026-08-03
META,_NaiveModel,556.7100219726562,556.7100219726562,2026-08-03
AVGO,_NaiveModel,389.2799987792969,389.2799987792969,2026-08-03
TSM,_NaiveModel,404.25,404.25,2026-08-03
ASML,_NaiveModel,1629.0,1629.0,2026-08-03
AMD,_NaiveModel,476.1499938964844,476.1499938964844,2026-08-03
ORCL,_NaiveModel,129.8699951171875,129.8699951171875,2026-08-03
PLTR,_NaiveModel,123.05999755859376,123.05999755859376,2026-08-03
CRM,_NaiveModel,184.0200042724609,184.0200042724609,2026-08-03
TSLA,_NaiveModel,311.2099914550781,311.2099914550781,2026-08-03
LLY,_NaiveModel,1148.8399658203125,1148.8399658203125,2026-08-03
UNH,_NaiveModel,414.3999938964844,414.3999938964844,2026-08-03
MRK,_NaiveModel,130.1999969482422,130.1999969482422,2026-08-03
JNJ,_NaiveModel,256.3500061035156,256.3500061035156,2026-08-03
JPM,_NaiveModel,351.7900085449219,351.7900085449219,2026-08-03
V,_NaiveModel,366.1300048828125,366.1300048828125,2026-08-03
MA,_NaiveModel,573.0999755859375,573.0999755859375,2026-08-03
BRK-B,_NaiveModel,511.5400085449219,511.5400085449219,2026-08-03
WMT,_NaiveModel,111.1999969482422,111.1999969482422,2026-08-03
COST,_NaiveModel,951.8900146484376,951.8900146484376,2026-08-03
MCD,_NaiveModel,270.6400146484375,270.6400146484375,2026-08-03
PG,_NaiveModel,144.49000549316406,144.49000549316406,2026-08-03
XOM,_NaiveModel,155.44000244140625,155.44000244140625,2026-08-03
NEE,_NaiveModel,86.91999816894531,86.91999816894531,2026-08-03
CAT,_NaiveModel,814.8099975585938,814.8099975585938,2026-08-03
LMT,_NaiveModel,582.739990234375,582.739990234375,2026-08-03
NVDA,_NaiveModel,200.75,200.75,2026-08-03
MSFT,_NaiveModel,464.7200012207031,464.7200012207031,2026-08-03
AAPL,_NaiveModel,308.9100036621094,308.9100036621094,2026-08-03
GOOGL,_NaiveModel,356.1300048828125,356.1300048828125,2026-08-03
AMZN,_NaiveModel,271.5799865722656,271.5799865722656,2026-08-03
META,_NaiveModel,556.7100219726562,556.7100219726562,2026-08-03
AVGO,_NaiveModel,389.2799987792969,389.2799987792969,2026-08-03
TSM,_NaiveModel,404.25,404.25,2026-08-03
ASML,_NaiveModel,1629.0,1629.0,2026-08-03
AMD,_NaiveModel,476.1499938964844,476.1499938964844,2026-08-03
ORCL,_NaiveModel,129.8699951171875,129.8699951171875,2026-08-03
PLTR,_NaiveModel,123.05999755859376,123.05999755859376,2026-08-03
CRM,_NaiveModel,184.0200042724609,184.0200042724609,2026-08-03
TSLA,_NaiveModel,311.2099914550781,311.2099914550781,2026-08-03
LLY,_NaiveModel,1148.8399658203125,1148.8399658203125,2026-08-03
UNH,_NaiveModel,414.3999938964844,414.3999938964844,2026-08-03
MRK,_NaiveModel,130.1999969482422,130.1999969482422,2026-08-03
JNJ,_NaiveModel,256.3500061035156,256.3500061035156,2026-08-03
JPM,_NaiveModel,351.7900085449219,351.7900085449219,2026-08-03
V,_NaiveModel,366.1300048828125,366.1300048828125,2026-08-03
MA,_NaiveModel,573.0999755859375,573.0999755859375,2026-08-03
BRK-B,_NaiveModel,511.5400085449219,511.5400085449219,2026-08-03
WMT,_NaiveModel,111.1999969482422,111.1999969482422,2026-08-03
COST,_NaiveModel,951.8900146484376,951.8900146484376,2026-08-03
MCD,_NaiveModel,270.6400146484375,270.6400146484375,2026-08-03
PG,_NaiveModel,144.49000549316406,144.49000549316406,2026-08-03
XOM,_NaiveModel,155.44000244140625,155.44000244140625,2026-08-03
NEE,_NaiveModel,86.91999816894531,86.91999816894531,2026-08-03
CAT,_NaiveModel,814.8099975585938,814.8099975585938,2026-08-03
LMT,_NaiveModel,582.739990234375,582.739990234375,2026-08-03
NVDA,_NaiveModel,200.75,200.75,2026-08-03
MSFT,_NaiveModel,464.7200012207031,464.7200012207031,2026-08-03
AAPL,_NaiveModel,308.9100036621094,308.9100036621094,2026-08-03
GOOGL,_NaiveModel,356.1300048828125,356.1300048828125,2026-08-03
AMZN,_NaiveModel,271.5799865722656,271.5799865722656,2026-08-03
META,_NaiveModel,556.7100219726562,556.7100219726562,2026-08-03
AVGO,_NaiveModel,389.2799987792969,389.2799987792969,2026-08-03
TSM,_NaiveModel,404.25,404.25,2026-08-03
ASML,_NaiveModel,1629.0,1629.0,2026-08-03
AMD,_NaiveModel,476.1499938964844,476.1499938964844,2026-08-03
ORCL,_NaiveModel,129.8699951171875,129.8699951171875,2026-08-03
PLTR,_NaiveModel,123.05999755859376,123.05999755859376,2026-08-03
CRM,_NaiveModel,184.0200042724609,184.0200042724609,2026-08-03
TSLA,_NaiveModel,311.2099914550781,311.2099914550781,2026-08-03
LLY,_NaiveModel,1148.8399658203125,1148.8399658203125,2026-08-03
UNH,_NaiveModel,414.3999938964844,414.3999938964844,2026-08-03
MRK,_NaiveModel,130.1999969482422,130.1999969482422,2026-08-03
JNJ,_NaiveModel,256.3500061035156,256.3500061035156,2026-08-03
JPM,_NaiveModel,351.7900085449219,351.7900085449219,2026-08-03
V,_NaiveModel,366.1300048828125,366.1300048828125,2026-08-03
MA,_NaiveModel,573.0999755859375,573.0999755859375,2026-08-03
BRK-B,_NaiveModel,511.5400085449219,511.5400085449219,2026-08-03
WMT,_NaiveModel,111.1999969482422,111.1999969482422,2026-08-03
COST,_NaiveModel,951.8900146484376,951.8900146484376,2026-08-03
MCD,_NaiveModel,270.6400146484375,270.6400146484375,2026-08-03
PG,_NaiveModel,144.49000549316406,144.49000549316406,2026-08-03
XOM,_NaiveModel,155.44000244140625,155.44000244140625,2026-08-03
NEE,_NaiveModel,86.91999816894531,86.91999816894531,2026-08-03
CAT,_NaiveModel,814.8099975585938,814.8099975585938,2026-08-03
LMT,_NaiveModel,582.739990234375,582.739990234375,2026-08-03
NVDA,_NaiveModel,195.0399932861328,195.0399932861328,2026-07-31
MSFT,_NaiveModel,451.1000061035156,451.1000061035156,2026-07-31
AAPL,_NaiveModel,333.42999267578125,333.42999267578125,2026-07-31
GOOGL,_NaiveModel,333.6600036621094,333.6600036621094,2026-07-31
AMZN,_NaiveModel,235.5,235.5,2026-07-31
META,_NaiveModel,539.030029296875,539.030029296875,2026-07-31
AVGO,_NaiveModel,387.8399963378906,387.8399963378906,2026-07-31
TSM,_NaiveModel,403.30999755859375,403.30999755859375,2026-07-31
ASML,_NaiveModel,1651.43994140625,1651.43994140625,2026-07-31
AMD,_NaiveModel,485.3900146484375,485.3900146484375,2026-07-31
ORCL,_NaiveModel,127.55999755859376,127.55999755859376,2026-07-31
PLTR,_NaiveModel,122.26000213623048,122.26000213623048,2026-07-31
CRM,_NaiveModel,180.7100067138672,180.7100067138672,2026-07-31
TSLA,_NaiveModel,308.8500061035156,308.8500061035156,2026-07-31
LLY,_NaiveModel,1154.969970703125,1154.969970703125,2026-07-31
UNH,_NaiveModel,421.4700012207031,421.4700012207031,2026-07-31
MRK,_NaiveModel,129.7899932861328,129.7899932861328,2026-07-31
JNJ,_NaiveModel,255.82000732421875,255.82000732421875,2026-07-31
JPM,_NaiveModel,350.8500061035156,350.8500061035156,2026-07-31
V,_NaiveModel,366.2699890136719,366.2699890136719,2026-07-31
MA,_NaiveModel,577.3499755859375,577.3499755859375,2026-07-31
BRK-B,_NaiveModel,509.6799926757813,509.6799926757813,2026-07-31
WMT,_NaiveModel,111.0999984741211,111.0999984741211,2026-07-31
COST,_NaiveModel,954.1699829101562,954.1699829101562,2026-07-31
MCD,_NaiveModel,268.44000244140625,268.44000244140625,2026-07-31
PG,_NaiveModel,143.9600067138672,143.9600067138672,2026-07-31
XOM,_NaiveModel,156.97000122070312,156.97000122070312,2026-07-31
NEE,_NaiveModel,87.93000030517578,87.93000030517578,2026-07-31
CAT,_NaiveModel,809.1400146484375,809.1400146484375,2026-07-31
LMT,_NaiveModel,574.1099853515625,574.1099853515625,2026-07-31
NVDA,_NaiveModel,190.009994506836,190.009994506836,2026-07-30
MSFT,_NaiveModel,390.5400085449219,390.5400085449219,2026-07-30
AAPL,_NaiveModel,338.19000244140625,338.19000244140625,2026-07-30
GOOGL,_NaiveModel,336.7099914550781,336.7099914550781,2026-07-30
AMZN,_NaiveModel,226.6499938964844,226.6499938964844,2026-07-30
META,_NaiveModel,585.6099853515625,585.6099853515625,2026-07-30
AVGO,_NaiveModel,370.3200073242188,370.3200073242188,2026-07-30
TSM,_NaiveModel,374.6700134277344,374.6700134277344,2026-07-30
ASML,_NaiveModel,1550.68994140625,1550.68994140625,2026-07-30
AMD,_NaiveModel,429.55999755859375,429.55999755859375,2026-07-30
ORCL,_NaiveModel,117.73999786376952,117.73999786376952,2026-07-30
PLTR,_NaiveModel,123.0,123.0,2026-07-30
CRM,_NaiveModel,188.3800048828125,188.3800048828125,2026-07-30
TSLA,_NaiveModel,298.32000732421875,298.32000732421875,2026-07-30
LLY,_NaiveModel,1210.02001953125,1210.02001953125,2026-07-30
UNH,_NaiveModel,420.5700073242188,420.5700073242188,2026-07-30
MRK,_NaiveModel,130.36000061035156,130.36000061035156,2026-07-30
JNJ,_NaiveModel,265.5299987792969,265.5299987792969,2026-07-30
JPM,_NaiveModel,344.7099914550781,344.7099914550781,2026-07-30
V,_NaiveModel,368.7300109863281,368.7300109863281,2026-07-30
MA,_NaiveModel,563.3200073242188,563.3200073242188,2026-07-30
BRK-B,_NaiveModel,509.1600036621094,509.1600036621094,2026-07-30
WMT,_NaiveModel,114.22000122070312,114.22000122070312,2026-07-30
COST,_NaiveModel,974.030029296875,974.030029296875,2026-07-30
MCD,_NaiveModel,271.5199890136719,271.5199890136719,2026-07-30
PG,_NaiveModel,146.10000610351562,146.10000610351562,2026-07-30
XOM,_NaiveModel,156.75,156.75,2026-07-30
NEE,_NaiveModel,88.45999908447266,88.45999908447266,2026-07-30
CAT,_NaiveModel,782.7100219726562,782.7100219726562,2026-07-30
LMT,_NaiveModel,569.2000122070312,569.2000122070312,2026-07-30
NVDA,_NaiveModel,197.009994506836,197.009994506836,2026-07-29
MSFT,_NaiveModel,393.3500061035156,393.3500061035156,2026-07-29
AAPL,_NaiveModel,340.0799865722656,340.0799865722656,2026-07-29
GOOGL,_NaiveModel,333.7099914550781,333.7099914550781,2026-07-29
AMZN,_NaiveModel,230.8600006103516,230.8600006103516,2026-07-29
META,_NaiveModel,593.4099731445312,593.4099731445312,2026-07-29
AVGO,_NaiveModel,380.9100036621094,380.9100036621094,2026-07-29
TSM,_NaiveModel,392.30999755859375,392.30999755859375,2026-07-29
ASML,_NaiveModel,1582.949951171875,1582.949951171875,2026-07-29
AMD,_NaiveModel,454.6199951171875,454.6199951171875,2026-07-29
ORCL,_NaiveModel,119.95999908447266,119.95999908447266,2026-07-29
PLTR,_NaiveModel,123.52999877929688,123.52999877929688,2026-07-29
CRM,_NaiveModel,181.5,181.5,2026-07-29
TSLA,_NaiveModel,307.44000244140625,307.44000244140625,2026-07-29
LLY,_NaiveModel,1220.6600341796875,1220.6600341796875,2026-07-29
UNH,_NaiveModel,428.7900085449219,428.7900085449219,2026-07-29
MRK,_NaiveModel,131.82000732421875,131.82000732421875,2026-07-29
JNJ,_NaiveModel,266.7300109863281,266.7300109863281,2026-07-29
JPM,_NaiveModel,357.3099975585937,357.3099975585937,2026-07-29
V,_NaiveModel,366.5899963378906,366.5899963378906,2026-07-29
MA,_NaiveModel,562.75,562.75,2026-07-29
BRK-B,_NaiveModel,512.3699951171875,512.3699951171875,2026-07-29
WMT,_NaiveModel,113.0999984741211,113.0999984741211,2026-07-29
COST,_NaiveModel,966.5800170898438,966.5800170898438,2026-07-29
MCD,_NaiveModel,273.0199890136719,273.0199890136719,2026-07-29
PG,_NaiveModel,148.8800048828125,148.8800048828125,2026-07-29
XOM,_NaiveModel,153.0399932861328,153.0399932861328,2026-07-29
NEE,_NaiveModel,89.27999877929688,89.27999877929688,2026-07-29
CAT,_NaiveModel,840.8499755859375,840.8499755859375,2026-07-29
LMT,_NaiveModel,581.3099975585938,581.3099975585938,2026-07-29
NVDA,_NaiveModel,196.509994506836,196.509994506836,2026-07-28
MSFT,_NaiveModel,389.1000061035156,389.1000061035156,2026-07-28
AAPL,_NaiveModel,336.9100036621094,336.9100036621094,2026-07-28
GOOGL,_NaiveModel,326.5599975585937,326.5599975585937,2026-07-28
AMZN,_NaiveModel,231.38999938964844,231.38999938964844,2026-07-28
META,_NaiveModel,593.8699951171875,593.8699951171875,2026-07-28
AVGO,_NaiveModel,383.2200012207031,383.2200012207031,2026-07-28
TSM,_NaiveModel,399.0899963378906,399.0899963378906,2026-07-28
ASML,_NaiveModel,1655.260009765625,1655.260009765625,2026-07-28
AMD,_NaiveModel,494.9500122070313,494.9500122070313,2026-07-28
ORCL,_NaiveModel,119.9000015258789,119.9000015258789,2026-07-28
PLTR,_NaiveModel,131.52999877929688,131.52999877929688,2026-07-28
CRM,_NaiveModel,173.60000610351562,173.60000610351562,2026-07-28
TSLA,_NaiveModel,309.2200012207031,309.2200012207031,2026-07-28
LLY,_NaiveModel,1197.530029296875,1197.530029296875,2026-07-28
UNH,_NaiveModel,417.6400146484375,417.6400146484375,2026-07-28
MRK,_NaiveModel,130.75999450683594,130.75999450683594,2026-07-28
JNJ,_NaiveModel,265.95001220703125,265.95001220703125,2026-07-28
JPM,_NaiveModel,356.20001220703125,356.20001220703125,2026-07-28
V,_NaiveModel,362.5299987792969,362.5299987792969,2026-07-28
MA,_NaiveModel,551.7100219726562,551.7100219726562,2026-07-28
BRK-B,_NaiveModel,497.1799926757813,497.1799926757813,2026-07-28
WMT,_NaiveModel,111.73999786376952,111.73999786376952,2026-07-28
COST,_NaiveModel,951.5800170898438,951.5800170898438,2026-07-28
MCD,_NaiveModel,270.6700134277344,270.6700134277344,2026-07-28
PG,_NaiveModel,148.6300048828125,148.6300048828125,2026-07-28
XOM,_NaiveModel,154.77000427246094,154.77000427246094,2026-07-28
NEE,_NaiveModel,88.83000183105469,88.83000183105469,2026-07-28
CAT,_NaiveModel,873.280029296875,873.280029296875,2026-07-28
LMT,_NaiveModel,580.0,580.0,2026-07-28
NVDA,_NaiveModel,206.83999633789065,206.83999633789065,2026-07-27
MSFT,_NaiveModel,381.7000122070313,381.7000122070313,2026-07-27
AMZN,_NaiveModel,232.1100006103516,232.1100006103516,2026-07-27
AVGO,_NaiveModel,381.9200134277344,381.9200134277344,2026-07-27
TSM,_NaiveModel,403.4100036621094,403.4100036621094,2026-07-27
ASML,_NaiveModel,1757.0899658203125,1757.0899658203125,2026-07-27
AMD,_NaiveModel,521.9500122070312,521.9500122070312,2026-07-27
ORCL,_NaiveModel,114.98999786376952,114.98999786376952,2026-07-27
PLTR,_NaiveModel,122.91999816894533,122.91999816894533,2026-07-27
CRM,_NaiveModel,163.66000366210938,163.66000366210938,2026-07-27
TSLA,_NaiveModel,313.0299987792969,313.0299987792969,2026-07-27
LLY,_NaiveModel,1196.030029296875,1196.030029296875,2026-07-27
UNH,_NaiveModel,420.739990234375,420.739990234375,2026-07-27
MRK,_NaiveModel,131.07000732421875,131.07000732421875,2026-07-27
JNJ,_NaiveModel,263.3999938964844,263.3999938964844,2026-07-27
JPM,_NaiveModel,353.2099914550781,353.2099914550781,2026-07-27
V,_NaiveModel,355.739990234375,355.739990234375,2026-07-27
MA,_NaiveModel,539.6599731445312,539.6599731445312,2026-07-27
BRK-B,_NaiveModel,494.9299926757813,494.9299926757813,2026-07-27
WMT,_NaiveModel,109.47000122070312,109.47000122070312,2026-07-27
COST,_NaiveModel,935.030029296875,935.030029296875,2026-07-27
MCD,_NaiveModel,264.760009765625,264.760009765625,2026-07-27
PG,_NaiveModel,147.41000366210938,147.41000366210938,2026-07-27
CAT,_NaiveModel,888.72998046875,888.72998046875,2026-07-27
LMT,_NaiveModel,582.5999755859375,582.5999755859375,2026-07-27
NVDA,_NaiveModel,206.83999633789065,206.83999633789065,2026-07-27
MSFT,_NaiveModel,381.7000122070313,381.7000122070313,2026-07-27
AAPL,_NaiveModel,333.0199890136719,333.0199890136719,2026-07-27
GOOGL,_NaiveModel,319.739990234375,319.739990234375,2026-07-27
AMZN,_NaiveModel,232.1100006103516,232.1100006103516,2026-07-27
META,_NaiveModel,595.1900024414062,595.1900024414062,2026-07-27
AVGO,_NaiveModel,381.9200134277344,381.9200134277344,2026-07-27
TSM,_NaiveModel,403.4100036621094,403.4100036621094,2026-07-27
ASML,_NaiveModel,1757.0899658203125,1757.0899658203125,2026-07-27
AMD,_NaiveModel,521.9500122070312,521.9500122070312,2026-07-27
ORCL,_NaiveModel,114.98999786376952,114.98999786376952,2026-07-27
PLTR,_NaiveModel,122.91999816894533,122.91999816894533,2026-07-27
CRM,_NaiveModel,163.66000366210938,163.66000366210938,2026-07-27
TSLA,_NaiveModel,313.0299987792969,313.0299987792969,2026-07-27
LLY,_NaiveModel,1196.030029296875,1196.030029296875,2026-07-27
UNH,_NaiveModel,420.739990234375,420.739990234375,2026-07-27
MRK,_NaiveModel,131.07000732421875,131.07000732421875,2026-07-27
JNJ,_NaiveModel,263.3999938964844,263.3999938964844,2026-07-27
JPM,_NaiveModel,353.2099914550781,353.2099914550781,2026-07-27
V,_NaiveModel,355.739990234375,355.739990234375,2026-07-27
MA,_NaiveModel,539.6599731445312,539.6599731445312,2026-07-27
BRK-B,_NaiveModel,494.9299926757813,494.9299926757813,2026-07-27
WMT,_NaiveModel,109.47000122070312,109.47000122070312,2026-07-27
COST,_NaiveModel,935.030029296875,935.030029296875,2026-07-27
MCD,_NaiveModel,264.760009765625,264.760009765625,2026-07-27
PG,_NaiveModel,147.41000366210938,147.41000366210938,2026-07-27
XOM,_NaiveModel,156.94000244140625,156.94000244140625,2026-07-27
NEE,_NaiveModel,89.77999877929688,89.77999877929688,2026-07-27
CAT,_NaiveModel,888.72998046875,888.72998046875,2026-07-27
LMT,_NaiveModel,582.5999755859375,582.5999755859375,2026-07-27
NVDA,_NaiveModel,208.759994506836,208.759994506836,2026-07-24
MSFT,_NaiveModel,381.5799865722656,381.5799865722656,2026-07-24
AAPL,_NaiveModel,321.6600036621094,321.6600036621094,2026-07-24
GOOGL,_NaiveModel,317.69000244140625,317.69000244140625,2026-07-24
AMZN,_NaiveModel,233.66000366210932,233.66000366210932,2026-07-24
META,_NaiveModel,606.0999755859375,606.0999755859375,2026-07-24
AVGO,_NaiveModel,392.4700012207031,392.4700012207031,2026-07-24
TSM,_NaiveModel,415.5799865722656,415.5799865722656,2026-07-24
ASML,_NaiveModel,1803.0,1803.0,2026-07-24
AMD,_NaiveModel,539.6900024414062,539.6900024414062,2026-07-24
ORCL,_NaiveModel,120.04000091552734,120.04000091552734,2026-07-24
PLTR,_NaiveModel,123.37000274658205,123.37000274658205,2026-07-24
CRM,_NaiveModel,156.92999267578125,156.92999267578125,2026-07-24
TSLA,_NaiveModel,319.69000244140625,319.69000244140625,2026-07-24
LLY,_NaiveModel,1185.8699951171875,1185.8699951171875,2026-07-24
UNH,_NaiveModel,423.55999755859375,423.55999755859375,2026-07-24
MRK,_NaiveModel,130.47999572753906,130.47999572753906,2026-07-24
JNJ,_NaiveModel,259.2699890136719,259.2699890136719,2026-07-24
JPM,_NaiveModel,349.8999938964844,349.8999938964844,2026-07-24
V,_NaiveModel,351.6000061035156,351.6000061035156,2026-07-24
MA,_NaiveModel,530.2899780273438,530.2899780273438,2026-07-24
BRK-B,_NaiveModel,490.8500061035156,490.8500061035156,2026-07-24
WMT,_NaiveModel,108.4000015258789,108.4000015258789,2026-07-24
COST,_NaiveModel,926.0599975585938,926.0599975585938,2026-07-24
MCD,_NaiveModel,262.79998779296875,262.79998779296875,2026-07-24
PG,_NaiveModel,146.97000122070312,146.97000122070312,2026-07-24
XOM,_NaiveModel,156.88999938964844,156.88999938964844,2026-07-24
NEE,_NaiveModel,89.79000091552734,89.79000091552734,2026-07-24
CAT,_NaiveModel,894.5399780273438,894.5399780273438,2026-07-24
LMT,_NaiveModel,568.5900268554688,568.5900268554688,2026-07-24
NVDA,_NaiveModel,212.0599975585937,212.0599975585937,2026-07-23
MSFT,_NaiveModel,390.3399963378906,390.3399963378906,2026-07-23
AAPL,_NaiveModel,325.8900146484375,325.8900146484375,2026-07-23
GOOGL,_NaiveModel,342.0899963378906,342.0899963378906,2026-07-23
AMZN,_NaiveModel,244.8500061035156,244.8500061035156,2026-07-23
META,_NaiveModel,627.1699829101562,627.1699829101562,2026-07-23
AVGO,_NaiveModel,396.80999755859375,396.80999755859375,2026-07-23
TSM,_NaiveModel,421.2099914550781,421.2099914550781,2026-07-23
ASML,_NaiveModel,1801.8599853515625,1801.8599853515625,2026-07-23
AMD,_NaiveModel,552.3300170898438,552.3300170898438,2026-07-23
ORCL,_NaiveModel,125.83999633789062,125.83999633789062,2026-07-23
PLTR,_NaiveModel,124.56999969482422,124.56999969482422,2026-07-23
CRM,_NaiveModel,163.0,163.0,2026-07-23
TSLA,_NaiveModel,374.010009765625,374.010009765625,2026-07-23
LLY,_NaiveModel,1163.010009765625,1163.010009765625,2026-07-23
UNH,_NaiveModel,431.30999755859375,431.30999755859375,2026-07-23
MRK,_NaiveModel,127.47000122070312,127.47000122070312,2026-07-23
JNJ,_NaiveModel,255.6300048828125,255.6300048828125,2026-07-23
JPM,_NaiveModel,348.2099914550781,348.2099914550781,2026-07-23
V,_NaiveModel,353.4200134277344,353.4200134277344,2026-07-23
MA,_NaiveModel,531.97998046875,531.97998046875,2026-07-23
BRK-B,_NaiveModel,489.3900146484375,489.3900146484375,2026-07-23
WMT,_NaiveModel,109.33000183105467,109.33000183105467,2026-07-23
COST,_NaiveModel,927.3099975585938,927.3099975585938,2026-07-23
MCD,_NaiveModel,263.57000732421875,263.57000732421875,2026-07-23
PG,_NaiveModel,149.1300048828125,149.1300048828125,2026-07-23
XOM,_NaiveModel,154.4499969482422,154.4499969482422,2026-07-23
NEE,_NaiveModel,89.41000366210938,89.41000366210938,2026-07-23
CAT,_NaiveModel,889.3099975585938,889.3099975585938,2026-07-23
LMT,_NaiveModel,514.3599853515625,514.3599853515625,2026-07-23
NVDA,_NaiveModel,207.2899932861328,207.2899932861328,2026-07-22
MSFT,_NaiveModel,397.75,397.75,2026-07-22
AAPL,_NaiveModel,327.739990234375,327.739990234375,2026-07-22
GOOGL,_NaiveModel,347.1499938964844,347.1499938964844,2026-07-22
AMZN,_NaiveModel,247.5500030517578,247.5500030517578,2026-07-22
META,_NaiveModel,643.8099975585938,643.8099975585938,2026-07-22
AVGO,_NaiveModel,386.5,386.5,2026-07-22
TSM,_NaiveModel,424.6099853515625,424.6099853515625,2026-07-22
ASML,_NaiveModel,1801.510009765625,1801.510009765625,2026-07-22
AMD,_NaiveModel,544.4299926757812,544.4299926757812,2026-07-22
ORCL,_NaiveModel,127.0500030517578,127.0500030517578,2026-07-22
PLTR,_NaiveModel,132.66000366210938,132.66000366210938,2026-07-22
CRM,_NaiveModel,170.05999755859375,170.05999755859375,2026-07-22
TSLA,_NaiveModel,378.9299926757813,378.9299926757813,2026-07-22
LLY,_NaiveModel,1175.4100341796875,1175.4100341796875,2026-07-22
UNH,_NaiveModel,436.3500061035156,436.3500061035156,2026-07-22
MRK,_NaiveModel,126.26000213623048,126.26000213623048,2026-07-22
JNJ,_NaiveModel,250.6100006103516,250.6100006103516,2026-07-22
JPM,_NaiveModel,345.2300109863281,345.2300109863281,2026-07-22
V,_NaiveModel,355.82000732421875,355.82000732421875,2026-07-22
MA,_NaiveModel,538.2999877929688,538.2999877929688,2026-07-22
BRK-B,_NaiveModel,489.6499938964844,489.6499938964844,2026-07-22
WMT,_NaiveModel,110.38999938964844,110.38999938964844,2026-07-22
COST,_NaiveModel,929.219970703125,929.219970703125,2026-07-22
MCD,_NaiveModel,263.9100036621094,263.9100036621094,2026-07-22
PG,_NaiveModel,148.10000610351562,148.10000610351562,2026-07-22
XOM,_NaiveModel,151.7100067138672,151.7100067138672,2026-07-22
NEE,_NaiveModel,87.93000030517578,87.93000030517578,2026-07-22
CAT,_NaiveModel,889.969970703125,889.969970703125,2026-07-22
LMT,_NaiveModel,507.0899963378906,507.0899963378906,2026-07-22
NVDA,_NaiveModel,203.27999877929688,203.27999877929688,2026-07-21
MSFT,_NaiveModel,402.2900085449219,402.2900085449219,2026-07-21
AAPL,_NaiveModel,326.5899963378906,326.5899963378906,2026-07-21
GOOGL,_NaiveModel,351.989990234375,351.989990234375,2026-07-21
AMZN,_NaiveModel,249.9900054931641,249.9900054931641,2026-07-21
META,_NaiveModel,645.8499755859375,645.8499755859375,2026-07-21
AVGO,_NaiveModel,378.1600036621094,378.1600036621094,2026-07-21
TSM,_NaiveModel,402.2999877929688,402.2999877929688,2026-07-21
ASML,_NaiveModel,1739.02001953125,1739.02001953125,2026-07-21
AMD,_NaiveModel,503.5700073242188,503.5700073242188,2026-07-21
ORCL,_NaiveModel,121.37999725341795,121.37999725341795,2026-07-21
PLTR,_NaiveModel,134.85000610351562,134.85000610351562,2026-07-21
CRM,_NaiveModel,173.7899932861328,173.7899932861328,2026-07-21
TSLA,_NaiveModel,369.5700073242188,369.5700073242188,2026-07-21
LLY,_NaiveModel,1146.9000244140625,1146.9000244140625,2026-07-21
UNH,_NaiveModel,421.5499877929688,421.5499877929688,2026-07-21
MRK,_NaiveModel,124.4000015258789,124.4000015258789,2026-07-21
JNJ,_NaiveModel,248.82000732421875,248.82000732421875,2026-07-21
JPM,_NaiveModel,338.8699951171875,338.8699951171875,2026-07-21
V,_NaiveModel,360.5700073242188,360.5700073242188,2026-07-21
MA,_NaiveModel,547.4400024414062,547.4400024414062,2026-07-21
BRK-B,_NaiveModel,491.25,491.25,2026-07-21
WMT,_NaiveModel,112.1999969482422,112.1999969482422,2026-07-21
COST,_NaiveModel,935.7999877929688,935.7999877929688,2026-07-21
MCD,_NaiveModel,267.6400146484375,267.6400146484375,2026-07-21
PG,_NaiveModel,149.1300048828125,149.1300048828125,2026-07-21
XOM,_NaiveModel,148.36000061035156,148.36000061035156,2026-07-21
NEE,_NaiveModel,88.0,88.0,2026-07-21
CAT,_NaiveModel,864.2999877929688,864.2999877929688,2026-07-21
LMT,_NaiveModel,509.5400085449219,509.5400085449219,2026-07-21
NVDA,_NaiveModel,202.8099975585937,202.8099975585937,2026-07-20
MSFT,_NaiveModel,393.8200073242188,393.8200073242188,2026-07-20
AAPL,_NaiveModel,333.739990234375,333.739990234375,2026-07-20
GOOGL,_NaiveModel,346.7699890136719,346.7699890136719,2026-07-20
AMZN,_NaiveModel,247.22999572753903,247.22999572753903,2026-07-20
META,_NaiveModel,646.010009765625,646.010009765625,2026-07-20
AVGO,_NaiveModel,370.8299865722656,370.8299865722656,2026-07-20
TSM,_NaiveModel,398.3699951171875,398.3699951171875,2026-07-20
ASML,_NaiveModel,1747.5799560546875,1747.5799560546875,2026-07-20
AMD,_NaiveModel,495.760009765625,495.760009765625,2026-07-20
ORCL,_NaiveModel,126.41000366210938,126.41000366210938,2026-07-20
PLTR,_NaiveModel,132.3800048828125,132.3800048828125,2026-07-20
CRM,_NaiveModel,170.77000427246094,170.77000427246094,2026-07-20
TSLA,_NaiveModel,380.8399963378906,380.8399963378906,2026-07-20
LLY,_NaiveModel,1179.1099853515625,1179.1099853515625,2026-07-20
UNH,_NaiveModel,426.0899963378906,426.0899963378906,2026-07-20
MRK,_NaiveModel,127.5,127.5,2026-07-20
JNJ,_NaiveModel,253.0399932861328,253.0399932861328,2026-07-20
JPM,_NaiveModel,341.1000061035156,341.1000061035156,2026-07-20
V,_NaiveModel,358.5599975585937,358.5599975585937,2026-07-20
MA,_NaiveModel,543.5999755859375,543.5999755859375,2026-07-20
BRK-B,_NaiveModel,490.9100036621094,490.9100036621094,2026-07-20
WMT,_NaiveModel,114.23999786376952,114.23999786376952,2026-07-20
COST,_NaiveModel,940.8699951171876,940.8699951171876,2026-07-20
MCD,_NaiveModel,267.7099914550781,267.7099914550781,2026-07-20
PG,_NaiveModel,149.97999572753906,149.97999572753906,2026-07-20
XOM,_NaiveModel,147.36000061035156,147.36000061035156,2026-07-20
NEE,_NaiveModel,88.80000305175781,88.80000305175781,2026-07-20
CAT,_NaiveModel,880.280029296875,880.280029296875,2026-07-20
LMT,_NaiveModel,508.7699890136719,508.7699890136719,2026-07-20
NVDA,_NaiveModel,202.8099975585937,202.8099975585937,2026-07-20
MSFT,_NaiveModel,393.8200073242188,393.8200073242188,2026-07-20
AAPL,_NaiveModel,333.739990234375,333.739990234375,2026-07-20
GOOGL,_NaiveModel,346.7699890136719,346.7699890136719,2026-07-20
AMZN,_NaiveModel,247.22999572753903,247.22999572753903,2026-07-20
META,_NaiveModel,646.010009765625,646.010009765625,2026-07-20
AVGO,_NaiveModel,370.8299865722656,370.8299865722656,2026-07-20
TSM,_NaiveModel,398.3699951171875,398.3699951171875,2026-07-20
ASML,_NaiveModel,1747.5799560546875,1747.5799560546875,2026-07-20
AMD,_NaiveModel,495.760009765625,495.760009765625,2026-07-20
ORCL,_NaiveModel,126.41000366210938,126.41000366210938,2026-07-20
PLTR,_NaiveModel,132.3800048828125,132.3800048828125,2026-07-20
CRM,_NaiveModel,170.77000427246094,170.77000427246094,2026-07-20
TSLA,_NaiveModel,380.8399963378906,380.8399963378906,2026-07-20
LLY,_NaiveModel,1179.1099853515625,1179.1099853515625,2026-07-20
UNH,_NaiveModel,426.0899963378906,426.0899963378906,2026-07-20
MRK,_NaiveModel,127.5,127.5,2026-07-20
JNJ,_NaiveModel,253.0399932861328,253.0399932861328,2026-07-20
JPM,_NaiveModel,341.1000061035156,341.1000061035156,2026-07-20
V,_NaiveModel,358.5599975585937,358.5599975585937,2026-07-20
MA,_NaiveModel,543.5999755859375,543.5999755859375,2026-07-20
BRK-B,_NaiveModel,490.9100036621094,490.9100036621094,2026-07-20
WMT,_NaiveModel,114.23999786376952,114.23999786376952,2026-07-20
COST,_NaiveModel,940.8699951171876,940.8699951171876,2026-07-20
MCD,_NaiveModel,267.7099914550781,267.7099914550781,2026-07-20
PG,_NaiveModel,149.97999572753906,149.97999572753906,2026-07-20
XOM,_NaiveModel,147.36000061035156,147.36000061035156,2026-07-20
NEE,_NaiveModel,88.80000305175781,88.80000305175781,2026-07-20
CAT,_NaiveModel,880.280029296875,880.280029296875,2026-07-20
LMT,_NaiveModel,508.7699890136719,508.7699890136719,2026-07-20
NVDA,_NaiveModel,202.8099975585937,202.8099975585937,2026-07-20
MSFT,_NaiveModel,393.8200073242188,393.8200073242188,2026-07-20
AAPL,_NaiveModel,333.739990234375,333.739990234375,2026-07-20
GOOGL,_NaiveModel,346.7699890136719,346.7699890136719,2026-07-20
AMZN,_NaiveModel,247.22999572753903,247.22999572753903,2026-07-20
META,_NaiveModel,646.010009765625,646.010009765625,2026-07-20
AVGO,_NaiveModel,370.8299865722656,370.8299865722656,2026-07-20
TSM,_NaiveModel,398.3699951171875,398.3699951171875,2026-07-20
ASML,_NaiveModel,1747.5799560546875,1747.5799560546875,2026-07-20
AMD,_NaiveModel,495.760009765625,495.760009765625,2026-07-20
ORCL,_NaiveModel,126.41000366210938,126.41000366210938,2026-07-20
PLTR,_NaiveModel,132.3800048828125,132.3800048828125,2026-07-20
CRM,_NaiveModel,170.77000427246094,170.77000427246094,2026-07-20
TSLA,_NaiveModel,380.8399963378906,380.8399963378906,2026-07-20
LLY,_NaiveModel,1179.1099853515625,1179.1099853515625,2026-07-20
UNH,_NaiveModel,426.0899963378906,426.0899963378906,2026-07-20
MRK,_NaiveModel,127.5,127.5,2026-07-20
JNJ,_NaiveModel,253.0399932861328,253.0399932861328,2026-07-20
JPM,_NaiveModel,341.1000061035156,341.1000061035156,2026-07-20
V,_NaiveModel,358.5599975585937,358.5599975585937,2026-07-20
MA,_NaiveModel,543.5999755859375,543.5999755859375,2026-07-20
BRK-B,_NaiveModel,490.9100036621094,490.9100036621094,2026-07-20
WMT,_NaiveModel,114.23999786376952,114.23999786376952,2026-07-20
COST,_NaiveModel,940.8699951171876,940.8699951171876,2026-07-20
MCD,_NaiveModel,267.7099914550781,267.7099914550781,2026-07-20
PG,_NaiveModel,149.97999572753906,149.97999572753906,2026-07-20
XOM,_NaiveModel,147.36000061035156,147.36000061035156,2026-07-20
NEE,_NaiveModel,88.80000305175781,88.80000305175781,2026-07-20
CAT,_NaiveModel,880.280029296875,880.280029296875,2026-07-20
LMT,_NaiveModel,508.7699890136719,508.7699890136719,2026-07-20
NVDA,_NaiveModel,207.3999938964844,207.3999938964844,2026-07-17
MSFT,_NaiveModel,401.1000061035156,401.1000061035156,2026-07-17
AAPL,_NaiveModel,333.260009765625,333.260009765625,2026-07-17
GOOGL,_NaiveModel,354.4599914550781,354.4599914550781,2026-07-17
AMZN,_NaiveModel,249.88999938964844,249.88999938964844,2026-07-17
META,_NaiveModel,664.5399780273438,664.5399780273438,2026-07-17
AVGO,_NaiveModel,374.4500122070313,374.4500122070313,2026-07-17
TSM,_NaiveModel,409.739990234375,409.739990234375,2026-07-17
ASML,_NaiveModel,1784.8699951171875,1784.8699951171875,2026-07-17
AMD,_NaiveModel,500.9400024414063,500.9400024414063,2026-07-17
ORCL,_NaiveModel,124.20999908447266,124.20999908447266,2026-07-17
PLTR,_NaiveModel,134.44000244140625,134.44000244140625,2026-07-17
CRM,_NaiveModel,172.67999267578125,172.67999267578125,2026-07-17
TSLA,_NaiveModel,391.05999755859375,391.05999755859375,2026-07-17
LLY,_NaiveModel,1169.1700439453125,1169.1700439453125,2026-07-17
UNH,_NaiveModel,423.3800048828125,423.3800048828125,2026-07-17
MRK,_NaiveModel,127.62999725341795,127.62999725341795,2026-07-17
JNJ,_NaiveModel,249.97000122070312,249.97000122070312,2026-07-17
JPM,_NaiveModel,343.1499938964844,343.1499938964844,2026-07-17
V,_NaiveModel,365.1400146484375,365.1400146484375,2026-07-17
MA,_NaiveModel,551.5399780273438,551.5399780273438,2026-07-17
BRK-B,_NaiveModel,493.1199951171875,493.1199951171875,2026-07-17
WMT,_NaiveModel,114.9499969482422,114.9499969482422,2026-07-17
COST,_NaiveModel,945.5700073242188,945.5700073242188,2026-07-17
MCD,_NaiveModel,273.4599914550781,273.4599914550781,2026-07-17
PG,_NaiveModel,151.5,151.5,2026-07-17
XOM,_NaiveModel,145.9499969482422,145.9499969482422,2026-07-17
NEE,_NaiveModel,89.3499984741211,89.3499984741211,2026-07-17
CAT,_NaiveModel,877.1699829101562,877.1699829101562,2026-07-17
LMT,_NaiveModel,513.52001953125,513.52001953125,2026-07-17
NVDA,_NaiveModel,212.5,212.5,2026-07-16
MSFT,_NaiveModel,395.6300048828125,395.6300048828125,2026-07-16
AAPL,_NaiveModel,327.5,327.5,2026-07-16
GOOGL,_NaiveModel,370.9200134277344,370.9200134277344,2026-07-16
AMZN,_NaiveModel,254.9600067138672,254.9600067138672,2026-07-16
META,_NaiveModel,681.3099975585938,681.3099975585938,2026-07-16
AVGO,_NaiveModel,394.2799987792969,394.2799987792969,2026-07-16
TSM,_NaiveModel,419.4800109863281,419.4800109863281,2026-07-16
ASML,_NaiveModel,1815.27001953125,1815.27001953125,2026-07-16
AMD,_NaiveModel,529.1400146484375,529.1400146484375,2026-07-16
ORCL,_NaiveModel,132.49000549316406,132.49000549316406,2026-07-16
PLTR,_NaiveModel,133.75999450683594,133.75999450683594,2026-07-16
CRM,_NaiveModel,167.0,167.0,2026-07-16
TSLA,_NaiveModel,394.4599914550781,394.4599914550781,2026-07-16
LLY,_NaiveModel,1156.6300048828125,1156.6300048828125,2026-07-16
UNH,_NaiveModel,418.5199890136719,418.5199890136719,2026-07-16
MRK,_NaiveModel,123.61000061035156,123.61000061035156,2026-07-16
JNJ,_NaiveModel,247.0200042724609,247.0200042724609,2026-07-16
JPM,_NaiveModel,346.9100036621094,346.9100036621094,2026-07-16
V,_NaiveModel,355.1400146484375,355.1400146484375,2026-07-16
MA,_NaiveModel,535.2100219726562,535.2100219726562,2026-07-16
BRK-B,_NaiveModel,488.3500061035156,488.3500061035156,2026-07-16
WMT,_NaiveModel,112.52999877929688,112.52999877929688,2026-07-16
COST,_NaiveModel,916.5399780273438,916.5399780273438,2026-07-16
MCD,_NaiveModel,264.95001220703125,264.95001220703125,2026-07-16
PG,_NaiveModel,148.0500030517578,148.0500030517578,2026-07-16
XOM,_NaiveModel,144.50999450683594,144.50999450683594,2026-07-16
NEE,_NaiveModel,89.0999984741211,89.0999984741211,2026-07-16
CAT,_NaiveModel,914.2999877929688,914.2999877929688,2026-07-16
LMT,_NaiveModel,514.4600219726562,514.4600219726562,2026-07-16
NVDA,_NaiveModel,211.8000030517578,211.8000030517578,2026-07-15
MSFT,_NaiveModel,384.9299926757813,384.9299926757813,2026-07-15
AAPL,_NaiveModel,314.8599853515625,314.8599853515625,2026-07-15
GOOGL,_NaiveModel,359.510009765625,359.510009765625,2026-07-15
AMZN,_NaiveModel,247.4900054931641,247.4900054931641,2026-07-15
META,_NaiveModel,661.0399780273438,661.0399780273438,2026-07-15
AVGO,_NaiveModel,389.1099853515625,389.1099853515625,2026-07-15
TSM,_NaiveModel,420.3900146484375,420.3900146484375,2026-07-15
ASML,_NaiveModel,1775.6400146484375,1775.6400146484375,2026-07-15
AMD,_NaiveModel,548.1300048828125,548.1300048828125,2026-07-15
ORCL,_NaiveModel,127.94000244140624,127.94000244140624,2026-07-15
PLTR,_NaiveModel,133.72000122070312,133.72000122070312,2026-07-15
CRM,_NaiveModel,167.55999755859375,167.55999755859375,2026-07-15
TSLA,_NaiveModel,396.1799926757813,396.1799926757813,2026-07-15
LLY,_NaiveModel,1152.5400390625,1152.5400390625,2026-07-15
UNH,_NaiveModel,425.1900024414063,425.1900024414063,2026-07-15
MRK,_NaiveModel,120.77999877929688,120.77999877929688,2026-07-15
JNJ,_NaiveModel,253.8500061035156,253.8500061035156,2026-07-15
JPM,_NaiveModel,342.8900146484375,342.8900146484375,2026-07-15
V,_NaiveModel,356.0199890136719,356.0199890136719,2026-07-15
MA,_NaiveModel,538.02001953125,538.02001953125,2026-07-15
BRK-B,_NaiveModel,491.0899963378906,491.0899963378906,2026-07-15
WMT,_NaiveModel,113.6999969482422,113.6999969482422,2026-07-15
COST,_NaiveModel,921.75,921.75,2026-07-15
MCD,_NaiveModel,268.94000244140625,268.94000244140625,2026-07-15
PG,_NaiveModel,146.0800018310547,146.0800018310547,2026-07-15
XOM,_NaiveModel,145.08999633789062,145.08999633789062,2026-07-15
NEE,_NaiveModel,89.54000091552734,89.54000091552734,2026-07-15
CAT,_NaiveModel,933.3400268554688,933.3400268554688,2026-07-15
LMT,_NaiveModel,514.989990234375,514.989990234375,2026-07-15
NVDA,_NaiveModel,203.52999877929688,203.52999877929688,2026-07-14
MSFT,_NaiveModel,390.989990234375,390.989990234375,2026-07-14
AAPL,_NaiveModel,317.3099975585937,317.3099975585937,2026-07-14
GOOGL,_NaiveModel,352.510009765625,352.510009765625,2026-07-14
AMZN,_NaiveModel,247.3099975585937,247.3099975585937,2026-07-14
META,_NaiveModel,656.72998046875,656.72998046875,2026-07-14
AVGO,_NaiveModel,384.0499877929688,384.0499877929688,2026-07-14
TSM,_NaiveModel,421.5799865722656,421.5799865722656,2026-07-14
ASML,_NaiveModel,1726.0400390625,1726.0400390625,2026-07-14
AMD,_NaiveModel,534.3900146484375,534.3900146484375,2026-07-14
ORCL,_NaiveModel,131.5399932861328,131.5399932861328,2026-07-14
PLTR,_NaiveModel,130.0399932861328,130.0399932861328,2026-07-14
CRM,_NaiveModel,171.22000122070312,171.22000122070312,2026-07-14
TSLA,_NaiveModel,394.760009765625,394.760009765625,2026-07-14
LLY,_NaiveModel,1181.8699951171875,1181.8699951171875,2026-07-14
UNH,_NaiveModel,429.0899963378906,429.0899963378906,2026-07-14
MRK,_NaiveModel,124.02999877929688,124.02999877929688,2026-07-14
JNJ,_NaiveModel,257.7699890136719,257.7699890136719,2026-07-14
JPM,_NaiveModel,334.5299987792969,334.5299987792969,2026-07-14
V,_NaiveModel,357.75,357.75,2026-07-14
MA,_NaiveModel,537.7000122070312,537.7000122070312,2026-07-14
BRK-B,_NaiveModel,496.8500061035156,496.8500061035156,2026-07-14
WMT,_NaiveModel,114.77999877929688,114.77999877929688,2026-07-14
COST,_NaiveModel,926.4299926757812,926.4299926757812,2026-07-14
MCD,_NaiveModel,272.6099853515625,272.6099853515625,2026-07-14
PG,_NaiveModel,148.3699951171875,148.3699951171875,2026-07-14
XOM,_NaiveModel,144.50999450683594,144.50999450683594,2026-07-14
NEE,_NaiveModel,88.37999725341797,88.37999725341797,2026-07-14
CAT,_NaiveModel,931.469970703125,931.469970703125,2026-07-14
LMT,_NaiveModel,520.6799926757812,520.6799926757812,2026-07-14
NVDA,_NaiveModel,210.9600067138672,210.9600067138672,2026-07-13
MSFT,_NaiveModel,385.1000061035156,385.1000061035156,2026-07-13
AAPL,_NaiveModel,315.32000732421875,315.32000732421875,2026-07-13
GOOGL,_NaiveModel,357.17999267578125,357.17999267578125,2026-07-13
AMZN,_NaiveModel,245.33999633789065,245.33999633789065,2026-07-13
META,_NaiveModel,669.2100219726562,669.2100219726562,2026-07-13
AVGO,_NaiveModel,399.9700012207031,399.9700012207031,2026-07-13
TSM,_NaiveModel,434.1099853515625,434.1099853515625,2026-07-13
ASML,_NaiveModel,1797.3199462890625,1797.3199462890625,2026-07-13
AMD,_NaiveModel,557.8900146484375,557.8900146484375,2026-07-13
ORCL,_NaiveModel,140.63999938964844,140.63999938964844,2026-07-13
PLTR,_NaiveModel,126.79000091552734,126.79000091552734,2026-07-13
CRM,_NaiveModel,163.32000732421875,163.32000732421875,2026-07-13
TSLA,_NaiveModel,407.760009765625,407.760009765625,2026-07-13
LLY,_NaiveModel,1188.5799560546875,1188.5799560546875,2026-07-13
UNH,_NaiveModel,424.6199951171875,424.6199951171875,2026-07-13
MRK,_NaiveModel,123.54000091552734,123.54000091552734,2026-07-13
JNJ,_NaiveModel,256.9800109863281,256.9800109863281,2026-07-13
JPM,_NaiveModel,336.4700012207031,336.4700012207031,2026-07-13
V,_NaiveModel,348.9700012207031,348.9700012207031,2026-07-13
MA,_NaiveModel,526.739990234375,526.739990234375,2026-07-13
BRK-B,_NaiveModel,493.7099914550781,493.7099914550781,2026-07-13
WMT,_NaiveModel,113.9000015258789,113.9000015258789,2026-07-13
COST,_NaiveModel,916.25,916.25,2026-07-13
MCD,_NaiveModel,274.6000061035156,274.6000061035156,2026-07-13
PG,_NaiveModel,147.0399932861328,147.0399932861328,2026-07-13
XOM,_NaiveModel,138.8800048828125,138.8800048828125,2026-07-13
NEE,_NaiveModel,87.95999908447266,87.95999908447266,2026-07-13
CAT,_NaiveModel,952.4099731445312,952.4099731445312,2026-07-13
LMT,_NaiveModel,523.219970703125,523.219970703125,2026-07-13
NVDA,_NaiveModel,210.9600067138672,210.9600067138672,2026-07-13
MSFT,_NaiveModel,385.1000061035156,385.1000061035156,2026-07-13
AAPL,_NaiveModel,315.32000732421875,315.32000732421875,2026-07-13
GOOGL,_NaiveModel,357.17999267578125,357.17999267578125,2026-07-13
AMZN,_NaiveModel,245.33999633789065,245.33999633789065,2026-07-13
META,_NaiveModel,669.2100219726562,669.2100219726562,2026-07-13
AVGO,_NaiveModel,399.9700012207031,399.9700012207031,2026-07-13
TSM,_NaiveModel,434.1099853515625,434.1099853515625,2026-07-13
ASML,_NaiveModel,1797.3199462890625,1797.3199462890625,2026-07-13
AMD,_NaiveModel,557.8900146484375,557.8900146484375,2026-07-13
ORCL,_NaiveModel,140.63999938964844,140.63999938964844,2026-07-13
PLTR,_NaiveModel,126.79000091552734,126.79000091552734,2026-07-13
CRM,_NaiveModel,163.32000732421875,163.32000732421875,2026-07-13
TSLA,_NaiveModel,407.760009765625,407.760009765625,2026-07-13
LLY,_NaiveModel,1188.5799560546875,1188.5799560546875,2026-07-13
UNH,_NaiveModel,424.6199951171875,424.6199951171875,2026-07-13
MRK,_NaiveModel,123.54000091552734,123.54000091552734,2026-07-13
JNJ,_NaiveModel,256.9800109863281,256.9800109863281,2026-07-13
JPM,_NaiveModel,336.4700012207031,336.4700012207031,2026-07-13
V,_NaiveModel,348.9700012207031,348.9700012207031,2026-07-13
MA,_NaiveModel,526.739990234375,526.739990234375,2026-07-13
BRK-B,_NaiveModel,493.7099914550781,493.7099914550781,2026-07-13
WMT,_NaiveModel,113.9000015258789,113.9000015258789,2026-07-13
COST,_NaiveModel,916.25,916.25,2026-07-13
MCD,_NaiveModel,274.6000061035156,274.6000061035156,2026-07-13
PG,_NaiveModel,147.0399932861328,147.0399932861328,2026-07-13
XOM,_NaiveModel,138.8800048828125,138.8800048828125,2026-07-13
NEE,_NaiveModel,87.95999908447266,87.95999908447266,2026-07-13
CAT,_NaiveModel,952.4099731445312,952.4099731445312,2026-07-13
LMT,_NaiveModel,523.219970703125,523.219970703125,2026-07-13
NVDA,_NaiveModel,210.9600067138672,210.9600067138672,2026-07-13
MSFT,_NaiveModel,385.1000061035156,385.1000061035156,2026-07-13
AAPL,_NaiveModel,315.32000732421875,315.32000732421875,2026-07-13
GOOGL,_NaiveModel,357.17999267578125,357.17999267578125,2026-07-13
AMZN,_NaiveModel,245.33999633789065,245.33999633789065,2026-07-13
META,_NaiveModel,669.2100219726562,669.2100219726562,2026-07-13
AVGO,_NaiveModel,399.9700012207031,399.9700012207031,2026-07-13
TSM,_NaiveModel,434.1099853515625,434.1099853515625,2026-07-13
ASML,_NaiveModel,1797.3199462890625,1797.3199462890625,2026-07-13
AMD,_NaiveModel,557.8900146484375,557.8900146484375,2026-07-13
ORCL,_NaiveModel,140.63999938964844,140.63999938964844,2026-07-13
PLTR,_NaiveModel,126.79000091552734,126.79000091552734,2026-07-13
CRM,_NaiveModel,163.32000732421875,163.32000732421875,2026-07-13
TSLA,_NaiveModel,407.760009765625,407.760009765625,2026-07-13
LLY,_NaiveModel,1188.5799560546875,1188.5799560546875,2026-07-13
UNH,_NaiveModel,424.6199951171875,424.6199951171875,2026-07-13
MRK,_NaiveModel,123.54000091552734,123.54000091552734,2026-07-13
JNJ,_NaiveModel,256.9800109863281,256.9800109863281,2026-07-13
JPM,_NaiveModel,336.4700012207031,336.4700012207031,2026-07-13
V,_NaiveModel,348.9700012207031,348.9700012207031,2026-07-13
MA,_NaiveModel,526.739990234375,526.739990234375,2026-07-13
BRK-B,_NaiveModel,493.7099914550781,493.7099914550781,2026-07-13
WMT,_NaiveModel,113.9000015258789,113.9000015258789,2026-07-13
COST,_NaiveModel,916.25,916.25,2026-07-13
MCD,_NaiveModel,274.6000061035156,274.6000061035156,2026-07-13
PG,_NaiveModel,147.0399932861328,147.0399932861328,2026-07-13
XOM,_NaiveModel,138.8800048828125,138.8800048828125,2026-07-13
NEE,_NaiveModel,87.95999908447266,87.95999908447266,2026-07-13
CAT,_NaiveModel,952.4099731445312,952.4099731445312,2026-07-13
LMT,_NaiveModel,523.219970703125,523.219970703125,2026-07-13
NVDA,_NaiveModel,202.77999877929688,202.77999877929688,2026-07-10
MSFT,_NaiveModel,384.3599853515625,384.3599853515625,2026-07-10
AAPL,_NaiveModel,316.2200012207031,316.2200012207031,2026-07-10
GOOGL,_NaiveModel,358.8900146484375,358.8900146484375,2026-07-10
AMZN,_NaiveModel,247.0399932861328,247.0399932861328,2026-07-10
META,_NaiveModel,631.47998046875,631.47998046875,2026-07-10
AVGO,_NaiveModel,401.1099853515625,401.1099853515625,2026-07-10
TSM,_NaiveModel,436.9599914550781,436.9599914550781,2026-07-10
ASML,_NaiveModel,1804.25,1804.25,2026-07-10
AMD,_NaiveModel,546.719970703125,546.719970703125,2026-07-10
ORCL,_NaiveModel,144.22000122070312,144.22000122070312,2026-07-10
PLTR,_NaiveModel,129.0399932861328,129.0399932861328,2026-07-10
CRM,_NaiveModel,162.5,162.5,2026-07-10
TSLA,_NaiveModel,406.5499877929688,406.5499877929688,2026-07-10
LLY,_NaiveModel,1216.949951171875,1216.949951171875,2026-07-10
UNH,_NaiveModel,431.6799926757813,431.6799926757813,2026-07-10
MRK,_NaiveModel,125.06999969482422,125.06999969482422,2026-07-10
JNJ,_NaiveModel,259.1000061035156,259.1000061035156,2026-07-10
JPM,_NaiveModel,335.4700012207031,335.4700012207031,2026-07-10
V,_NaiveModel,348.20001220703125,348.20001220703125,2026-07-10
MA,_NaiveModel,523.2000122070312,523.2000122070312,2026-07-10
BRK-B,_NaiveModel,495.4500122070313,495.4500122070313,2026-07-10
WMT,_NaiveModel,112.20999908447266,112.20999908447266,2026-07-10
COST,_NaiveModel,912.969970703125,912.969970703125,2026-07-10
MCD,_NaiveModel,276.489990234375,276.489990234375,2026-07-10
PG,_NaiveModel,146.85000610351562,146.85000610351562,2026-07-10
XOM,_NaiveModel,137.4600067138672,137.4600067138672,2026-07-10
NEE,_NaiveModel,87.0999984741211,87.0999984741211,2026-07-10
CAT,_NaiveModel,938.3900146484376,938.3900146484376,2026-07-10
LMT,_NaiveModel,518.260009765625,518.260009765625,2026-07-10
NVDA,_NaiveModel,204.1199951171875,204.1199951171875,2026-07-09
MSFT,_NaiveModel,383.3399963378906,383.3399963378906,2026-07-09
AAPL,_NaiveModel,313.3900146484375,313.3900146484375,2026-07-09
GOOGL,_NaiveModel,361.9200134277344,361.9200134277344,2026-07-09
AMZN,_NaiveModel,243.6199951171875,243.6199951171875,2026-07-09
META,_NaiveModel,603.1199951171875,603.1199951171875,2026-07-09
AVGO,_NaiveModel,388.6900024414063,388.6900024414063,2026-07-09
TSM,_NaiveModel,436.9800109863281,436.9800109863281,2026-07-09
ASML,_NaiveModel,1768.6500244140625,1768.6500244140625,2026-07-09
AMD,_NaiveModel,517.4099731445312,517.4099731445312,2026-07-09
ORCL,_NaiveModel,140.49000549316406,140.49000549316406,2026-07-09
PLTR,_NaiveModel,132.22000122070312,132.22000122070312,2026-07-09
CRM,_NaiveModel,166.5800018310547,166.5800018310547,2026-07-09
TSLA,_NaiveModel,394.05999755859375,394.05999755859375,2026-07-09
LLY,_NaiveModel,1215.8299560546875,1215.8299560546875,2026-07-09
UNH,_NaiveModel,425.6000061035156,425.6000061035156,2026-07-09
MRK,_NaiveModel,125.98999786376952,125.98999786376952,2026-07-09
JNJ,_NaiveModel,263.3999938964844,263.3999938964844,2026-07-09
JPM,_NaiveModel,330.6199951171875,330.6199951171875,2026-07-09
V,_NaiveModel,347.5299987792969,347.5299987792969,2026-07-09
MA,_NaiveModel,519.8599853515625,519.8599853515625,2026-07-09
BRK-B,_NaiveModel,494.7900085449219,494.7900085449219,2026-07-09
WMT,_NaiveModel,113.0999984741211,113.0999984741211,2026-07-09
COST,_NaiveModel,953.1300048828124,953.1300048828124,2026-07-09
MCD,_NaiveModel,278.25,278.25,2026-07-09
PG,_NaiveModel,148.39999389648438,148.39999389648438,2026-07-09
XOM,_NaiveModel,141.1300048828125,141.1300048828125,2026-07-09
NEE,_NaiveModel,87.44000244140625,87.44000244140625,2026-07-09
CAT,_NaiveModel,948.0800170898438,948.0800170898438,2026-07-09
LMT,_NaiveModel,527.9600219726562,527.9600219726562,2026-07-09
NVDA,_NaiveModel,196.92999267578125,196.92999267578125,2026-07-08
MSFT,_NaiveModel,388.8399963378906,388.8399963378906,2026-07-08
AAPL,_NaiveModel,310.6600036621094,310.6600036621094,2026-07-08
GOOGL,_NaiveModel,367.0299987792969,367.0299987792969,2026-07-08
AMZN,_NaiveModel,245.97999572753903,245.97999572753903,2026-07-08
META,_NaiveModel,615.5800170898438,615.5800170898438,2026-07-08
AVGO,_NaiveModel,370.7799987792969,370.7799987792969,2026-07-08
TSM,_NaiveModel,432.5700073242188,432.5700073242188,2026-07-08
ASML,_NaiveModel,1747.280029296875,1747.280029296875,2026-07-08
AMD,_NaiveModel,516.1099853515625,516.1099853515625,2026-07-08
ORCL,_NaiveModel,141.60000610351562,141.60000610351562,2026-07-08
PLTR,_NaiveModel,134.3699951171875,134.3699951171875,2026-07-08
CRM,_NaiveModel,169.52000427246094,169.52000427246094,2026-07-08
TSLA,_NaiveModel,402.8999938964844,402.8999938964844,2026-07-08
LLY,_NaiveModel,1235.56005859375,1235.56005859375,2026-07-08
UNH,_NaiveModel,428.1900024414063,428.1900024414063,2026-07-08
MRK,_NaiveModel,128.86000061035156,128.86000061035156,2026-07-08
JNJ,_NaiveModel,267.239990234375,267.239990234375,2026-07-08
JPM,_NaiveModel,339.2200012207031,339.2200012207031,2026-07-08
V,_NaiveModel,352.20001220703125,352.20001220703125,2026-07-08
MA,_NaiveModel,531.6199951171875,531.6199951171875,2026-07-08
BRK-B,_NaiveModel,504.0,504.0,2026-07-08
WMT,_NaiveModel,111.54000091552734,111.54000091552734,2026-07-08
COST,_NaiveModel,947.5,947.5,2026-07-08
MCD,_NaiveModel,282.2099914550781,282.2099914550781,2026-07-08
PG,_NaiveModel,152.75,152.75,2026-07-08
XOM,_NaiveModel,141.69000244140625,141.69000244140625,2026-07-08
NEE,_NaiveModel,88.47000122070312,88.47000122070312,2026-07-08
CAT,_NaiveModel,940.1199951171876,940.1199951171876,2026-07-08
LMT,_NaiveModel,535.3800048828125,535.3800048828125,2026-07-08
NVDA,_NaiveModel,195.5500030517578,195.5500030517578,2026-07-07
MSFT,_NaiveModel,386.739990234375,386.739990234375,2026-07-07
AAPL,_NaiveModel,312.6600036621094,312.6600036621094,2026-07-07
GOOGL,_NaiveModel,366.4599914550781,366.4599914550781,2026-07-07
AMZN,_NaiveModel,244.16000366210932,244.16000366210932,2026-07-07
META,_NaiveModel,600.2899780273438,600.2899780273438,2026-07-07
AVGO,_NaiveModel,373.8999938964844,373.8999938964844,2026-07-07
TSM,_NaiveModel,451.7900085449219,451.7900085449219,2026-07-07
ASML,_NaiveModel,1825.0699462890625,1825.0699462890625,2026-07-07
AMD,_NaiveModel,552.0499877929688,552.0499877929688,2026-07-07
ORCL,_NaiveModel,143.75999450683594,143.75999450683594,2026-07-07
PLTR,_NaiveModel,132.5399932861328,132.5399932861328,2026-07-07
CRM,_NaiveModel,165.64999389648438,165.64999389648438,2026-07-07
TSLA,_NaiveModel,419.7699890136719,419.7699890136719,2026-07-07
LLY,_NaiveModel,1200.06005859375,1200.06005859375,2026-07-07
UNH,_NaiveModel,417.989990234375,417.989990234375,2026-07-07
MRK,_NaiveModel,126.77999877929688,126.77999877929688,2026-07-07
JNJ,_NaiveModel,259.3299865722656,259.3299865722656,2026-07-07
JPM,_NaiveModel,337.7200012207031,337.7200012207031,2026-07-07
V,_NaiveModel,357.25,357.25,2026-07-07
MA,_NaiveModel,533.0999755859375,533.0999755859375,2026-07-07
BRK-B,_NaiveModel,506.5799865722656,506.5799865722656,2026-07-07
WMT,_NaiveModel,110.6500015258789,110.6500015258789,2026-07-07
COST,_NaiveModel,950.25,950.25,2026-07-07
MCD,_NaiveModel,279.5,279.5,2026-07-07
PG,_NaiveModel,149.30999755859375,149.30999755859375,2026-07-07
XOM,_NaiveModel,136.44000244140625,136.44000244140625,2026-07-07
NEE,_NaiveModel,87.44000244140625,87.44000244140625,2026-07-07
CAT,_NaiveModel,969.9199829101562,969.9199829101562,2026-07-07
LMT,_NaiveModel,538.0,538.0,2026-07-07
NVDA,_NaiveModel,194.8300018310547,194.8300018310547,2026-07-03
MSFT,_NaiveModel,390.489990234375,390.489990234375,2026-07-03
AAPL,_NaiveModel,308.6300048828125,308.6300048828125,2026-07-03
GOOGL,_NaiveModel,359.9100036621094,359.9100036621094,2026-07-03
AMZN,_NaiveModel,242.6699981689453,242.6699981689453,2026-07-03
META,_NaiveModel,582.9000244140625,582.9000244140625,2026-07-03
AVGO,_NaiveModel,360.4500122070313,360.4500122070313,2026-07-03
TSM,_NaiveModel,434.1600036621094,434.1600036621094,2026-07-03
ASML,_NaiveModel,1769.3199462890625,1769.3199462890625,2026-07-03
AMD,_NaiveModel,517.8200073242188,517.8200073242188,2026-07-03
ORCL,_NaiveModel,140.27000427246094,140.27000427246094,2026-07-03
PLTR,_NaiveModel,129.3000030517578,129.3000030517578,2026-07-03
CRM,_NaiveModel,166.11000061035156,166.11000061035156,2026-07-03
TSLA,_NaiveModel,393.4500122070313,393.4500122070313,2026-07-03
LLY,_NaiveModel,1213.9100341796875,1213.9100341796875,2026-07-03
UNH,_NaiveModel,425.3599853515625,425.3599853515625,2026-07-03
MRK,_NaiveModel,129.55999755859375,129.55999755859375,2026-07-03
JNJ,_NaiveModel,263.0400085449219,263.0400085449219,2026-07-03
JPM,_NaiveModel,334.4700012207031,334.4700012207031,2026-07-03
V,_NaiveModel,362.1300048828125,362.1300048828125,2026-07-03
MA,_NaiveModel,539.3900146484375,539.3900146484375,2026-07-03
BRK-B,_NaiveModel,507.7799987792969,507.7799987792969,2026-07-03
WMT,_NaiveModel,111.83999633789062,111.83999633789062,2026-07-03
COST,_NaiveModel,951.6699829101562,951.6699829101562,2026-07-03
MCD,_NaiveModel,280.6300048828125,280.6300048828125,2026-07-03
PG,_NaiveModel,151.41000366210938,151.41000366210938,2026-07-03
XOM,_NaiveModel,137.08999633789062,137.08999633789062,2026-07-03
NEE,_NaiveModel,88.33999633789062,88.33999633789062,2026-07-03
CAT,_NaiveModel,963.530029296875,963.530029296875,2026-07-03
LMT,_NaiveModel,545.9099731445312,545.9099731445312,2026-07-03
NVDA,_NaiveModel,194.8300018310547,194.8300018310547,2026-07-03
MSFT,_NaiveModel,390.489990234375,390.489990234375,2026-07-03
AAPL,_NaiveModel,308.6300048828125,308.6300048828125,2026-07-03
GOOGL,_NaiveModel,359.9100036621094,359.9100036621094,2026-07-03
AMZN,_NaiveModel,242.6699981689453,242.6699981689453,2026-07-03
META,_NaiveModel,582.9000244140625,582.9000244140625,2026-07-03
AVGO,_NaiveModel,360.4500122070313,360.4500122070313,2026-07-03
TSM,_NaiveModel,434.1600036621094,434.1600036621094,2026-07-03
ASML,_NaiveModel,1769.3199462890625,1769.3199462890625,2026-07-03
AMD,_NaiveModel,517.8200073242188,517.8200073242188,2026-07-03
ORCL,_NaiveModel,140.27000427246094,140.27000427246094,2026-07-03
PLTR,_NaiveModel,129.3000030517578,129.3000030517578,2026-07-03
CRM,_NaiveModel,166.11000061035156,166.11000061035156,2026-07-03
TSLA,_NaiveModel,393.4500122070313,393.4500122070313,2026-07-03
LLY,_NaiveModel,1213.9100341796875,1213.9100341796875,2026-07-03
UNH,_NaiveModel,425.3599853515625,425.3599853515625,2026-07-03
MRK,_NaiveModel,129.55999755859375,129.55999755859375,2026-07-03
JNJ,_NaiveModel,263.0400085449219,263.0400085449219,2026-07-03
JPM,_NaiveModel,334.4700012207031,334.4700012207031,2026-07-03
V,_NaiveModel,362.1300048828125,362.1300048828125,2026-07-03
MA,_NaiveModel,539.3900146484375,539.3900146484375,2026-07-03
BRK-B,_NaiveModel,507.7799987792969,507.7799987792969,2026-07-03
WMT,_NaiveModel,111.83999633789062,111.83999633789062,2026-07-03
COST,_NaiveModel,951.6699829101562,951.6699829101562,2026-07-03
MCD,_NaiveModel,280.6300048828125,280.6300048828125,2026-07-03
PG,_NaiveModel,151.41000366210938,151.41000366210938,2026-07-03
XOM,_NaiveModel,137.08999633789062,137.08999633789062,2026-07-03
NEE,_NaiveModel,88.33999633789062,88.33999633789062,2026-07-03
CAT,_NaiveModel,963.530029296875,963.530029296875,2026-07-03
LMT,_NaiveModel,545.9099731445312,545.9099731445312,2026-07-03
NVDA,_NaiveModel,194.8300018310547,194.8300018310547,2026-07-03
MSFT,_NaiveModel,390.489990234375,390.489990234375,2026-07-03
AAPL,_NaiveModel,308.6300048828125,308.6300048828125,2026-07-03
GOOGL,_NaiveModel,359.9100036621094,359.9100036621094,2026-07-03
AMZN,_NaiveModel,242.6699981689453,242.6699981689453,2026-07-03
META,_NaiveModel,582.9000244140625,582.9000244140625,2026-07-03
AVGO,_NaiveModel,360.4500122070313,360.4500122070313,2026-07-03
TSM,_NaiveModel,434.1600036621094,434.1600036621094,2026-07-03
ASML,_NaiveModel,1769.3199462890625,1769.3199462890625,2026-07-03
AMD,_NaiveModel,517.8200073242188,517.8200073242188,2026-07-03
ORCL,_NaiveModel,140.27000427246094,140.27000427246094,2026-07-03
PLTR,_NaiveModel,129.3000030517578,129.3000030517578,2026-07-03
CRM,_NaiveModel,166.11000061035156,166.11000061035156,2026-07-03
TSLA,_NaiveModel,393.4500122070313,393.4500122070313,2026-07-03
LLY,_NaiveModel,1213.9100341796875,1213.9100341796875,2026-07-03
UNH,_NaiveModel,425.3599853515625,425.3599853515625,2026-07-03
MRK,_NaiveModel,129.55999755859375,129.55999755859375,2026-07-03
JNJ,_NaiveModel,263.0400085449219,263.0400085449219,2026-07-03
JPM,_NaiveModel,334.4700012207031,334.4700012207031,2026-07-03
V,_NaiveModel,362.1300048828125,362.1300048828125,2026-07-03
MA,_NaiveModel,539.3900146484375,539.3900146484375,2026-07-03
BRK-B,_NaiveModel,507.7799987792969,507.7799987792969,2026-07-03
WMT,_NaiveModel,111.83999633789062,111.83999633789062,2026-07-03
COST,_NaiveModel,951.6699829101562,951.6699829101562,2026-07-03
MCD,_NaiveModel,280.6300048828125,280.6300048828125,2026-07-03
PG,_NaiveModel,151.41000366210938,151.41000366210938,2026-07-03
XOM,_NaiveModel,137.08999633789062,137.08999633789062,2026-07-03
NEE,_NaiveModel,88.33999633789062,88.33999633789062,2026-07-03
CAT,_NaiveModel,963.530029296875,963.530029296875,2026-07-03
LMT,_NaiveModel,545.9099731445312,545.9099731445312,2026-07-03
NVDA,_NaiveModel,194.8300018310547,194.8300018310547,2026-07-03
MSFT,_NaiveModel,390.489990234375,390.489990234375,2026-07-03
AAPL,_NaiveModel,308.6300048828125,308.6300048828125,2026-07-03
GOOGL,_NaiveModel,359.9100036621094,359.9100036621094,2026-07-03
AMZN,_NaiveModel,242.6699981689453,242.6699981689453,2026-07-03
META,_NaiveModel,582.9000244140625,582.9000244140625,2026-07-03
AVGO,_NaiveModel,360.4500122070313,360.4500122070313,2026-07-03
TSM,_NaiveModel,434.1600036621094,434.1600036621094,2026-07-03
ASML,_NaiveModel,1769.3199462890625,1769.3199462890625,2026-07-03
AMD,_NaiveModel,517.8200073242188,517.8200073242188,2026-07-03
ORCL,_NaiveModel,140.27000427246094,140.27000427246094,2026-07-03
PLTR,_NaiveModel,129.3000030517578,129.3000030517578,2026-07-03
CRM,_NaiveModel,166.11000061035156,166.11000061035156,2026-07-03
TSLA,_NaiveModel,393.4500122070313,393.4500122070313,2026-07-03
LLY,_NaiveModel,1213.9100341796875,1213.9100341796875,2026-07-03
UNH,_NaiveModel,425.3599853515625,425.3599853515625,2026-07-03
MRK,_NaiveModel,129.55999755859375,129.55999755859375,2026-07-03
JNJ,_NaiveModel,263.0400085449219,263.0400085449219,2026-07-03
JPM,_NaiveModel,334.4700012207031,334.4700012207031,2026-07-03
V,_NaiveModel,362.1300048828125,362.1300048828125,2026-07-03
MA,_NaiveModel,539.3900146484375,539.3900146484375,2026-07-03
BRK-B,_NaiveModel,507.7799987792969,507.7799987792969,2026-07-03
WMT,_NaiveModel,111.83999633789062,111.83999633789062,2026-07-03
COST,_NaiveModel,951.6699829101562,951.6699829101562,2026-07-03
MCD,_NaiveModel,280.6300048828125,280.6300048828125,2026-07-03
PG,_NaiveModel,151.41000366210938,151.41000366210938,2026-07-03
XOM,_NaiveModel,137.08999633789062,137.08999633789062,2026-07-03
NEE,_NaiveModel,88.33999633789062,88.33999633789062,2026-07-03
CAT,_NaiveModel,963.530029296875,963.530029296875,2026-07-03
LMT,_NaiveModel,545.9099731445312,545.9099731445312,2026-07-03
NVDA,_NaiveModel,197.5800018310547,197.5800018310547,2026-07-02
MSFT,_NaiveModel,384.2799987792969,384.2799987792969,2026-07-02
AAPL,_NaiveModel,294.3800048828125,294.3800048828125,2026-07-02
GOOGL,_NaiveModel,361.2099914550781,361.2099914550781,2026-07-02
AMZN,_NaiveModel,241.6999969482422,241.6999969482422,2026-07-02
META,_NaiveModel,612.9099731445312,612.9099731445312,2026-07-02
AVGO,_NaiveModel,369.3399963378906,369.3399963378906,2026-07-02
TSM,_NaiveModel,444.2300109863281,444.2300109863281,2026-07-02
ASML,_NaiveModel,1843.0400390625,1843.0400390625,2026-07-02
AMD,_NaiveModel,540.8800048828125,540.8800048828125,2026-07-02
ORCL,_NaiveModel,142.5,142.5,2026-07-02
PLTR,_NaiveModel,125.7300033569336,125.7300033569336,2026-07-02
CRM,_NaiveModel,163.22999572753906,163.22999572753906,2026-07-02
TSLA,_NaiveModel,425.2999877929688,425.2999877929688,2026-07-02
LLY,_NaiveModel,1191.739990234375,1191.739990234375,2026-07-02
UNH,_NaiveModel,426.5400085449219,426.5400085449219,2026-07-02
MRK,_NaiveModel,125.37000274658205,125.37000274658205,2026-07-02
JNJ,_NaiveModel,253.97999572753903,253.97999572753903,2026-07-02
JPM,_NaiveModel,334.07000732421875,334.07000732421875,2026-07-02
V,_NaiveModel,351.0799865722656,351.0799865722656,2026-07-02
MA,_NaiveModel,522.4400024414062,522.4400024414062,2026-07-02
BRK-B,_NaiveModel,499.739990234375,499.739990234375,2026-07-02
WMT,_NaiveModel,108.81999969482422,108.81999969482422,2026-07-02
COST,_NaiveModel,924.6699829101562,924.6699829101562,2026-07-02
MCD,_NaiveModel,269.42999267578125,269.42999267578125,2026-07-02
PG,_NaiveModel,147.42999267578125,147.42999267578125,2026-07-02
XOM,_NaiveModel,136.27999877929688,136.27999877929688,2026-07-02
NEE,_NaiveModel,86.37000274658203,86.37000274658203,2026-07-02
CAT,_NaiveModel,991.4099731445312,991.4099731445312,2026-07-02
LMT,_NaiveModel,521.8200073242188,521.8200073242188,2026-07-02
NVDA,_NaiveModel,200.08999633789065,200.08999633789065,2026-07-01
MSFT,_NaiveModel,373.0199890136719,373.0199890136719,2026-07-01
AAPL,_NaiveModel,289.3599853515625,289.3599853515625,2026-07-01
GOOGL,_NaiveModel,357.3699951171875,357.3699951171875,2026-07-01
AMZN,_NaiveModel,238.33999633789065,238.33999633789065,2026-07-01
META,_NaiveModel,563.2899780273438,563.2899780273438,2026-07-01
AVGO,_NaiveModel,377.75,377.75,2026-07-01
TSM,_NaiveModel,477.5700073242188,477.5700073242188,2026-07-01
ASML,_NaiveModel,1989.43994140625,1989.43994140625,2026-07-01
AMD,_NaiveModel,580.9099731445312,580.9099731445312,2026-07-01
ORCL,_NaiveModel,146.5500030517578,146.5500030517578,2026-07-01
PLTR,_NaiveModel,116.66999816894533,116.66999816894533,2026-07-01
CRM,_NaiveModel,156.66000366210938,156.66000366210938,2026-07-01
TSLA,_NaiveModel,420.6000061035156,420.6000061035156,2026-07-01
LLY,_NaiveModel,1199.4300537109375,1199.4300537109375,2026-07-01
UNH,_NaiveModel,415.6300048828125,415.6300048828125,2026-07-01
MRK,_NaiveModel,128.5,128.5,2026-07-01
JNJ,_NaiveModel,253.97000122070312,253.97000122070312,2026-07-01
JPM,_NaiveModel,327.3299865722656,327.3299865722656,2026-07-01
V,_NaiveModel,343.0899963378906,343.0899963378906,2026-07-01
MA,_NaiveModel,513.5999755859375,513.5999755859375,2026-07-01
BRK-B,_NaiveModel,500.3900146484375,500.3900146484375,2026-07-01
WMT,_NaiveModel,113.26000213623048,113.26000213623048,2026-07-01
COST,_NaiveModel,935.469970703125,935.469970703125,2026-07-01
MCD,_NaiveModel,270.3099975585937,270.3099975585937,2026-07-01
PG,_NaiveModel,146.63999938964844,146.63999938964844,2026-07-01
XOM,_NaiveModel,136.72000122070312,136.72000122070312,2026-07-01
NEE,_NaiveModel,87.7699966430664,87.7699966430664,2026-07-01
CAT,_NaiveModel,1064.9000244140625,1064.9000244140625,2026-07-01
LMT,_NaiveModel,509.4599914550781,509.4599914550781,2026-07-01
NVDA,_NaiveModel,194.97000122070312,194.97000122070312,2026-06-30
MSFT,_NaiveModel,368.5700073242188,368.5700073242188,2026-06-30
AAPL,_NaiveModel,281.739990234375,281.739990234375,2026-06-30
GOOGL,_NaiveModel,353.6499938964844,353.6499938964844,2026-06-30
AMZN,_NaiveModel,240.13999938964844,240.13999938964844,2026-06-30
META,_NaiveModel,562.5999755859375,562.5999755859375,2026-06-30
AVGO,_NaiveModel,372.4500122070313,372.4500122070313,2026-06-30
TSM,_NaiveModel,455.1000061035156,455.1000061035156,2026-06-30
ASML,_NaiveModel,1883.1099853515625,1883.1099853515625,2026-06-30
AMD,_NaiveModel,539.489990234375,539.489990234375,2026-06-30
ORCL,_NaiveModel,147.75999450683594,147.75999450683594,2026-06-30
PLTR,_NaiveModel,115.6999969482422,115.6999969482422,2026-06-30
CRM,_NaiveModel,157.92999267578125,157.92999267578125,2026-06-30
TSLA,_NaiveModel,411.8399963378906,411.8399963378906,2026-06-30
LLY,_NaiveModel,1229.9300537109375,1229.9300537109375,2026-06-30
UNH,_NaiveModel,419.8200073242188,419.8200073242188,2026-06-30
MRK,_NaiveModel,129.3800048828125,129.3800048828125,2026-06-30
JNJ,_NaiveModel,258.510009765625,258.510009765625,2026-06-30
JPM,_NaiveModel,329.3900146484375,329.3900146484375,2026-06-30
V,_NaiveModel,341.6499938964844,341.6499938964844,2026-06-30
MA,_NaiveModel,509.6400146484375,509.6400146484375,2026-06-30
BRK-B,_NaiveModel,496.0,496.0,2026-06-30
WMT,_NaiveModel,114.5999984741211,114.5999984741211,2026-06-30
COST,_NaiveModel,946.6799926757812,946.6799926757812,2026-06-30
MCD,_NaiveModel,267.17999267578125,267.17999267578125,2026-06-30
PG,_NaiveModel,148.4499969482422,148.4499969482422,2026-06-30
XOM,_NaiveModel,136.05999755859375,136.05999755859375,2026-06-30
NEE,_NaiveModel,88.66000366210938,88.66000366210938,2026-06-30
CAT,_NaiveModel,1033.18994140625,1033.18994140625,2026-06-30
LMT,_NaiveModel,502.0700073242188,502.0700073242188,2026-06-30
NVDA,_NaiveModel,192.52999877929688,192.52999877929688,2026-06-29
MSFT,_NaiveModel,372.9700012207031,372.9700012207031,2026-06-29
AAPL,_NaiveModel,283.7799987792969,283.7799987792969,2026-06-29
GOOGL,_NaiveModel,337.3900146484375,337.3900146484375,2026-06-29
AMZN,_NaiveModel,232.69000244140625,232.69000244140625,2026-06-29
META,_NaiveModel,550.25,550.25,2026-06-29
AVGO,_NaiveModel,365.0199890136719,365.0199890136719,2026-06-29
TSM,_NaiveModel,432.3500061035156,432.3500061035156,2026-06-29
ASML,_NaiveModel,1794.6199951171875,1794.6199951171875,2026-06-29
AMD,_NaiveModel,521.5800170898438,521.5800170898438,2026-06-29
ORCL,_NaiveModel,148.52999877929688,148.52999877929688,2026-06-29
PLTR,_NaiveModel,112.93000030517578,112.93000030517578,2026-06-29
CRM,_NaiveModel,158.3699951171875,158.3699951171875,2026-06-29
TSLA,_NaiveModel,379.7099914550781,379.7099914550781,2026-06-29
LLY,_NaiveModel,1208.1199951171875,1208.1199951171875,2026-06-29
UNH,_NaiveModel,427.8900146484375,427.8900146484375,2026-06-29
MRK,_NaiveModel,128.66000366210938,128.66000366210938,2026-06-29
JNJ,_NaiveModel,254.66000366210932,254.66000366210932,2026-06-29
JPM,_NaiveModel,329.04998779296875,329.04998779296875,2026-06-29
V,_NaiveModel,336.2300109863281,336.2300109863281,2026-06-29
MA,_NaiveModel,499.0199890136719,499.0199890136719,2026-06-29
BRK-B,_NaiveModel,498.6600036621094,498.6600036621094,2026-06-29
WMT,_NaiveModel,115.69000244140624,115.69000244140624,2026-06-29
COST,_NaiveModel,952.5399780273438,952.5399780273438,2026-06-29
MCD,_NaiveModel,269.760009765625,269.760009765625,2026-06-29
PG,_NaiveModel,149.02000427246094,149.02000427246094,2026-06-29
XOM,_NaiveModel,136.5399932861328,136.5399932861328,2026-06-29
NEE,_NaiveModel,88.55999755859375,88.55999755859375,2026-06-29
CAT,_NaiveModel,997.469970703125,997.469970703125,2026-06-29
LMT,_NaiveModel,507.3999938964844,507.3999938964844,2026-06-29
NVDA,_NaiveModel,192.52999877929688,192.52999877929688,2026-06-29
MSFT,_NaiveModel,372.9700012207031,372.9700012207031,2026-06-29
AAPL,_NaiveModel,283.7799987792969,283.7799987792969,2026-06-29
GOOGL,_NaiveModel,337.3900146484375,337.3900146484375,2026-06-29
AMZN,_NaiveModel,232.69000244140625,232.69000244140625,2026-06-29
META,_NaiveModel,550.25,550.25,2026-06-29
AVGO,_NaiveModel,365.0199890136719,365.0199890136719,2026-06-29
TSM,_NaiveModel,432.3500061035156,432.3500061035156,2026-06-29
ASML,_NaiveModel,1794.6199951171875,1794.6199951171875,2026-06-29
AMD,_NaiveModel,521.5800170898438,521.5800170898438,2026-06-29
ORCL,_NaiveModel,148.52999877929688,148.52999877929688,2026-06-29
PLTR,_NaiveModel,112.93000030517578,112.93000030517578,2026-06-29
CRM,_NaiveModel,158.3699951171875,158.3699951171875,2026-06-29
TSLA,_NaiveModel,379.7099914550781,379.7099914550781,2026-06-29
LLY,_NaiveModel,1208.1199951171875,1208.1199951171875,2026-06-29
UNH,_NaiveModel,427.8900146484375,427.8900146484375,2026-06-29
MRK,_NaiveModel,128.66000366210938,128.66000366210938,2026-06-29
JNJ,_NaiveModel,254.66000366210932,254.66000366210932,2026-06-29
JPM,_NaiveModel,329.04998779296875,329.04998779296875,2026-06-29
V,_NaiveModel,336.2300109863281,336.2300109863281,2026-06-29
MA,_NaiveModel,499.0199890136719,499.0199890136719,2026-06-29
BRK-B,_NaiveModel,498.6600036621094,498.6600036621094,2026-06-29
WMT,_NaiveModel,115.69000244140624,115.69000244140624,2026-06-29
COST,_NaiveModel,952.5399780273438,952.5399780273438,2026-06-29
MCD,_NaiveModel,269.760009765625,269.760009765625,2026-06-29
PG,_NaiveModel,149.02000427246094,149.02000427246094,2026-06-29
XOM,_NaiveModel,136.5399932861328,136.5399932861328,2026-06-29
NEE,_NaiveModel,88.55999755859375,88.55999755859375,2026-06-29
CAT,_NaiveModel,997.469970703125,997.469970703125,2026-06-29
LMT,_NaiveModel,507.3999938964844,507.3999938964844,2026-06-29
NVDA,_NaiveModel,195.7400054931641,195.7400054931641,2026-06-26
MSFT,_NaiveModel,352.8299865722656,352.8299865722656,2026-06-26
AAPL,_NaiveModel,275.1499938964844,275.1499938964844,2026-06-26
GOOGL,_NaiveModel,343.7099914550781,343.7099914550781,2026-06-26
AMZN,_NaiveModel,227.009994506836,227.009994506836,2026-06-26
META,_NaiveModel,542.8699951171875,542.8699951171875,2026-06-26
AVGO,_NaiveModel,378.9100036621094,378.9100036621094,2026-06-26
TSM,_NaiveModel,434.989990234375,434.989990234375,2026-06-26
ASML,_NaiveModel,1841.1800537109373,1841.1800537109373,2026-06-26
AMD,_NaiveModel,532.5700073242188,532.5700073242188,2026-06-26
ORCL,_NaiveModel,152.4600067138672,152.4600067138672,2026-06-26
PLTR,_NaiveModel,107.2699966430664,107.2699966430664,2026-06-26
CRM,_NaiveModel,150.19000244140625,150.19000244140625,2026-06-26
TSLA,_NaiveModel,375.1199951171875,375.1199951171875,2026-06-26
LLY,_NaiveModel,1127.68994140625,1127.68994140625,2026-06-26
UNH,_NaiveModel,415.5299987792969,415.5299987792969,2026-06-26
MRK,_NaiveModel,125.4499969482422,125.4499969482422,2026-06-26
JNJ,_NaiveModel,244.8800048828125,244.8800048828125,2026-06-26
JPM,_NaiveModel,335.1199951171875,335.1199951171875,2026-06-26
V,_NaiveModel,330.5199890136719,330.5199890136719,2026-06-26
MA,_NaiveModel,488.9200134277344,488.9200134277344,2026-06-26
BRK-B,_NaiveModel,487.80999755859375,487.80999755859375,2026-06-26
WMT,_NaiveModel,115.77999877929688,115.77999877929688,2026-06-26
COST,_NaiveModel,942.239990234375,942.239990234375,2026-06-26
MCD,_NaiveModel,264.5400085449219,264.5400085449219,2026-06-26
PG,_NaiveModel,148.5,148.5,2026-06-26
XOM,_NaiveModel,137.5500030517578,137.5500030517578,2026-06-26
NEE,_NaiveModel,87.69999694824219,87.69999694824219,2026-06-26
CAT,_NaiveModel,1057.010009765625,1057.010009765625,2026-06-26
LMT,_NaiveModel,505.0199890136719,505.0199890136719,2026-06-26
NVDA,_NaiveModel,199.0,199.0,2026-06-25
MSFT,_NaiveModel,365.4599914550781,365.4599914550781,2026-06-25
AAPL,_NaiveModel,293.0799865722656,293.0799865722656,2026-06-25
GOOGL,_NaiveModel,345.2900085449219,345.2900085449219,2026-06-25
AMZN,_NaiveModel,234.2700042724609,234.2700042724609,2026-06-25
META,_NaiveModel,557.6699829101562,557.6699829101562,2026-06-25
AVGO,_NaiveModel,382.0700073242188,382.0700073242188,2026-06-25
TSM,_NaiveModel,440.8299865722656,440.8299865722656,2026-06-25
ASML,_NaiveModel,1762.77001953125,1762.77001953125,2026-06-25
AMD,_NaiveModel,519.739990234375,519.739990234375,2026-06-25
ORCL,_NaiveModel,157.52999877929688,157.52999877929688,2026-06-25
PLTR,_NaiveModel,113.5,113.5,2026-06-25
CRM,_NaiveModel,152.75999450683594,152.75999450683594,2026-06-25
TSLA,_NaiveModel,375.5299987792969,375.5299987792969,2026-06-25
LLY,_NaiveModel,1117.260009765625,1117.260009765625,2026-06-25
UNH,_NaiveModel,405.7999877929688,405.7999877929688,2026-06-25
MRK,_NaiveModel,120.5999984741211,120.5999984741211,2026-06-25
JNJ,_NaiveModel,241.0,241.0,2026-06-25
JPM,_NaiveModel,333.45001220703125,333.45001220703125,2026-06-25
V,_NaiveModel,332.2300109863281,332.2300109863281,2026-06-25
MA,_NaiveModel,494.4100036621094,494.4100036621094,2026-06-25
BRK-B,_NaiveModel,494.80999755859375,494.80999755859375,2026-06-25
WMT,_NaiveModel,119.0,119.0,2026-06-25
COST,_NaiveModel,961.0900268554688,961.0900268554688,2026-06-25
MCD,_NaiveModel,273.8800048828125,273.8800048828125,2026-06-25
PG,_NaiveModel,152.0399932861328,152.0399932861328,2026-06-25
XOM,_NaiveModel,136.89999389648438,136.89999389648438,2026-06-25
NEE,_NaiveModel,87.62000274658203,87.62000274658203,2026-06-25
CAT,_NaiveModel,994.4500122070312,994.4500122070312,2026-06-25
LMT,_NaiveModel,491.6400146484375,491.6400146484375,2026-06-25
NVDA,_NaiveModel,200.0399932861328,200.0399932861328,2026-06-24
MSFT,_NaiveModel,373.9400024414063,373.9400024414063,2026-06-24
AAPL,_NaiveModel,294.29998779296875,294.29998779296875,2026-06-24
GOOGL,_NaiveModel,346.1300048828125,346.1300048828125,2026-06-24
AMZN,_NaiveModel,234.1100006103516,234.1100006103516,2026-06-24
META,_NaiveModel,562.2000122070312,562.2000122070312,2026-06-24
AVGO,_NaiveModel,380.1499938964844,380.1499938964844,2026-06-24
TSM,_NaiveModel,436.3900146484375,436.3900146484375,2026-06-24
ASML,_NaiveModel,1778.4599609375,1778.4599609375,2026-06-24
AMD,_NaiveModel,519.8499755859375,519.8499755859375,2026-06-24
ORCL,_NaiveModel,165.16000366210938,165.16000366210938,2026-06-24
PLTR,_NaiveModel,116.6999969482422,116.6999969482422,2026-06-24
CRM,_NaiveModel,153.4199981689453,153.4199981689453,2026-06-24
TSLA,_NaiveModel,381.6099853515625,381.6099853515625,2026-06-24
LLY,_NaiveModel,1107.0799560546875,1107.0799560546875,2026-06-24
UNH,_NaiveModel,409.25,409.25,2026-06-24
MRK,_NaiveModel,119.5999984741211,119.5999984741211,2026-06-24
JNJ,_NaiveModel,239.0800018310547,239.0800018310547,2026-06-24
JPM,_NaiveModel,334.1400146484375,334.1400146484375,2026-06-24
V,_NaiveModel,328.4800109863281,328.4800109863281,2026-06-24
MA,_NaiveModel,488.0700073242188,488.0700073242188,2026-06-24
BRK-B,_NaiveModel,492.80999755859375,492.80999755859375,2026-06-24
WMT,_NaiveModel,119.41999816894533,119.41999816894533,2026-06-24
COST,_NaiveModel,957.6799926757812,957.6799926757812,2026-06-24
MCD,_NaiveModel,271.6600036621094,271.6600036621094,2026-06-24
PG,_NaiveModel,150.86000061035156,150.86000061035156,2026-06-24
XOM,_NaiveModel,139.72999572753906,139.72999572753906,2026-06-24
NEE,_NaiveModel,86.43000030517578,86.43000030517578,2026-06-24
CAT,_NaiveModel,984.239990234375,984.239990234375,2026-06-24
LMT,_NaiveModel,503.6700134277344,503.6700134277344,2026-06-24
NVDA,_NaiveModel,208.6499938964844,208.6499938964844,2026-06-23
MSFT,_NaiveModel,367.3399963378906,367.3399963378906,2026-06-23
AAPL,_NaiveModel,297.010009765625,297.010009765625,2026-06-23
GOOGL,_NaiveModel,349.67999267578125,349.67999267578125,2026-06-23
AMZN,_NaiveModel,232.7899932861328,232.7899932861328,2026-06-23
META,_NaiveModel,563.8499755859375,563.8499755859375,2026-06-23
AVGO,_NaiveModel,392.1300048828125,392.1300048828125,2026-06-23
TSM,_NaiveModel,467.6700134277344,467.6700134277344,2026-06-23
ASML,_NaiveModel,1929.25,1929.25,2026-06-23
AMD,_NaiveModel,551.6300048828125,551.6300048828125,2026-06-23
ORCL,_NaiveModel,175.07000732421875,175.07000732421875,2026-06-23
PLTR,_NaiveModel,119.5,119.5,2026-06-23
CRM,_NaiveModel,150.1199951171875,150.1199951171875,2026-06-23
TSLA,_NaiveModel,405.0499877929688,405.0499877929688,2026-06-23
LLY,_NaiveModel,1102.0799560546875,1102.0799560546875,2026-06-23
UNH,_NaiveModel,406.6799926757813,406.6799926757813,2026-06-23
MRK,_NaiveModel,115.4800033569336,115.4800033569336,2026-06-23
JNJ,_NaiveModel,231.2899932861328,231.2899932861328,2026-06-23
JPM,_NaiveModel,331.4800109863281,331.4800109863281,2026-06-23
V,_NaiveModel,326.6000061035156,326.6000061035156,2026-06-23
MA,_NaiveModel,484.0899963378906,484.0899963378906,2026-06-23
BRK-B,_NaiveModel,488.6900024414063,488.6900024414063,2026-06-23
WMT,_NaiveModel,117.18000030517578,117.18000030517578,2026-06-23
COST,_NaiveModel,951.3499755859376,951.3499755859376,2026-06-23
MCD,_NaiveModel,270.1000061035156,270.1000061035156,2026-06-23
PG,_NaiveModel,147.67999267578125,147.67999267578125,2026-06-23
XOM,_NaiveModel,138.47000122070312,138.47000122070312,2026-06-23
NEE,_NaiveModel,86.08000183105469,86.08000183105469,2026-06-23
CAT,_NaiveModel,1022.280029296875,1022.280029296875,2026-06-23
LMT,_NaiveModel,493.6000061035156,493.6000061035156,2026-06-23
NVDA,_NaiveModel,210.69000244140625,210.69000244140625,2026-06-19
MSFT,_NaiveModel,379.3999938964844,379.3999938964844,2026-06-19
AAPL,_NaiveModel,298.010009765625,298.010009765625,2026-06-19
GOOGL,_NaiveModel,368.0299987792969,368.0299987792969,2026-06-19
AMZN,_NaiveModel,244.38999938964844,244.38999938964844,2026-06-19
META,_NaiveModel,577.219970703125,577.219970703125,2026-06-19
AVGO,_NaiveModel,411.3500061035156,411.3500061035156,2026-06-19
TSM,_NaiveModel,462.1199951171875,462.1199951171875,2026-06-19
ASML,_NaiveModel,1929.6800537109373,1929.6800537109373,2026-06-19
AMD,_NaiveModel,537.3699951171875,537.3699951171875,2026-06-19
ORCL,_NaiveModel,184.2899932861328,184.2899932861328,2026-06-19
PLTR,_NaiveModel,128.47000122070312,128.47000122070312,2026-06-19
CRM,_NaiveModel,151.77999877929688,151.77999877929688,2026-06-19
TSLA,_NaiveModel,400.489990234375,400.489990234375,2026-06-19
LLY,_NaiveModel,1098.5699462890625,1098.5699462890625,2026-06-19
UNH,_NaiveModel,400.9599914550781,400.9599914550781,2026-06-19
MRK,_NaiveModel,113.87000274658205,113.87000274658205,2026-06-19
JNJ,_NaiveModel,228.38999938964844,228.38999938964844,2026-06-19
JPM,_NaiveModel,325.2200012207031,325.2200012207031,2026-06-19
V,_NaiveModel,327.239990234375,327.239990234375,2026-06-19
MA,_NaiveModel,489.7900085449219,489.7900085449219,2026-06-19
BRK-B,_NaiveModel,489.4599914550781,489.4599914550781,2026-06-19
WMT,_NaiveModel,117.18000030517578,117.18000030517578,2026-06-19
COST,_NaiveModel,951.4500122070312,951.4500122070312,2026-06-19
MCD,_NaiveModel,278.6099853515625,278.6099853515625,2026-06-19
PG,_NaiveModel,150.3800048828125,150.3800048828125,2026-06-19
XOM,_NaiveModel,137.80999755859375,137.80999755859375,2026-06-19
NEE,_NaiveModel,86.75,86.75,2026-06-19
CAT,_NaiveModel,985.8200073242188,985.8200073242188,2026-06-19
LMT,_NaiveModel,510.9500122070313,510.9500122070313,2026-06-19
NVDA,_NaiveModel,210.69000244140625,210.69000244140625,2026-06-19
MSFT,_NaiveModel,379.3999938964844,379.3999938964844,2026-06-19
AAPL,_NaiveModel,298.010009765625,298.010009765625,2026-06-19
GOOGL,_NaiveModel,368.0299987792969,368.0299987792969,2026-06-19
AMZN,_NaiveModel,244.38999938964844,244.38999938964844,2026-06-19
META,_NaiveModel,577.219970703125,577.219970703125,2026-06-19
AVGO,_NaiveModel,411.3500061035156,411.3500061035156,2026-06-19
TSM,_NaiveModel,462.1199951171875,462.1199951171875,2026-06-19
ASML,_NaiveModel,1929.6800537109373,1929.6800537109373,2026-06-19
AMD,_NaiveModel,537.3699951171875,537.3699951171875,2026-06-19
ORCL,_NaiveModel,184.2899932861328,184.2899932861328,2026-06-19
PLTR,_NaiveModel,128.47000122070312,128.47000122070312,2026-06-19
CRM,_NaiveModel,151.77999877929688,151.77999877929688,2026-06-19
TSLA,_NaiveModel,400.489990234375,400.489990234375,2026-06-19
LLY,_NaiveModel,1098.5699462890625,1098.5699462890625,2026-06-19
UNH,_NaiveModel,400.9599914550781,400.9599914550781,2026-06-19
MRK,_NaiveModel,113.87000274658205,113.87000274658205,2026-06-19
JNJ,_NaiveModel,228.38999938964844,228.38999938964844,2026-06-19
JPM,_NaiveModel,325.2200012207031,325.2200012207031,2026-06-19
V,_NaiveModel,327.239990234375,327.239990234375,2026-06-19
MA,_NaiveModel,489.7900085449219,489.7900085449219,2026-06-19
BRK-B,_NaiveModel,489.4599914550781,489.4599914550781,2026-06-19
WMT,_NaiveModel,117.18000030517578,117.18000030517578,2026-06-19
COST,_NaiveModel,951.4500122070312,951.4500122070312,2026-06-19
MCD,_NaiveModel,278.6099853515625,278.6099853515625,2026-06-19
PG,_NaiveModel,150.3800048828125,150.3800048828125,2026-06-19
XOM,_NaiveModel,137.80999755859375,137.80999755859375,2026-06-19
NEE,_NaiveModel,86.75,86.75,2026-06-19
CAT,_NaiveModel,985.8200073242188,985.8200073242188,2026-06-19
LMT,_NaiveModel,510.9500122070313,510.9500122070313,2026-06-19
NVDA,_NaiveModel,210.69000244140625,210.69000244140625,2026-06-19
MSFT,_NaiveModel,379.3999938964844,379.3999938964844,2026-06-19
AAPL,_NaiveModel,298.010009765625,298.010009765625,2026-06-19
GOOGL,_NaiveModel,368.0299987792969,368.0299987792969,2026-06-19
AMZN,_NaiveModel,244.38999938964844,244.38999938964844,2026-06-19
META,_NaiveModel,577.219970703125,577.219970703125,2026-06-19
AVGO,_NaiveModel,411.3500061035156,411.3500061035156,2026-06-19
TSM,_NaiveModel,462.1199951171875,462.1199951171875,2026-06-19
ASML,_NaiveModel,1929.6800537109373,1929.6800537109373,2026-06-19
AMD,_NaiveModel,537.3699951171875,537.3699951171875,2026-06-19
ORCL,_NaiveModel,184.2899932861328,184.2899932861328,2026-06-19
PLTR,_NaiveModel,128.47000122070312,128.47000122070312,2026-06-19
CRM,_NaiveModel,151.77999877929688,151.77999877929688,2026-06-19
TSLA,_NaiveModel,400.489990234375,400.489990234375,2026-06-19
LLY,_NaiveModel,1098.5699462890625,1098.5699462890625,2026-06-19
UNH,_NaiveModel,400.9599914550781,400.9599914550781,2026-06-19
MRK,_NaiveModel,113.87000274658205,113.87000274658205,2026-06-19
JNJ,_NaiveModel,228.38999938964844,228.38999938964844,2026-06-19
JPM,_NaiveModel,325.2200012207031,325.2200012207031,2026-06-19
V,_NaiveModel,327.239990234375,327.239990234375,2026-06-19
MA,_NaiveModel,489.7900085449219,489.7900085449219,2026-06-19
BRK-B,_NaiveModel,489.4599914550781,489.4599914550781,2026-06-19
WMT,_NaiveModel,117.18000030517578,117.18000030517578,2026-06-19
COST,_NaiveModel,951.4500122070312,951.4500122070312,2026-06-19
MCD,_NaiveModel,278.6099853515625,278.6099853515625,2026-06-19
PG,_NaiveModel,150.3800048828125,150.3800048828125,2026-06-19
XOM,_NaiveModel,137.80999755859375,137.80999755859375,2026-06-19
NEE,_NaiveModel,86.75,86.75,2026-06-19
CAT,_NaiveModel,985.8200073242188,985.8200073242188,2026-06-19
LMT,_NaiveModel,510.9500122070313,510.9500122070313,2026-06-19
NVDA,_NaiveModel,210.69000244140625,210.69000244140625,2026-06-19
MSFT,_NaiveModel,379.3999938964844,379.3999938964844,2026-06-19
AAPL,_NaiveModel,298.010009765625,298.010009765625,2026-06-19
GOOGL,_NaiveModel,368.0299987792969,368.0299987792969,2026-06-19
AMZN,_NaiveModel,244.38999938964844,244.38999938964844,2026-06-19
META,_NaiveModel,577.219970703125,577.219970703125,2026-06-19
AVGO,_NaiveModel,411.3500061035156,411.3500061035156,2026-06-19
TSM,_NaiveModel,462.1199951171875,462.1199951171875,2026-06-19
ASML,_NaiveModel,1929.6800537109373,1929.6800537109373,2026-06-19
AMD,_NaiveModel,537.3699951171875,537.3699951171875,2026-06-19
ORCL,_NaiveModel,184.2899932861328,184.2899932861328,2026-06-19
PLTR,_NaiveModel,128.47000122070312,128.47000122070312,2026-06-19
CRM,_NaiveModel,151.77999877929688,151.77999877929688,2026-06-19
TSLA,_NaiveModel,400.489990234375,400.489990234375,2026-06-19
LLY,_NaiveModel,1098.5699462890625,1098.5699462890625,2026-06-19
UNH,_NaiveModel,400.9599914550781,400.9599914550781,2026-06-19
MRK,_NaiveModel,113.87000274658205,113.87000274658205,2026-06-19
JNJ,_NaiveModel,228.38999938964844,228.38999938964844,2026-06-19
JPM,_NaiveModel,325.2200012207031,325.2200012207031,2026-06-19
V,_NaiveModel,327.239990234375,327.239990234375,2026-06-19
MA,_NaiveModel,489.7900085449219,489.7900085449219,2026-06-19
BRK-B,_NaiveModel,489.4599914550781,489.4599914550781,2026-06-19
WMT,_NaiveModel,117.18000030517578,117.18000030517578,2026-06-19
COST,_NaiveModel,951.4500122070312,951.4500122070312,2026-06-19
MCD,_NaiveModel,278.6099853515625,278.6099853515625,2026-06-19
PG,_NaiveModel,150.3800048828125,150.3800048828125,2026-06-19
XOM,_NaiveModel,137.80999755859375,137.80999755859375,2026-06-19
NEE,_NaiveModel,86.75,86.75,2026-06-19
CAT,_NaiveModel,985.8200073242188,985.8200073242188,2026-06-19
LMT,_NaiveModel,510.9500122070313,510.9500122070313,2026-06-19
NVDA,_NaiveModel,204.6499938964844,204.6499938964844,2026-06-18
MSFT,_NaiveModel,378.9100036621094,378.9100036621094,2026-06-18
AAPL,_NaiveModel,295.95001220703125,295.95001220703125,2026-06-18
GOOGL,_NaiveModel,363.7900085449219,363.7900085449219,2026-06-18
AMZN,_NaiveModel,237.5,237.5,2026-06-18
META,_NaiveModel,567.5800170898438,567.5800170898438,2026-06-18
AVGO,_NaiveModel,392.8999938964844,392.8999938964844,2026-06-18
TSM,_NaiveModel,432.1499938964844,432.1499938964844,2026-06-18
ASML,_NaiveModel,1867.8299560546875,1867.8299560546875,2026-06-18
AMD,_NaiveModel,512.47998046875,512.47998046875,2026-06-18
ORCL,_NaiveModel,183.52999877929688,183.52999877929688,2026-06-18
PLTR,_NaiveModel,130.6300048828125,130.6300048828125,2026-06-18
CRM,_NaiveModel,155.02000427246094,155.02000427246094,2026-06-18
TSLA,_NaiveModel,396.3800048828125,396.3800048828125,2026-06-18
LLY,_NaiveModel,1112.0,1112.0,2026-06-18
UNH,_NaiveModel,399.5299987792969,399.5299987792969,2026-06-18
MRK,_NaiveModel,115.44000244140624,115.44000244140624,2026-06-18
JNJ,_NaiveModel,234.1999969482422,234.1999969482422,2026-06-18
JPM,_NaiveModel,333.4599914550781,333.4599914550781,2026-06-18
V,_NaiveModel,330.3800048828125,330.3800048828125,2026-06-18
MA,_NaiveModel,492.989990234375,492.989990234375,2026-06-18
BRK-B,_NaiveModel,491.2799987792969,491.2799987792969,2026-06-18
WMT,_NaiveModel,118.12999725341795,118.12999725341795,2026-06-18
COST,_NaiveModel,965.5900268554688,965.5900268554688,2026-06-18
MCD,_NaiveModel,283.82000732421875,283.82000732421875,2026-06-18
PG,_NaiveModel,150.55999755859375,150.55999755859375,2026-06-18
XOM,_NaiveModel,140.74000549316406,140.74000549316406,2026-06-18
NEE,_NaiveModel,85.7300033569336,85.7300033569336,2026-06-18
CAT,_NaiveModel,955.9199829101562,955.9199829101562,2026-06-18
LMT,_NaiveModel,532.3200073242188,532.3200073242188,2026-06-18
NVDA,_NaiveModel,207.41000366210932,207.41000366210932,2026-06-17
MSFT,_NaiveModel,393.8299865722656,393.8299865722656,2026-06-17
AAPL,_NaiveModel,299.239990234375,299.239990234375,2026-06-17
GOOGL,_NaiveModel,373.25,373.25,2026-06-17
AMZN,_NaiveModel,246.0,246.0,2026-06-17
AVGO,_NaiveModel,376.7099914550781,376.7099914550781,2026-06-17
TSM,_NaiveModel,425.8299865722656,425.8299865722656,2026-06-17
ASML,_NaiveModel,1803.8900146484373,1803.8900146484373,2026-06-17
AMD,_NaiveModel,507.2900085449219,507.2900085449219,2026-06-17
ORCL,_NaiveModel,188.3300018310547,188.3300018310547,2026-06-17
CRM,_NaiveModel,161.7100067138672,161.7100067138672,2026-06-17
TSLA,_NaiveModel,404.6600036621094,404.6600036621094,2026-06-17
LLY,_NaiveModel,1122.5,1122.5,2026-06-17
UNH,_NaiveModel,407.6499938964844,407.6499938964844,2026-06-17
MRK,_NaiveModel,115.16999816894533,115.16999816894533,2026-06-17
JNJ,_NaiveModel,235.17999267578125,235.17999267578125,2026-06-17
JPM,_NaiveModel,331.1400146484375,331.1400146484375,2026-06-17
V,_NaiveModel,333.1199951171875,333.1199951171875,2026-06-17
MA,_NaiveModel,501.3299865722656,501.3299865722656,2026-06-17
BRK-B,_NaiveModel,494.9500122070313,494.9500122070313,2026-06-17
WMT,_NaiveModel,121.02999877929688,121.02999877929688,2026-06-17
COST,_NaiveModel,986.6799926757812,986.6799926757812,2026-06-17
MCD,_NaiveModel,287.92999267578125,287.92999267578125,2026-06-17
PG,_NaiveModel,152.49000549316406,152.49000549316406,2026-06-17
XOM,_NaiveModel,141.86000061035156,141.86000061035156,2026-06-17
NEE,_NaiveModel,86.2300033569336,86.2300033569336,2026-06-17
CAT,_NaiveModel,945.4600219726562,945.4600219726562,2026-06-17
LMT,_NaiveModel,535.9500122070312,535.9500122070312,2026-06-17
NVDA,_NaiveModel,212.4499969482422,212.4499969482422,2026-06-16
MSFT,_NaiveModel,399.760009765625,399.760009765625,2026-06-16
AAPL,_NaiveModel,296.4200134277344,296.4200134277344,2026-06-16
GOOGL,_NaiveModel,369.3500061035156,369.3500061035156,2026-06-16
AMZN,_NaiveModel,246.0200042724609,246.0200042724609,2026-06-16
META,_NaiveModel,593.47998046875,593.47998046875,2026-06-16
AVGO,_NaiveModel,393.9400024414063,393.9400024414063,2026-06-16
TSM,_NaiveModel,441.3999938964844,441.3999938964844,2026-06-16
ASML,_NaiveModel,1892.6600341796875,1892.6600341796875,2026-06-16
AMD,_NaiveModel,547.260009765625,547.260009765625,2026-06-16
ORCL,_NaiveModel,192.63999938964844,192.63999938964844,2026-06-16
PLTR,_NaiveModel,134.7100067138672,134.7100067138672,2026-06-16
CRM,_NaiveModel,164.5500030517578,164.5500030517578,2026-06-16
TSLA,_NaiveModel,411.1499938964844,411.1499938964844,2026-06-16
LLY,_NaiveModel,1129.3499755859375,1129.3499755859375,2026-06-16
UNH,_NaiveModel,411.0400085449219,411.0400085449219,2026-06-16
MRK,_NaiveModel,114.9000015258789,114.9000015258789,2026-06-16
JNJ,_NaiveModel,235.66000366210932,235.66000366210932,2026-06-16
JPM,_NaiveModel,319.3999938964844,319.3999938964844,2026-06-16
V,_NaiveModel,323.82000732421875,323.82000732421875,2026-06-16
MA,_NaiveModel,490.6400146484375,490.6400146484375,2026-06-16
BRK-B,_NaiveModel,495.5199890136719,495.5199890136719,2026-06-16
WMT,_NaiveModel,120.81999969482422,120.81999969482422,2026-06-16
COST,_NaiveModel,979.4500122070312,979.4500122070312,2026-06-16
MCD,_NaiveModel,286.1199951171875,286.1199951171875,2026-06-16
PG,_NaiveModel,150.4600067138672,150.4600067138672,2026-06-16
XOM,_NaiveModel,140.9199981689453,140.9199981689453,2026-06-16
NEE,_NaiveModel,86.12000274658203,86.12000274658203,2026-06-16
CAT,_NaiveModel,933.9299926757812,933.9299926757812,2026-06-16
LMT,_NaiveModel,530.3599853515625,530.3599853515625,2026-06-16
NVDA,_NaiveModel,205.19000244140625,205.19000244140625,2026-06-15
MSFT,_NaiveModel,390.739990234375,390.739990234375,2026-06-15
AAPL,_NaiveModel,291.1300048828125,291.1300048828125,2026-06-15
GOOGL,_NaiveModel,359.67999267578125,359.67999267578125,2026-06-15
AMZN,_NaiveModel,238.5500030517578,238.5500030517578,2026-06-15
META,_NaiveModel,566.97998046875,566.97998046875,2026-06-15
AVGO,_NaiveModel,382.0700073242188,382.0700073242188,2026-06-15
TSM,_NaiveModel,423.9299926757813,423.9299926757813,2026-06-15
ASML,_NaiveModel,1863.550048828125,1863.550048828125,2026-06-15
AMD,_NaiveModel,511.5700073242188,511.5700073242188,2026-06-15
ORCL,_NaiveModel,184.1300048828125,184.1300048828125,2026-06-15
PLTR,_NaiveModel,127.98999786376952,127.98999786376952,2026-06-15
CRM,_NaiveModel,165.88999938964844,165.88999938964844,2026-06-15
TSLA,_NaiveModel,406.4299926757813,406.4299926757813,2026-06-15
LLY,_NaiveModel,1133.0,1133.0,2026-06-15
UNH,_NaiveModel,408.5199890136719,408.5199890136719,2026-06-15
MRK,_NaiveModel,119.0500030517578,119.0500030517578,2026-06-15
JNJ,_NaiveModel,240.8699951171875,240.8699951171875,2026-06-15
JPM,_NaiveModel,320.7200012207031,320.7200012207031,2026-06-15
V,_NaiveModel,322.3900146484375,322.3900146484375,2026-06-15
MA,_NaiveModel,489.9800109863281,489.9800109863281,2026-06-15
BRK-B,_NaiveModel,489.25,489.25,2026-06-15
WMT,_NaiveModel,121.04000091552734,121.04000091552734,2026-06-15
COST,_NaiveModel,982.3499755859376,982.3499755859376,2026-06-15
MCD,_NaiveModel,284.8099975585937,284.8099975585937,2026-06-15
PG,_NaiveModel,149.61000061035156,149.61000061035156,2026-06-15
XOM,_NaiveModel,147.00999450683594,147.00999450683594,2026-06-15
NEE,_NaiveModel,85.98999786376953,85.98999786376953,2026-06-15
CAT,_NaiveModel,910.5700073242188,910.5700073242188,2026-06-15
LMT,_NaiveModel,540.3300170898438,540.3300170898438,2026-06-15
NVDA,_NaiveModel,205.19000244140625,205.19000244140625,2026-06-15
MSFT,_NaiveModel,390.739990234375,390.739990234375,2026-06-15
AAPL,_NaiveModel,291.1300048828125,291.1300048828125,2026-06-15
GOOGL,_NaiveModel,359.67999267578125,359.67999267578125,2026-06-15
AMZN,_NaiveModel,238.5500030517578,238.5500030517578,2026-06-15
META,_NaiveModel,566.97998046875,566.97998046875,2026-06-15
AVGO,_NaiveModel,382.0700073242188,382.0700073242188,2026-06-15
TSM,_NaiveModel,423.9299926757813,423.9299926757813,2026-06-15
ASML,_NaiveModel,1863.550048828125,1863.550048828125,2026-06-15
AMD,_NaiveModel,511.5700073242188,511.5700073242188,2026-06-15
ORCL,_NaiveModel,184.1300048828125,184.1300048828125,2026-06-15
PLTR,_NaiveModel,127.98999786376952,127.98999786376952,2026-06-15
CRM,_NaiveModel,165.88999938964844,165.88999938964844,2026-06-15
TSLA,_NaiveModel,406.4299926757813,406.4299926757813,2026-06-15
LLY,_NaiveModel,1133.0,1133.0,2026-06-15
UNH,_NaiveModel,408.5199890136719,408.5199890136719,2026-06-15
MRK,_NaiveModel,119.0500030517578,119.0500030517578,2026-06-15
JNJ,_NaiveModel,240.8699951171875,240.8699951171875,2026-06-15
JPM,_NaiveModel,320.7200012207031,320.7200012207031,2026-06-15
V,_NaiveModel,322.3900146484375,322.3900146484375,2026-06-15
MA,_NaiveModel,489.9800109863281,489.9800109863281,2026-06-15
BRK-B,_NaiveModel,489.25,489.25,2026-06-15
WMT,_NaiveModel,121.04000091552734,121.04000091552734,2026-06-15
COST,_NaiveModel,982.3499755859376,982.3499755859376,2026-06-15
MCD,_NaiveModel,284.8099975585937,284.8099975585937,2026-06-15
PG,_NaiveModel,149.61000061035156,149.61000061035156,2026-06-15
XOM,_NaiveModel,147.00999450683594,147.00999450683594,2026-06-15
NEE,_NaiveModel,85.98999786376953,85.98999786376953,2026-06-15
CAT,_NaiveModel,910.5700073242188,910.5700073242188,2026-06-15
LMT,_NaiveModel,540.3300170898438,540.3300170898438,2026-06-15
NVDA,_NaiveModel,205.19000244140625,205.19000244140625,2026-06-15
MSFT,_NaiveModel,390.739990234375,390.739990234375,2026-06-15
AAPL,_NaiveModel,291.1300048828125,291.1300048828125,2026-06-15
GOOGL,_NaiveModel,359.67999267578125,359.67999267578125,2026-06-15
AMZN,_NaiveModel,238.5500030517578,238.5500030517578,2026-06-15
META,_NaiveModel,566.97998046875,566.97998046875,2026-06-15
AVGO,_NaiveModel,382.0700073242188,382.0700073242188,2026-06-15
TSM,_NaiveModel,423.9299926757813,423.9299926757813,2026-06-15
ASML,_NaiveModel,1863.550048828125,1863.550048828125,2026-06-15
AMD,_NaiveModel,511.5700073242188,511.5700073242188,2026-06-15
ORCL,_NaiveModel,184.1300048828125,184.1300048828125,2026-06-15
PLTR,_NaiveModel,127.98999786376952,127.98999786376952,2026-06-15
CRM,_NaiveModel,165.88999938964844,165.88999938964844,2026-06-15
TSLA,_NaiveModel,406.4299926757813,406.4299926757813,2026-06-15
LLY,_NaiveModel,1133.0,1133.0,2026-06-15
UNH,_NaiveModel,408.5199890136719,408.5199890136719,2026-06-15
MRK,_NaiveModel,119.0500030517578,119.0500030517578,2026-06-15
JNJ,_NaiveModel,240.8699951171875,240.8699951171875,2026-06-15
JPM,_NaiveModel,320.7200012207031,320.7200012207031,2026-06-15
V,_NaiveModel,322.3900146484375,322.3900146484375,2026-06-15
MA,_NaiveModel,489.9800109863281,489.9800109863281,2026-06-15
BRK-B,_NaiveModel,489.25,489.25,2026-06-15
WMT,_NaiveModel,121.04000091552734,121.04000091552734,2026-06-15
COST,_NaiveModel,982.3499755859376,982.3499755859376,2026-06-15
MCD,_NaiveModel,284.8099975585937,284.8099975585937,2026-06-15
PG,_NaiveModel,149.61000061035156,149.61000061035156,2026-06-15
XOM,_NaiveModel,147.00999450683594,147.00999450683594,2026-06-15
NEE,_NaiveModel,85.98999786376953,85.98999786376953,2026-06-15
CAT,_NaiveModel,910.5700073242188,910.5700073242188,2026-06-15
LMT,_NaiveModel,540.3300170898438,540.3300170898438,2026-06-15
NVDA,_NaiveModel,204.8699951171875,204.8699951171875,2026-06-12
MSFT,_NaiveModel,390.3399963378906,390.3399963378906,2026-06-12
AAPL,_NaiveModel,295.6300048828125,295.6300048828125,2026-06-12
GOOGL,_NaiveModel,357.7699890136719,357.7699890136719,2026-06-12
AMZN,_NaiveModel,241.509994506836,241.509994506836,2026-06-12
META,_NaiveModel,568.4299926757812,568.4299926757812,2026-06-12
AVGO,_NaiveModel,385.5700073242188,385.5700073242188,2026-06-12
TSM,_NaiveModel,421.0700073242188,421.0700073242188,2026-06-12
ASML,_NaiveModel,1899.47998046875,1899.47998046875,2026-06-12
AMD,_NaiveModel,488.4500122070313,488.4500122070313,2026-06-12
ORCL,_NaiveModel,184.1000061035156,184.1000061035156,2026-06-12
PLTR,_NaiveModel,131.0800018310547,131.0800018310547,2026-06-12
CRM,_NaiveModel,166.4499969482422,166.4499969482422,2026-06-12
TSLA,_NaiveModel,399.1499938964844,399.1499938964844,2026-06-12
LLY,_NaiveModel,1160.949951171875,1160.949951171875,2026-06-12
UNH,_NaiveModel,405.5499877929688,405.5499877929688,2026-06-12
MRK,_NaiveModel,120.76000213623048,120.76000213623048,2026-06-12
JNJ,_NaiveModel,238.3300018310547,238.3300018310547,2026-06-12
JPM,_NaiveModel,313.489990234375,313.489990234375,2026-06-12
V,_NaiveModel,319.04998779296875,319.04998779296875,2026-06-12
MA,_NaiveModel,486.510009765625,486.510009765625,2026-06-12
BRK-B,_NaiveModel,485.7900085449219,485.7900085449219,2026-06-12
WMT,_NaiveModel,120.5,120.5,2026-06-12
COST,_NaiveModel,975.6900024414062,975.6900024414062,2026-06-12
MCD,_NaiveModel,284.7699890136719,284.7699890136719,2026-06-12
PG,_NaiveModel,148.33999633789062,148.33999633789062,2026-06-12
XOM,_NaiveModel,146.60000610351562,146.60000610351562,2026-06-12
NEE,_NaiveModel,84.83999633789062,84.83999633789062,2026-06-12
CAT,_NaiveModel,897.6300048828125,897.6300048828125,2026-06-12
LMT,_NaiveModel,548.6799926757812,548.6799926757812,2026-06-12
NVDA,_NaiveModel,208.19000244140625,208.19000244140625,2026-06-10
MSFT,_NaiveModel,403.4100036621094,403.4100036621094,2026-06-10
AAPL,_NaiveModel,290.54998779296875,290.54998779296875,2026-06-10
GOOGL,_NaiveModel,364.260009765625,364.260009765625,2026-06-10
AMZN,_NaiveModel,244.19000244140625,244.19000244140625,2026-06-10
META,_NaiveModel,584.5900268554688,584.5900268554688,2026-06-10
AVGO,_NaiveModel,392.1600036621094,392.1600036621094,2026-06-10
TSM,_NaiveModel,427.9200134277344,427.9200134277344,2026-06-10
ASML,_NaiveModel,1777.77001953125,1777.77001953125,2026-06-10
AMD,_NaiveModel,475.510009765625,475.510009765625,2026-06-10
ORCL,_NaiveModel,205.8099975585937,205.8099975585937,2026-06-10
PLTR,_NaiveModel,132.07000732421875,132.07000732421875,2026-06-10
CRM,_NaiveModel,175.35000610351562,175.35000610351562,2026-06-10
TSLA,_NaiveModel,396.6799926757813,396.6799926757813,2026-06-10
LLY,_NaiveModel,1144.6800537109375,1144.6800537109375,2026-06-10
UNH,_NaiveModel,413.0,413.0,2026-06-10
MRK,_NaiveModel,119.5999984741211,119.5999984741211,2026-06-10
JNJ,_NaiveModel,237.0,237.0,2026-06-10
JPM,_NaiveModel,312.70001220703125,312.70001220703125,2026-06-10
V,_NaiveModel,325.04998779296875,325.04998779296875,2026-06-10
MA,_NaiveModel,495.239990234375,495.239990234375,2026-06-10
BRK-B,_NaiveModel,487.7699890136719,487.7699890136719,2026-06-10
WMT,_NaiveModel,118.87999725341795,118.87999725341795,2026-06-10
COST,_NaiveModel,968.5900268554688,968.5900268554688,2026-06-10
MCD,_NaiveModel,282.25,282.25,2026-06-10
PG,_NaiveModel,148.6699981689453,148.6699981689453,2026-06-10
XOM,_NaiveModel,148.91000366210938,148.91000366210938,2026-06-10
NEE,_NaiveModel,84.83000183105469,84.83000183105469,2026-06-10
CAT,_NaiveModel,914.7000122070312,914.7000122070312,2026-06-10
LMT,_NaiveModel,530.1300048828125,530.1300048828125,2026-06-10
NVDA,_NaiveModel,208.63999938964844,208.63999938964844,2026-06-09
MSFT,_NaiveModel,411.739990234375,411.739990234375,2026-06-09
AAPL,_NaiveModel,301.5400085449219,301.5400085449219,2026-06-09
GOOGL,_NaiveModel,363.30999755859375,363.30999755859375,2026-06-09
AMZN,_NaiveModel,245.22000122070312,245.22000122070312,2026-06-09
META,_NaiveModel,585.3900146484375,585.3900146484375,2026-06-09
AVGO,_NaiveModel,396.6000061035156,396.6000061035156,2026-06-09
TSM,_NaiveModel,426.7999877929688,426.7999877929688,2026-06-09
ASML,_NaiveModel,1749.0400390625,1749.0400390625,2026-06-09
AMD,_NaiveModel,490.3299865722656,490.3299865722656,2026-06-09
ORCL,_NaiveModel,211.82000732421875,211.82000732421875,2026-06-09
PLTR,_NaiveModel,136.47000122070312,136.47000122070312,2026-06-09
CRM,_NaiveModel,182.5500030517578,182.5500030517578,2026-06-09
TSLA,_NaiveModel,408.9500122070313,408.9500122070313,2026-06-09
LLY,_NaiveModel,1149.1500244140625,1149.1500244140625,2026-06-09
UNH,_NaiveModel,406.5700073242188,406.5700073242188,2026-06-09
MRK,_NaiveModel,119.5199966430664,119.5199966430664,2026-06-09
JNJ,_NaiveModel,232.16000366210932,232.16000366210932,2026-06-09
JPM,_NaiveModel,311.1099853515625,311.1099853515625,2026-06-09
V,_NaiveModel,319.6700134277344,319.6700134277344,2026-06-09
MA,_NaiveModel,485.6700134277344,485.6700134277344,2026-06-09
BRK-B,_NaiveModel,487.0,487.0,2026-06-09
WMT,_NaiveModel,119.83000183105467,119.83000183105467,2026-06-09
COST,_NaiveModel,974.75,974.75,2026-06-09
MCD,_NaiveModel,277.7799987792969,277.7799987792969,2026-06-09
PG,_NaiveModel,145.10000610351562,145.10000610351562,2026-06-09
XOM,_NaiveModel,151.75,151.75,2026-06-09
NEE,_NaiveModel,84.01000213623047,84.01000213623047,2026-06-09
CAT,_NaiveModel,915.6400146484376,915.6400146484376,2026-06-09
LMT,_NaiveModel,520.0700073242188,520.0700073242188,2026-06-09
NVDA,_NaiveModel,205.1000061035156,205.1000061035156,2026-06-08
MSFT,_NaiveModel,416.6700134277344,416.6700134277344,2026-06-08
AAPL,_NaiveModel,307.3399963378906,307.3399963378906,2026-06-08
GOOGL,_NaiveModel,368.5299987792969,368.5299987792969,2026-06-08
AMZN,_NaiveModel,246.02999877929688,246.02999877929688,2026-06-08
META,_NaiveModel,593.0,593.0,2026-06-08
AVGO,_NaiveModel,385.7300109863281,385.7300109863281,2026-06-08
TSM,_NaiveModel,415.1700134277344,415.1700134277344,2026-06-08
ASML,_NaiveModel,1641.739990234375,1641.739990234375,2026-06-08
AMD,_NaiveModel,466.3800048828125,466.3800048828125,2026-06-08
ORCL,_NaiveModel,213.67999267578125,213.67999267578125,2026-06-08
PLTR,_NaiveModel,135.52999877929688,135.52999877929688,2026-06-08
CRM,_NaiveModel,185.66000366210932,185.66000366210932,2026-06-08
TSLA,_NaiveModel,391.0,391.0,2026-06-08
LLY,_NaiveModel,1131.4200439453125,1131.4200439453125,2026-06-08
UNH,_NaiveModel,399.4700012207031,399.4700012207031,2026-06-08
MRK,_NaiveModel,120.79000091552734,120.79000091552734,2026-06-08
JNJ,_NaiveModel,232.7700042724609,232.7700042724609,2026-06-08
JPM,_NaiveModel,312.3699951171875,312.3699951171875,2026-06-08
V,_NaiveModel,323.57000732421875,323.57000732421875,2026-06-08
MA,_NaiveModel,491.0799865722656,491.0799865722656,2026-06-08
BRK-B,_NaiveModel,488.1300048828125,488.1300048828125,2026-06-08
WMT,_NaiveModel,118.87999725341795,118.87999725341795,2026-06-08
COST,_NaiveModel,971.8699951171876,971.8699951171876,2026-06-08
MCD,_NaiveModel,279.8399963378906,279.8399963378906,2026-06-08
PG,_NaiveModel,146.5399932861328,146.5399932861328,2026-06-08
XOM,_NaiveModel,149.9199981689453,149.9199981689453,2026-06-08
NEE,_NaiveModel,85.83999633789062,85.83999633789062,2026-06-08
CAT,_NaiveModel,904.280029296875,904.280029296875,2026-06-08
LMT,_NaiveModel,523.760009765625,523.760009765625,2026-06-08
NVDA,_NaiveModel,205.1000061035156,205.1000061035156,2026-06-08
MSFT,_NaiveModel,416.6700134277344,416.6700134277344,2026-06-08
AAPL,_NaiveModel,307.3399963378906,307.3399963378906,2026-06-08
GOOGL,_NaiveModel,368.5299987792969,368.5299987792969,2026-06-08
AMZN,_NaiveModel,246.02999877929688,246.02999877929688,2026-06-08
META,_NaiveModel,593.0,593.0,2026-06-08
AVGO,_NaiveModel,385.7300109863281,385.7300109863281,2026-06-08
TSM,_NaiveModel,415.1700134277344,415.1700134277344,2026-06-08
ASML,_NaiveModel,1641.739990234375,1641.739990234375,2026-06-08
AMD,_NaiveModel,466.3800048828125,466.3800048828125,2026-06-08
ORCL,_NaiveModel,213.67999267578125,213.67999267578125,2026-06-08
PLTR,_NaiveModel,135.52999877929688,135.52999877929688,2026-06-08
CRM,_NaiveModel,185.66000366210932,185.66000366210932,2026-06-08
TSLA,_NaiveModel,391.0,391.0,2026-06-08
LLY,_NaiveModel,1131.4200439453125,1131.4200439453125,2026-06-08
UNH,_NaiveModel,399.4700012207031,399.4700012207031,2026-06-08
MRK,_NaiveModel,120.79000091552734,120.79000091552734,2026-06-08
JNJ,_NaiveModel,232.7700042724609,232.7700042724609,2026-06-08
JPM,_NaiveModel,312.3699951171875,312.3699951171875,2026-06-08
V,_NaiveModel,323.57000732421875,323.57000732421875,2026-06-08
MA,_NaiveModel,491.0799865722656,491.0799865722656,2026-06-08
BRK-B,_NaiveModel,488.1300048828125,488.1300048828125,2026-06-08
WMT,_NaiveModel,118.87999725341795,118.87999725341795,2026-06-08
COST,_NaiveModel,971.8699951171876,971.8699951171876,2026-06-08
MCD,_NaiveModel,279.8399963378906,279.8399963378906,2026-06-08
PG,_NaiveModel,146.5399932861328,146.5399932861328,2026-06-08
XOM,_NaiveModel,149.9199981689453,149.9199981689453,2026-06-08
NEE,_NaiveModel,85.83999633789062,85.83999633789062,2026-06-08
CAT,_NaiveModel,904.280029296875,904.280029296875,2026-06-08
LMT,_NaiveModel,523.760009765625,523.760009765625,2026-06-08
NVDA,_NaiveModel,205.1000061035156,205.1000061035156,2026-06-08
MSFT,_NaiveModel,416.6700134277344,416.6700134277344,2026-06-08
AAPL,_NaiveModel,307.3399963378906,307.3399963378906,2026-06-08
GOOGL,_NaiveModel,368.5299987792969,368.5299987792969,2026-06-08
AMZN,_NaiveModel,246.02999877929688,246.02999877929688,2026-06-08
META,_NaiveModel,593.0,593.0,2026-06-08
AVGO,_NaiveModel,385.7300109863281,385.7300109863281,2026-06-08
TSM,_NaiveModel,415.1700134277344,415.1700134277344,2026-06-08
ASML,_NaiveModel,1641.739990234375,1641.739990234375,2026-06-08
AMD,_NaiveModel,466.3800048828125,466.3800048828125,2026-06-08
ORCL,_NaiveModel,213.67999267578125,213.67999267578125,2026-06-08
PLTR,_NaiveModel,135.52999877929688,135.52999877929688,2026-06-08
CRM,_NaiveModel,185.66000366210932,185.66000366210932,2026-06-08
TSLA,_NaiveModel,391.0,391.0,2026-06-08
LLY,_NaiveModel,1131.4200439453125,1131.4200439453125,2026-06-08
UNH,_NaiveModel,399.4700012207031,399.4700012207031,2026-06-08
MRK,_NaiveModel,120.79000091552734,120.79000091552734,2026-06-08
JNJ,_NaiveModel,232.7700042724609,232.7700042724609,2026-06-08
JPM,_NaiveModel,312.3699951171875,312.3699951171875,2026-06-08
V,_NaiveModel,323.57000732421875,323.57000732421875,2026-06-08
MA,_NaiveModel,491.0799865722656,491.0799865722656,2026-06-08
BRK-B,_NaiveModel,488.1300048828125,488.1300048828125,2026-06-08
WMT,_NaiveModel,118.87999725341795,118.87999725341795,2026-06-08
COST,_NaiveModel,971.8699951171876,971.8699951171876,2026-06-08
MCD,_NaiveModel,279.8399963378906,279.8399963378906,2026-06-08
PG,_NaiveModel,146.5399932861328,146.5399932861328,2026-06-08
XOM,_NaiveModel,149.9199981689453,149.9199981689453,2026-06-08
NEE,_NaiveModel,85.83999633789062,85.83999633789062,2026-06-08
CAT,_NaiveModel,904.280029296875,904.280029296875,2026-06-08
LMT,_NaiveModel,523.760009765625,523.760009765625,2026-06-08
NVDA,_NaiveModel,218.66000366210932,218.66000366210932,2026-06-05
MSFT,_NaiveModel,428.0499877929688,428.0499877929688,2026-06-05
AAPL,_NaiveModel,311.2300109863281,311.2300109863281,2026-06-05
GOOGL,_NaiveModel,372.1900024414063,372.1900024414063,2026-06-05
AMZN,_NaiveModel,253.7899932861328,253.7899932861328,2026-06-05
META,_NaiveModel,627.5700073242188,627.5700073242188,2026-06-05
AVGO,_NaiveModel,418.9100036621094,418.9100036621094,2026-06-05
TSM,_NaiveModel,444.9200134277344,444.9200134277344,2026-06-05
ASML,_NaiveModel,1757.469970703125,1757.469970703125,2026-06-05
AMD,_NaiveModel,523.2000122070312,523.2000122070312,2026-06-05
ORCL,_NaiveModel,236.33999633789065,236.33999633789065,2026-06-05
PLTR,_NaiveModel,141.6999969482422,141.6999969482422,2026-06-05
CRM,_NaiveModel,188.75,188.75,2026-06-05
TSLA,_NaiveModel,418.4500122070313,418.4500122070313,2026-06-05
LLY,_NaiveModel,1125.27001953125,1125.27001953125,2026-06-05
UNH,_NaiveModel,396.4700012207031,396.4700012207031,2026-06-05
MRK,_NaiveModel,120.26000213623048,120.26000213623048,2026-06-05
JNJ,_NaiveModel,228.1699981689453,228.1699981689453,2026-06-05
JPM,_NaiveModel,310.8900146484375,310.8900146484375,2026-06-05
V,_NaiveModel,320.17999267578125,320.17999267578125,2026-06-05
MA,_NaiveModel,481.760009765625,481.760009765625,2026-06-05
BRK-B,_NaiveModel,478.6300048828125,478.6300048828125,2026-06-05
WMT,_NaiveModel,117.73999786376952,117.73999786376952,2026-06-05
COST,_NaiveModel,972.3499755859376,972.3499755859376,2026-06-05
MCD,_NaiveModel,272.7200012207031,272.7200012207031,2026-06-05
PG,_NaiveModel,140.77999877929688,140.77999877929688,2026-06-05
XOM,_NaiveModel,152.0399932861328,152.0399932861328,2026-06-05
NEE,_NaiveModel,85.68000030517578,85.68000030517578,2026-06-05
CAT,_NaiveModel,940.47998046875,940.47998046875,2026-06-05
LMT,_NaiveModel,519.0499877929688,519.0499877929688,2026-06-05
NVDA,_NaiveModel,214.75,214.75,2026-06-04
MSFT,_NaiveModel,427.3399963378906,427.3399963378906,2026-06-04
AAPL,_NaiveModel,310.260009765625,310.260009765625,2026-06-04
GOOGL,_NaiveModel,358.989990234375,358.989990234375,2026-06-04
AMZN,_NaiveModel,250.0200042724609,250.0200042724609,2026-06-04
META,_NaiveModel,622.97998046875,622.97998046875,2026-06-04
AVGO,_NaiveModel,479.2300109863281,479.2300109863281,2026-06-04
TSM,_NaiveModel,436.6900024414063,436.6900024414063,2026-06-04
ASML,_NaiveModel,1726.3599853515625,1726.3599853515625,2026-06-04
AMD,_NaiveModel,542.52001953125,542.52001953125,2026-06-04
ORCL,_NaiveModel,230.3300018310547,230.3300018310547,2026-06-04
PLTR,_NaiveModel,142.1999969482422,142.1999969482422,2026-06-04
CRM,_NaiveModel,190.6100006103516,190.6100006103516,2026-06-04
TSLA,_NaiveModel,423.7000122070313,423.7000122070313,2026-06-04
LLY,_NaiveModel,1078.780029296875,1078.780029296875,2026-06-04
UNH,_NaiveModel,377.0,377.0,2026-06-04
MRK,_NaiveModel,114.6999969482422,114.6999969482422,2026-06-04
JNJ,_NaiveModel,223.2400054931641,223.2400054931641,2026-06-04
JPM,_NaiveModel,300.8500061035156,300.8500061035156,2026-06-04
V,_NaiveModel,312.3999938964844,312.3999938964844,2026-06-04
MA,_NaiveModel,471.5499877929688,471.5499877929688,2026-06-04
BRK-B,_NaiveModel,475.3699951171875,475.3699951171875,2026-06-04
WMT,_NaiveModel,116.88999938964844,116.88999938964844,2026-06-04
COST,_NaiveModel,961.8300170898438,961.8300170898438,2026-06-04
MCD,_NaiveModel,273.2900085449219,273.2900085449219,2026-06-04
PG,_NaiveModel,140.19000244140625,140.19000244140625,2026-06-04
XOM,_NaiveModel,152.52999877929688,152.52999877929688,2026-06-04
NEE,_NaiveModel,84.58000183105469,84.58000183105469,2026-06-04
CAT,_NaiveModel,926.1799926757812,926.1799926757812,2026-06-04
LMT,_NaiveModel,512.030029296875,512.030029296875,2026-06-04
NVDA,_NaiveModel,222.82000732421875,222.82000732421875,2026-06-03
MSFT,_NaiveModel,441.30999755859375,441.30999755859375,2026-06-03
AAPL,_NaiveModel,315.20001220703125,315.20001220703125,2026-06-03
GOOGL,_NaiveModel,361.8500061035156,361.8500061035156,2026-06-03
AMZN,_NaiveModel,256.5199890136719,256.5199890136719,2026-06-03
META,_NaiveModel,597.6300048828125,597.6300048828125,2026-06-03
AVGO,_NaiveModel,481.5700073242188,481.5700073242188,2026-06-03
TSM,_NaiveModel,446.6900024414063,446.6900024414063,2026-06-03
ASML,_NaiveModel,1705.3699951171875,1705.3699951171875,2026-06-03
AMD,_NaiveModel,521.5399780273438,521.5399780273438,2026-06-03
ORCL,_NaiveModel,244.5800018310547,244.5800018310547,2026-06-03
PLTR,_NaiveModel,152.1699981689453,152.1699981689453,2026-06-03
CRM,_NaiveModel,200.83999633789065,200.83999633789065,2026-06-03
TSLA,_NaiveModel,423.739990234375,423.739990234375,2026-06-03
LLY,_NaiveModel,1064.1500244140625,1064.1500244140625,2026-06-03
UNH,_NaiveModel,377.9200134277344,377.9200134277344,2026-06-03
MRK,_NaiveModel,115.6500015258789,115.6500015258789,2026-06-03
JNJ,_NaiveModel,222.88999938964844,222.88999938964844,2026-06-03
JPM,_NaiveModel,300.9599914550781,300.9599914550781,2026-06-03
V,_NaiveModel,317.32000732421875,317.32000732421875,2026-06-03
MA,_NaiveModel,477.6799926757813,477.6799926757813,2026-06-03
BRK-B,_NaiveModel,471.510009765625,471.510009765625,2026-06-03
WMT,_NaiveModel,113.05999755859376,113.05999755859376,2026-06-03
COST,_NaiveModel,954.27001953125,954.27001953125,2026-06-03
MCD,_NaiveModel,276.3599853515625,276.3599853515625,2026-06-03
PG,_NaiveModel,140.82000732421875,140.82000732421875,2026-06-03
XOM,_NaiveModel,149.55999755859375,149.55999755859375,2026-06-03
NEE,_NaiveModel,85.68000030517578,85.68000030517578,2026-06-03
CAT,_NaiveModel,909.8099975585938,909.8099975585938,2026-06-03
LMT,_NaiveModel,513.4299926757812,513.4299926757812,2026-06-03
NVDA,_NaiveModel,224.3600006103516,224.3600006103516,2026-06-02
MSFT,_NaiveModel,460.5199890136719,460.5199890136719,2026-06-02
AAPL,_NaiveModel,306.3099975585937,306.3099975585937,2026-06-02
GOOGL,_NaiveModel,376.3699951171875,376.3699951171875,2026-06-02
AMZN,_NaiveModel,261.260009765625,261.260009765625,2026-06-02
META,_NaiveModel,600.469970703125,600.469970703125,2026-06-02
AVGO,_NaiveModel,459.9700012207031,459.9700012207031,2026-06-02
TSM,_NaiveModel,435.6300048828125,435.6300048828125,2026-06-02
ASML,_NaiveModel,1628.5699462890625,1628.5699462890625,2026-06-02
AMD,_NaiveModel,510.1300048828125,510.1300048828125,2026-06-02
ORCL,_NaiveModel,248.1499938964844,248.1499938964844,2026-06-02
PLTR,_NaiveModel,160.64999389648438,160.64999389648438,2026-06-02
CRM,_NaiveModel,209.6000061035156,209.6000061035156,2026-06-02
TSLA,_NaiveModel,415.8800048828125,415.8800048828125,2026-06-02
LLY,_NaiveModel,1082.199951171875,1082.199951171875,2026-06-02
UNH,_NaiveModel,379.8599853515625,379.8599853515625,2026-06-02
MRK,_NaiveModel,115.16999816894533,115.16999816894533,2026-06-02
JNJ,_NaiveModel,223.509994506836,223.509994506836,2026-06-02
JPM,_NaiveModel,296.5799865722656,296.5799865722656,2026-06-02
V,_NaiveModel,322.7699890136719,322.7699890136719,2026-06-02
MA,_NaiveModel,495.25,495.25,2026-06-02
BRK-B,_NaiveModel,470.2900085449219,470.2900085449219,2026-06-02
WMT,_NaiveModel,114.5999984741211,114.5999984741211,2026-06-02
COST,_NaiveModel,946.1099853515624,946.1099853515624,2026-06-02
MCD,_NaiveModel,276.1099853515625,276.1099853515625,2026-06-02
PG,_NaiveModel,140.27999877929688,140.27999877929688,2026-06-02
XOM,_NaiveModel,149.3800048828125,149.3800048828125,2026-06-02
NEE,_NaiveModel,83.66000366210938,83.66000366210938,2026-06-02
CAT,_NaiveModel,865.3599853515625,865.3599853515625,2026-06-02
LMT,_NaiveModel,516.5,516.5,2026-06-02
NVDA,_NaiveModel,211.13999938964844,211.13999938964844,2026-06-01
MSFT,_NaiveModel,450.239990234375,450.239990234375,2026-06-01
AAPL,_NaiveModel,312.0599975585937,312.0599975585937,2026-06-01
GOOGL,_NaiveModel,380.3399963378906,380.3399963378906,2026-06-01
AMZN,_NaiveModel,270.6400146484375,270.6400146484375,2026-06-01
META,_NaiveModel,632.510009765625,632.510009765625,2026-06-01
AVGO,_NaiveModel,446.7699890136719,446.7699890136719,2026-06-01
TSM,_NaiveModel,418.4500122070313,418.4500122070313,2026-06-01
ASML,_NaiveModel,1612.760009765625,1612.760009765625,2026-06-01
AMD,_NaiveModel,516.0999755859375,516.0999755859375,2026-06-01
ORCL,_NaiveModel,225.77999877929688,225.77999877929688,2026-06-01
PLTR,_NaiveModel,156.5399932861328,156.5399932861328,2026-06-01
CRM,_NaiveModel,191.1000061035156,191.1000061035156,2026-06-01
TSLA,_NaiveModel,435.7900085449219,435.7900085449219,2026-06-01
LLY,_NaiveModel,1105.0,1105.0,2026-06-01
UNH,_NaiveModel,380.30999755859375,380.30999755859375,2026-06-01
MRK,_NaiveModel,118.72000122070312,118.72000122070312,2026-06-01
JNJ,_NaiveModel,225.3300018310547,225.3300018310547,2026-06-01
JPM,_NaiveModel,299.3099975585937,299.3099975585937,2026-06-01
V,_NaiveModel,326.3599853515625,326.3599853515625,2026-06-01
MA,_NaiveModel,493.9800109863281,493.9800109863281,2026-06-01
BRK-B,_NaiveModel,474.4800109863281,474.4800109863281,2026-06-01
WMT,_NaiveModel,115.75,115.75,2026-06-01
COST,_NaiveModel,956.3200073242188,956.3200073242188,2026-06-01
MCD,_NaiveModel,279.20001220703125,279.20001220703125,2026-06-01
PG,_NaiveModel,143.55999755859375,143.55999755859375,2026-06-01
XOM,_NaiveModel,145.25999450683594,145.25999450683594,2026-06-01
NEE,_NaiveModel,87.01000213623047,87.01000213623047,2026-06-01
CAT,_NaiveModel,875.8699951171875,875.8699951171875,2026-06-01
LMT,_NaiveModel,530.4500122070312,530.4500122070312,2026-06-01
NVDA,_NaiveModel,211.13999938964844,211.13999938964844,2026-06-01
MSFT,_NaiveModel,450.239990234375,450.239990234375,2026-06-01
AAPL,_NaiveModel,312.0599975585937,312.0599975585937,2026-06-01
GOOGL,_NaiveModel,380.3399963378906,380.3399963378906,2026-06-01
AMZN,_NaiveModel,270.6400146484375,270.6400146484375,2026-06-01
META,_NaiveModel,632.510009765625,632.510009765625,2026-06-01
AVGO,_NaiveModel,446.7699890136719,446.7699890136719,2026-06-01
TSM,_NaiveModel,418.4500122070313,418.4500122070313,2026-06-01
ASML,_NaiveModel,1612.760009765625,1612.760009765625,2026-06-01
AMD,_NaiveModel,516.0999755859375,516.0999755859375,2026-06-01
ORCL,_NaiveModel,225.77999877929688,225.77999877929688,2026-06-01
PLTR,_NaiveModel,156.5399932861328,156.5399932861328,2026-06-01
CRM,_NaiveModel,191.1000061035156,191.1000061035156,2026-06-01
TSLA,_NaiveModel,435.7900085449219,435.7900085449219,2026-06-01
LLY,_NaiveModel,1105.0,1105.0,2026-06-01
UNH,_NaiveModel,380.30999755859375,380.30999755859375,2026-06-01
MRK,_NaiveModel,118.72000122070312,118.72000122070312,2026-06-01
JNJ,_NaiveModel,225.3300018310547,225.3300018310547,2026-06-01
JPM,_NaiveModel,299.3099975585937,299.3099975585937,2026-06-01
V,_NaiveModel,326.3599853515625,326.3599853515625,2026-06-01
MA,_NaiveModel,493.9800109863281,493.9800109863281,2026-06-01
BRK-B,_NaiveModel,474.4800109863281,474.4800109863281,2026-06-01
WMT,_NaiveModel,115.75,115.75,2026-06-01
COST,_NaiveModel,956.3200073242188,956.3200073242188,2026-06-01
MCD,_NaiveModel,279.20001220703125,279.20001220703125,2026-06-01
PG,_NaiveModel,143.55999755859375,143.55999755859375,2026-06-01
XOM,_NaiveModel,145.25999450683594,145.25999450683594,2026-06-01
NEE,_NaiveModel,87.01000213623047,87.01000213623047,2026-06-01
CAT,_NaiveModel,875.8699951171875,875.8699951171875,2026-06-01
LMT,_NaiveModel,530.4500122070312,530.4500122070312,2026-06-01
NVDA,_NaiveModel,211.13999938964844,211.13999938964844,2026-06-01
MSFT,_NaiveModel,450.239990234375,450.239990234375,2026-06-01
AAPL,_NaiveModel,312.0599975585937,312.0599975585937,2026-06-01
GOOGL,_NaiveModel,380.3399963378906,380.3399963378906,2026-06-01
AMZN,_NaiveModel,270.6400146484375,270.6400146484375,2026-06-01
META,_NaiveModel,632.510009765625,632.510009765625,2026-06-01
AVGO,_NaiveModel,446.7699890136719,446.7699890136719,2026-06-01
TSM,_NaiveModel,418.4500122070313,418.4500122070313,2026-06-01
ASML,_NaiveModel,1612.760009765625,1612.760009765625,2026-06-01
AMD,_NaiveModel,516.0999755859375,516.0999755859375,2026-06-01
ORCL,_NaiveModel,225.77999877929688,225.77999877929688,2026-06-01
PLTR,_NaiveModel,156.5399932861328,156.5399932861328,2026-06-01
CRM,_NaiveModel,191.1000061035156,191.1000061035156,2026-06-01
TSLA,_NaiveModel,435.7900085449219,435.7900085449219,2026-06-01
LLY,_NaiveModel,1105.0,1105.0,2026-06-01
UNH,_NaiveModel,380.30999755859375,380.30999755859375,2026-06-01
MRK,_NaiveModel,118.72000122070312,118.72000122070312,2026-06-01
JNJ,_NaiveModel,225.3300018310547,225.3300018310547,2026-06-01
JPM,_NaiveModel,299.3099975585937,299.3099975585937,2026-06-01
V,_NaiveModel,326.3599853515625,326.3599853515625,2026-06-01
MA,_NaiveModel,493.9800109863281,493.9800109863281,2026-06-01
BRK-B,_NaiveModel,474.4800109863281,474.4800109863281,2026-06-01
WMT,_NaiveModel,115.75,115.75,2026-06-01
COST,_NaiveModel,956.3200073242188,956.3200073242188,2026-06-01
MCD,_NaiveModel,279.20001220703125,279.20001220703125,2026-06-01
PG,_NaiveModel,143.55999755859375,143.55999755859375,2026-06-01
XOM,_NaiveModel,145.25999450683594,145.25999450683594,2026-06-01
NEE,_NaiveModel,87.01000213623047,87.01000213623047,2026-06-01
CAT,_NaiveModel,875.8699951171875,875.8699951171875,2026-06-01
LMT,_NaiveModel,530.4500122070312,530.4500122070312,2026-06-01
NVDA,_NaiveModel,214.25,214.25,2026-05-29
MSFT,_NaiveModel,426.989990234375,426.989990234375,2026-05-29
AAPL,_NaiveModel,312.510009765625,312.510009765625,2026-05-29
GOOGL,_NaiveModel,390.1300048828125,390.1300048828125,2026-05-29
AMZN,_NaiveModel,274.0,274.0,2026-05-29
META,_NaiveModel,635.2899780273438,635.2899780273438,2026-05-29
AVGO,_NaiveModel,426.5799865722656,426.5799865722656,2026-05-29
TSM,_NaiveModel,424.8599853515625,424.8599853515625,2026-05-29
ASML,_NaiveModel,1605.77001953125,1605.77001953125,2026-05-29
AMD,_NaiveModel,518.0900268554688,518.0900268554688,2026-05-29
ORCL,_NaiveModel,203.6999969482422,203.6999969482422,2026-05-29
PLTR,_NaiveModel,143.33999633789062,143.33999633789062,2026-05-29
CRM,_NaiveModel,176.1699981689453,176.1699981689453,2026-05-29
TSLA,_NaiveModel,442.1000061035156,442.1000061035156,2026-05-29
LLY,_NaiveModel,1126.800048828125,1126.800048828125,2026-05-29
UNH,_NaiveModel,382.5299987792969,382.5299987792969,2026-05-29
MRK,_NaiveModel,119.88999938964844,119.88999938964844,2026-05-29
JNJ,_NaiveModel,230.8000030517578,230.8000030517578,2026-05-29
JPM,_NaiveModel,296.7300109863281,296.7300109863281,2026-05-29
V,_NaiveModel,324.95001220703125,324.95001220703125,2026-05-29
MA,_NaiveModel,493.75,493.75,2026-05-29
BRK-B,_NaiveModel,477.4200134277344,477.4200134277344,2026-05-29
WMT,_NaiveModel,118.9000015258789,118.9000015258789,2026-05-29
COST,_NaiveModel,995.2000122070312,995.2000122070312,2026-05-29
MCD,_NaiveModel,277.9700012207031,277.9700012207031,2026-05-29
PG,_NaiveModel,145.91000366210938,145.91000366210938,2026-05-29
XOM,_NaiveModel,146.9600067138672,146.9600067138672,2026-05-29
NEE,_NaiveModel,87.25,87.25,2026-05-29
CAT,_NaiveModel,887.6699829101562,887.6699829101562,2026-05-29
LMT,_NaiveModel,537.2100219726562,537.2100219726562,2026-05-29
NVDA,_NaiveModel,212.6000061035156,212.6000061035156,2026-05-28
MSFT,_NaiveModel,412.6700134277344,412.6700134277344,2026-05-28
AAPL,_NaiveModel,310.8500061035156,310.8500061035156,2026-05-28
GOOGL,_NaiveModel,388.8299865722656,388.8299865722656,2026-05-28
AMZN,_NaiveModel,271.8500061035156,271.8500061035156,2026-05-28
META,_NaiveModel,635.260009765625,635.260009765625,2026-05-28
AVGO,_NaiveModel,421.8599853515625,421.8599853515625,2026-05-28
TSM,_NaiveModel,422.7300109863281,422.7300109863281,2026-05-28
ASML,_NaiveModel,1597.8699951171875,1597.8699951171875,2026-05-28
AMD,_NaiveModel,495.5400085449219,495.5400085449219,2026-05-28
ORCL,_NaiveModel,190.9600067138672,190.9600067138672,2026-05-28
PLTR,_NaiveModel,132.50999450683594,132.50999450683594,2026-05-28
CRM,_NaiveModel,177.50999450683594,177.50999450683594,2026-05-28
TSLA,_NaiveModel,440.3599853515625,440.3599853515625,2026-05-28
LLY,_NaiveModel,1082.9200439453125,1082.9200439453125,2026-05-28
UNH,_NaiveModel,384.010009765625,384.010009765625,2026-05-28
MRK,_NaiveModel,120.23999786376952,120.23999786376952,2026-05-28
JNJ,_NaiveModel,231.2899932861328,231.2899932861328,2026-05-28
JPM,_NaiveModel,299.2799987792969,299.2799987792969,2026-05-28
V,_NaiveModel,327.6099853515625,327.6099853515625,2026-05-28
MA,_NaiveModel,495.0400085449219,495.0400085449219,2026-05-28
BRK-B,_NaiveModel,479.9200134277344,479.9200134277344,2026-05-28
WMT,_NaiveModel,118.54000091552734,118.54000091552734,2026-05-28
COST,_NaiveModel,1003.6900024414062,1003.6900024414062,2026-05-28
MCD,_NaiveModel,280.9200134277344,280.9200134277344,2026-05-28
PG,_NaiveModel,147.49000549316406,147.49000549316406,2026-05-28
XOM,_NaiveModel,147.89999389648438,147.89999389648438,2026-05-28
NEE,_NaiveModel,87.6500015258789,87.6500015258789,2026-05-28
CAT,_NaiveModel,909.9299926757812,909.9299926757812,2026-05-28
LMT,_NaiveModel,531.1400146484375,531.1400146484375,2026-05-28
NVDA,_NaiveModel,214.8600006103516,214.8600006103516,2026-05-27
MSFT,_NaiveModel,416.0299987792969,416.0299987792969,2026-05-27
AAPL,_NaiveModel,308.3299865722656,308.3299865722656,2026-05-27
GOOGL,_NaiveModel,388.8800048828125,388.8800048828125,2026-05-27
AMZN,_NaiveModel,265.2900085449219,265.2900085449219,2026-05-27
META,_NaiveModel,612.3400268554688,612.3400268554688,2026-05-27
AVGO,_NaiveModel,422.010009765625,422.010009765625,2026-05-27
TSM,_NaiveModel,412.3200073242188,412.3200073242188,2026-05-27
ASML,_NaiveModel,1632.030029296875,1632.030029296875,2026-05-27
AMD,_NaiveModel,503.8900146484375,503.8900146484375,2026-05-27
ORCL,_NaiveModel,193.0599975585937,193.0599975585937,2026-05-27
PLTR,_NaiveModel,136.60000610351562,136.60000610351562,2026-05-27
CRM,_NaiveModel,179.0800018310547,179.0800018310547,2026-05-27
TSLA,_NaiveModel,433.5899963378906,433.5899963378906,2026-05-27
LLY,_NaiveModel,1064.739990234375,1064.739990234375,2026-05-27
UNH,_NaiveModel,376.8599853515625,376.8599853515625,2026-05-27
MRK,_NaiveModel,119.72000122070312,119.72000122070312,2026-05-27
JNJ,_NaiveModel,230.17999267578125,230.17999267578125,2026-05-27
JPM,_NaiveModel,306.739990234375,306.739990234375,2026-05-27
V,_NaiveModel,326.4800109863281,326.4800109863281,2026-05-27
MA,_NaiveModel,493.010009765625,493.010009765625,2026-05-27
BRK-B,_NaiveModel,483.6199951171875,483.6199951171875,2026-05-27
WMT,_NaiveModel,118.56999969482422,118.56999969482422,2026-05-27
COST,_NaiveModel,1002.9299926757812,1002.9299926757812,2026-05-27
MCD,_NaiveModel,279.260009765625,279.260009765625,2026-05-27
PG,_NaiveModel,142.9600067138672,142.9600067138672,2026-05-27
XOM,_NaiveModel,149.80999755859375,149.80999755859375,2026-05-27
NEE,_NaiveModel,87.6500015258789,87.6500015258789,2026-05-27
CAT,_NaiveModel,908.5499877929688,908.5499877929688,2026-05-27
LMT,_NaiveModel,532.9000244140625,532.9000244140625,2026-05-27
NVDA,_NaiveModel,215.3300018310547,215.3300018310547,2026-05-25
MSFT,_NaiveModel,418.5700073242188,418.5700073242188,2026-05-25
AAPL,_NaiveModel,308.82000732421875,308.82000732421875,2026-05-25
GOOGL,_NaiveModel,382.9700012207031,382.9700012207031,2026-05-25
AMZN,_NaiveModel,266.32000732421875,266.32000732421875,2026-05-25
META,_NaiveModel,610.260009765625,610.260009765625,2026-05-25
AVGO,_NaiveModel,414.1400146484375,414.1400146484375,2026-05-25
TSM,_NaiveModel,404.5199890136719,404.5199890136719,2026-05-25
ASML,_NaiveModel,1632.9000244140625,1632.9000244140625,2026-05-25
AMD,_NaiveModel,467.510009765625,467.510009765625,2026-05-25
ORCL,_NaiveModel,192.0800018310547,192.0800018310547,2026-05-25
PLTR,_NaiveModel,136.8800048828125,136.8800048828125,2026-05-25
CRM,_NaiveModel,180.07000732421875,180.07000732421875,2026-05-25
TSLA,_NaiveModel,426.010009765625,426.010009765625,2026-05-25
LLY,_NaiveModel,1065.0,1065.0,2026-05-25
UNH,_NaiveModel,388.4700012207031,388.4700012207031,2026-05-25
MRK,_NaiveModel,122.41000366210938,122.41000366210938,2026-05-25
JNJ,_NaiveModel,234.33999633789065,234.33999633789065,2026-05-25
JPM,_NaiveModel,306.3800048828125,306.3800048828125,2026-05-25
V,_NaiveModel,328.8800048828125,328.8800048828125,2026-05-25
MA,_NaiveModel,498.5400085449219,498.5400085449219,2026-05-25
BRK-B,_NaiveModel,486.3800048828125,486.3800048828125,2026-05-25
WMT,_NaiveModel,120.2699966430664,120.2699966430664,2026-05-25
COST,_NaiveModel,1028.239990234375,1028.239990234375,2026-05-25
MCD,_NaiveModel,282.2699890136719,282.2699890136719,2026-05-25
PG,_NaiveModel,144.44000244140625,144.44000244140625,2026-05-25
XOM,_NaiveModel,154.9199981689453,154.9199981689453,2026-05-25
NEE,_NaiveModel,88.55000305175781,88.55000305175781,2026-05-25
CAT,_NaiveModel,879.8900146484375,879.8900146484375,2026-05-25
LMT,_NaiveModel,533.239990234375,533.239990234375,2026-05-25
NVDA,_NaiveModel,215.3300018310547,215.3300018310547,2026-05-25
MSFT,_NaiveModel,418.5700073242188,418.5700073242188,2026-05-25
AAPL,_NaiveModel,308.82000732421875,308.82000732421875,2026-05-25
GOOGL,_NaiveModel,382.9700012207031,382.9700012207031,2026-05-25
AMZN,_NaiveModel,266.32000732421875,266.32000732421875,2026-05-25
META,_NaiveModel,610.260009765625,610.260009765625,2026-05-25
AVGO,_NaiveModel,414.1400146484375,414.1400146484375,2026-05-25
TSM,_NaiveModel,404.5199890136719,404.5199890136719,2026-05-25
ASML,_NaiveModel,1632.9000244140625,1632.9000244140625,2026-05-25
AMD,_NaiveModel,467.510009765625,467.510009765625,2026-05-25
ORCL,_NaiveModel,192.0800018310547,192.0800018310547,2026-05-25
PLTR,_NaiveModel,136.8800048828125,136.8800048828125,2026-05-25
CRM,_NaiveModel,180.07000732421875,180.07000732421875,2026-05-25
TSLA,_NaiveModel,426.010009765625,426.010009765625,2026-05-25
LLY,_NaiveModel,1065.0,1065.0,2026-05-25
UNH,_NaiveModel,388.4700012207031,388.4700012207031,2026-05-25
MRK,_NaiveModel,122.41000366210938,122.41000366210938,2026-05-25
JNJ,_NaiveModel,234.33999633789065,234.33999633789065,2026-05-25
JPM,_NaiveModel,306.3800048828125,306.3800048828125,2026-05-25
V,_NaiveModel,328.8800048828125,328.8800048828125,2026-05-25
MA,_NaiveModel,498.5400085449219,498.5400085449219,2026-05-25
BRK-B,_NaiveModel,486.3800048828125,486.3800048828125,2026-05-25
WMT,_NaiveModel,120.2699966430664,120.2699966430664,2026-05-25
COST,_NaiveModel,1028.239990234375,1028.239990234375,2026-05-25
MCD,_NaiveModel,282.2699890136719,282.2699890136719,2026-05-25
PG,_NaiveModel,144.44000244140625,144.44000244140625,2026-05-25
XOM,_NaiveModel,154.9199981689453,154.9199981689453,2026-05-25
NEE,_NaiveModel,88.55000305175781,88.55000305175781,2026-05-25
CAT,_NaiveModel,879.8900146484375,879.8900146484375,2026-05-25
LMT,_NaiveModel,533.239990234375,533.239990234375,2026-05-25
NVDA,_NaiveModel,215.3300018310547,215.3300018310547,2026-05-25
MSFT,_NaiveModel,418.5700073242188,418.5700073242188,2026-05-25
AAPL,_NaiveModel,308.82000732421875,308.82000732421875,2026-05-25
GOOGL,_NaiveModel,382.9700012207031,382.9700012207031,2026-05-25
AMZN,_NaiveModel,266.32000732421875,266.32000732421875,2026-05-25
META,_NaiveModel,610.260009765625,610.260009765625,2026-05-25
AVGO,_NaiveModel,414.1400146484375,414.1400146484375,2026-05-25
TSM,_NaiveModel,404.5199890136719,404.5199890136719,2026-05-25
ASML,_NaiveModel,1632.9000244140625,1632.9000244140625,2026-05-25
AMD,_NaiveModel,467.510009765625,467.510009765625,2026-05-25
ORCL,_NaiveModel,192.0800018310547,192.0800018310547,2026-05-25
PLTR,_NaiveModel,136.8800048828125,136.8800048828125,2026-05-25
CRM,_NaiveModel,180.07000732421875,180.07000732421875,2026-05-25
TSLA,_NaiveModel,426.010009765625,426.010009765625,2026-05-25
LLY,_NaiveModel,1065.0,1065.0,2026-05-25
UNH,_NaiveModel,388.4700012207031,388.4700012207031,2026-05-25
MRK,_NaiveModel,122.41000366210938,122.41000366210938,2026-05-25
JNJ,_NaiveModel,234.33999633789065,234.33999633789065,2026-05-25
JPM,_NaiveModel,306.3800048828125,306.3800048828125,2026-05-25
V,_NaiveModel,328.8800048828125,328.8800048828125,2026-05-25
MA,_NaiveModel,498.5400085449219,498.5400085449219,2026-05-25
BRK-B,_NaiveModel,486.3800048828125,486.3800048828125,2026-05-25
WMT,_NaiveModel,120.2699966430664,120.2699966430664,2026-05-25
COST,_NaiveModel,1028.239990234375,1028.239990234375,2026-05-25
MCD,_NaiveModel,282.2699890136719,282.2699890136719,2026-05-25
PG,_NaiveModel,144.44000244140625,144.44000244140625,2026-05-25
XOM,_NaiveModel,154.9199981689453,154.9199981689453,2026-05-25
NEE,_NaiveModel,88.55000305175781,88.55000305175781,2026-05-25
CAT,_NaiveModel,879.8900146484375,879.8900146484375,2026-05-25
LMT,_NaiveModel,533.239990234375,533.239990234375,2026-05-25
NVDA,_NaiveModel,215.3300018310547,215.3300018310547,2026-05-25
MSFT,_NaiveModel,418.5700073242188,418.5700073242188,2026-05-25
AAPL,_NaiveModel,308.82000732421875,308.82000732421875,2026-05-25
GOOGL,_NaiveModel,382.9700012207031,382.9700012207031,2026-05-25
AMZN,_NaiveModel,266.32000732421875,266.32000732421875,2026-05-25
META,_NaiveModel,610.260009765625,610.260009765625,2026-05-25
AVGO,_NaiveModel,414.1400146484375,414.1400146484375,2026-05-25
TSM,_NaiveModel,404.5199890136719,404.5199890136719,2026-05-25
ASML,_NaiveModel,1632.9000244140625,1632.9000244140625,2026-05-25
AMD,_NaiveModel,467.510009765625,467.510009765625,2026-05-25
ORCL,_NaiveModel,192.0800018310547,192.0800018310547,2026-05-25
PLTR,_NaiveModel,136.8800048828125,136.8800048828125,2026-05-25
CRM,_NaiveModel,180.07000732421875,180.07000732421875,2026-05-25
TSLA,_NaiveModel,426.010009765625,426.010009765625,2026-05-25
LLY,_NaiveModel,1065.0,1065.0,2026-05-25
UNH,_NaiveModel,388.4700012207031,388.4700012207031,2026-05-25
MRK,_NaiveModel,122.41000366210938,122.41000366210938,2026-05-25
JNJ,_NaiveModel,234.33999633789065,234.33999633789065,2026-05-25
JPM,_NaiveModel,306.3800048828125,306.3800048828125,2026-05-25
V,_NaiveModel,328.8800048828125,328.8800048828125,2026-05-25
MA,_NaiveModel,498.5400085449219,498.5400085449219,2026-05-25
BRK-B,_NaiveModel,486.3800048828125,486.3800048828125,2026-05-25
WMT,_NaiveModel,120.2699966430664,120.2699966430664,2026-05-25
COST,_NaiveModel,1028.239990234375,1028.239990234375,2026-05-25
MCD,_NaiveModel,282.2699890136719,282.2699890136719,2026-05-25
PG,_NaiveModel,144.44000244140625,144.44000244140625,2026-05-25
XOM,_NaiveModel,154.9199981689453,154.9199981689453,2026-05-25
NEE,_NaiveModel,88.55000305175781,88.55000305175781,2026-05-25
CAT,_NaiveModel,879.8900146484375,879.8900146484375,2026-05-25
LMT,_NaiveModel,533.239990234375,533.239990234375,2026-05-25
NVDA,_NaiveModel,219.509994506836,219.509994506836,2026-05-22
MSFT,_NaiveModel,419.0899963378906,419.0899963378906,2026-05-22
AAPL,_NaiveModel,304.989990234375,304.989990234375,2026-05-22
GOOGL,_NaiveModel,387.6600036621094,387.6600036621094,2026-05-22
AMZN,_NaiveModel,268.4599914550781,268.4599914550781,2026-05-22
META,_NaiveModel,607.3800048828125,607.3800048828125,2026-05-22
AVGO,_NaiveModel,414.5700073242188,414.5700073242188,2026-05-22
TSM,_NaiveModel,407.1499938964844,407.1499938964844,2026-05-22
ASML,_NaiveModel,1592.0,1592.0,2026-05-22
AMD,_NaiveModel,449.5899963378906,449.5899963378906,2026-05-22
ORCL,_NaiveModel,189.7700042724609,189.7700042724609,2026-05-22
PLTR,_NaiveModel,137.4149932861328,137.4149932861328,2026-05-22
CRM,_NaiveModel,176.30999755859375,176.30999755859375,2026-05-22
TSLA,_NaiveModel,417.8500061035156,417.8500061035156,2026-05-22
LLY,_NaiveModel,1041.6500244140625,1041.6500244140625,2026-05-22
UNH,_NaiveModel,382.4800109863281,382.4800109863281,2026-05-22
MRK,_NaiveModel,115.87999725341795,115.87999725341795,2026-05-22
JNJ,_NaiveModel,231.72999572753903,231.72999572753903,2026-05-22
JPM,_NaiveModel,303.0,303.0,2026-05-22
V,_NaiveModel,331.1199951171875,331.1199951171875,2026-05-22
MA,_NaiveModel,499.6199951171875,499.6199951171875,2026-05-22
BRK-B,_NaiveModel,479.9800109863281,479.9800109863281,2026-05-22
WMT,_NaiveModel,121.33999633789062,121.33999633789062,2026-05-22
COST,_NaiveModel,1050.449951171875,1050.449951171875,2026-05-22
MCD,_NaiveModel,284.17999267578125,284.17999267578125,2026-05-22
PG,_NaiveModel,143.39999389648438,143.39999389648438,2026-05-22
XOM,_NaiveModel,155.2899932861328,155.2899932861328,2026-05-22
NEE,_NaiveModel,89.69000244140625,89.69000244140625,2026-05-22
CAT,_NaiveModel,865.9500122070312,865.9500122070312,2026-05-22
LMT,_NaiveModel,522.7899780273438,522.7899780273438,2026-05-22
NVDA,_NaiveModel,223.47000122070312,223.47000122070312,2026-05-21
MSFT,_NaiveModel,421.05999755859375,421.05999755859375,2026-05-21
AAPL,_NaiveModel,302.25,302.25,2026-05-21
GOOGL,_NaiveModel,388.9100036621094,388.9100036621094,2026-05-21
AMZN,_NaiveModel,265.010009765625,265.010009765625,2026-05-21
META,_NaiveModel,605.0599975585938,605.0599975585938,2026-05-21
AVGO,_NaiveModel,417.760009765625,417.760009765625,2026-05-21
TSM,_NaiveModel,401.6199951171875,401.6199951171875,2026-05-21
ASML,_NaiveModel,1550.1300048828125,1550.1300048828125,2026-05-21
AMD,_NaiveModel,447.5799865722656,447.5799865722656,2026-05-21
ORCL,_NaiveModel,188.16000366210932,188.16000366210932,2026-05-21
PLTR,_NaiveModel,137.14999389648438,137.14999389648438,2026-05-21
CRM,_NaiveModel,180.10000610351562,180.10000610351562,2026-05-21
TSLA,_NaiveModel,417.260009765625,417.260009765625,2026-05-21
LLY,_NaiveModel,1018.8699951171876,1018.8699951171876,2026-05-21
UNH,_NaiveModel,383.2999877929688,383.2999877929688,2026-05-21
MRK,_NaiveModel,113.0,113.0,2026-05-21
JNJ,_NaiveModel,229.32000732421875,229.32000732421875,2026-05-21
JPM,_NaiveModel,301.9800109863281,301.9800109863281,2026-05-21
V,_NaiveModel,330.75,330.75,2026-05-21
MA,_NaiveModel,498.0400085449219,498.0400085449219,2026-05-21
BRK-B,_NaiveModel,480.8999938964844,480.8999938964844,2026-05-21
WMT,_NaiveModel,130.85000610351562,130.85000610351562,2026-05-21
COST,_NaiveModel,1074.010009765625,1074.010009765625,2026-05-21
MCD,_NaiveModel,280.2699890136719,280.2699890136719,2026-05-21
PG,_NaiveModel,142.44000244140625,142.44000244140625,2026-05-21
XOM,_NaiveModel,156.27999877929688,156.27999877929688,2026-05-21
NEE,_NaiveModel,88.2699966430664,88.2699966430664,2026-05-21
CAT,_NaiveModel,872.5599975585938,872.5599975585938,2026-05-21
LMT,_NaiveModel,522.5900268554688,522.5900268554688,2026-05-21
NVDA,_NaiveModel,220.6100006103516,220.6100006103516,2026-05-20
MSFT,_NaiveModel,417.4200134277344,417.4200134277344,2026-05-20
AAPL,_NaiveModel,298.9700012207031,298.9700012207031,2026-05-20
GOOGL,_NaiveModel,387.6600036621094,387.6600036621094,2026-05-20
AMZN,_NaiveModel,259.3399963378906,259.3399963378906,2026-05-20
META,_NaiveModel,602.6099853515625,602.6099853515625,2026-05-20
AVGO,_NaiveModel,411.0700073242188,411.0700073242188,2026-05-20
TSM,_NaiveModel,392.6099853515625,392.6099853515625,2026-05-20
ASML,_NaiveModel,1459.43994140625,1459.43994140625,2026-05-20
AMD,_NaiveModel,414.0499877929688,414.0499877929688,2026-05-20
ORCL,_NaiveModel,181.4600067138672,181.4600067138672,2026-05-20
PLTR,_NaiveModel,135.25999450683594,135.25999450683594,2026-05-20
CRM,_NaiveModel,179.4199981689453,179.4199981689453,2026-05-20
TSLA,_NaiveModel,404.1099853515625,404.1099853515625,2026-05-20
LLY,_NaiveModel,1021.4099731445312,1021.4099731445312,2026-05-20
UNH,_NaiveModel,389.239990234375,389.239990234375,2026-05-20
MRK,_NaiveModel,114.23999786376952,114.23999786376952,2026-05-20
JNJ,_NaiveModel,230.0,230.0,2026-05-20
JPM,_NaiveModel,295.70001220703125,295.70001220703125,2026-05-20
V,_NaiveModel,329.9100036621094,329.9100036621094,2026-05-20
MA,_NaiveModel,499.7000122070313,499.7000122070313,2026-05-20
BRK-B,_NaiveModel,480.4599914550781,480.4599914550781,2026-05-20
WMT,_NaiveModel,134.1999969482422,134.1999969482422,2026-05-20
COST,_NaiveModel,1094.3199462890625,1094.3199462890625,2026-05-20
MCD,_NaiveModel,280.79998779296875,280.79998779296875,2026-05-20
PG,_NaiveModel,141.3000030517578,141.3000030517578,2026-05-20
XOM,_NaiveModel,162.5500030517578,162.5500030517578,2026-05-20
NEE,_NaiveModel,90.05999755859375,90.05999755859375,2026-05-20
CAT,_NaiveModel,860.1500244140625,860.1500244140625,2026-05-20
LMT,_NaiveModel,526.6300048828125,526.6300048828125,2026-05-20
NVDA,_NaiveModel,222.32000732421875,222.32000732421875,2026-05-19
MSFT,_NaiveModel,423.5400085449219,423.5400085449219,2026-05-19
AAPL,_NaiveModel,297.8399963378906,297.8399963378906,2026-05-19
GOOGL,_NaiveModel,396.9400024414063,396.9400024414063,2026-05-19
AMZN,_NaiveModel,264.8599853515625,264.8599853515625,2026-05-19
META,_NaiveModel,611.2100219726562,611.2100219726562,2026-05-19
AVGO,_NaiveModel,420.7099914550781,420.7099914550781,2026-05-19
TSM,_NaiveModel,395.9500122070313,395.9500122070313,2026-05-19
ASML,_NaiveModel,1472.3900146484375,1472.3900146484375,2026-05-19
AMD,_NaiveModel,420.989990234375,420.989990234375,2026-05-19
ORCL,_NaiveModel,186.6100006103516,186.6100006103516,2026-05-19
PLTR,_NaiveModel,135.13999938964844,135.13999938964844,2026-05-19
CRM,_NaiveModel,179.47999572753906,179.47999572753906,2026-05-19
TSLA,_NaiveModel,409.989990234375,409.989990234375,2026-05-19
LLY,_NaiveModel,988.0900268554688,988.0900268554688,2026-05-19
UNH,_NaiveModel,391.1300048828125,391.1300048828125,2026-05-19
MRK,_NaiveModel,112.55999755859376,112.55999755859376,2026-05-19
JNJ,_NaiveModel,228.9199981689453,228.9199981689453,2026-05-19
JPM,_NaiveModel,300.7300109863281,300.7300109863281,2026-05-19
V,_NaiveModel,332.6400146484375,332.6400146484375,2026-05-19
MA,_NaiveModel,505.7900085449219,505.7900085449219,2026-05-19
BRK-B,_NaiveModel,488.3800048828125,488.3800048828125,2026-05-19
WMT,_NaiveModel,133.33999633789062,133.33999633789062,2026-05-19
COST,_NaiveModel,1076.469970703125,1076.469970703125,2026-05-19
MCD,_NaiveModel,282.4700012207031,282.4700012207031,2026-05-19
PG,_NaiveModel,142.38999938964844,142.38999938964844,2026-05-19
XOM,_NaiveModel,160.49000549316406,160.49000549316406,2026-05-19
NEE,_NaiveModel,89.04000091552734,89.04000091552734,2026-05-19
CAT,_NaiveModel,863.9500122070312,863.9500122070312,2026-05-19
LMT,_NaiveModel,528.3099975585938,528.3099975585938,2026-05-19
NVDA,_NaiveModel,225.32000732421875,225.32000732421875,2026-05-18
MSFT,_NaiveModel,421.9200134277344,421.9200134277344,2026-05-18
AAPL,_NaiveModel,300.2300109863281,300.2300109863281,2026-05-18
GOOGL,_NaiveModel,396.7799987792969,396.7799987792969,2026-05-18
AMZN,_NaiveModel,264.1400146484375,264.1400146484375,2026-05-18
META,_NaiveModel,614.22998046875,614.22998046875,2026-05-18
AVGO,_NaiveModel,425.1900024414063,425.1900024414063,2026-05-18
TSM,_NaiveModel,404.3500061035156,404.3500061035156,2026-05-18
ASML,_NaiveModel,1501.81005859375,1501.81005859375,2026-05-18
AMD,_NaiveModel,424.1000061035156,424.1000061035156,2026-05-18
ORCL,_NaiveModel,192.9499969482422,192.9499969482422,2026-05-18
PLTR,_NaiveModel,133.99000549316406,133.99000549316406,2026-05-18
CRM,_NaiveModel,173.50999450683594,173.50999450683594,2026-05-18
TSLA,_NaiveModel,422.239990234375,422.239990234375,2026-05-18
LLY,_NaiveModel,1004.9199829101562,1004.9199829101562,2026-05-18
UNH,_NaiveModel,393.8500061035156,393.8500061035156,2026-05-18
MRK,_NaiveModel,111.37999725341795,111.37999725341795,2026-05-18
JNJ,_NaiveModel,226.7100067138672,226.7100067138672,2026-05-18
JPM,_NaiveModel,297.8099975585937,297.8099975585937,2026-05-18
V,_NaiveModel,325.75,325.75,2026-05-18
MA,_NaiveModel,494.2000122070313,494.2000122070313,2026-05-18
BRK-B,_NaiveModel,482.7000122070313,482.7000122070313,2026-05-18
WMT,_NaiveModel,131.4499969482422,131.4499969482422,2026-05-18
COST,_NaiveModel,1048.949951171875,1048.949951171875,2026-05-18
MCD,_NaiveModel,276.3900146484375,276.3900146484375,2026-05-18
PG,_NaiveModel,141.57000732421875,141.57000732421875,2026-05-18
XOM,_NaiveModel,157.9199981689453,157.9199981689453,2026-05-18
NEE,_NaiveModel,93.36000061035156,93.36000061035156,2026-05-18
CAT,_NaiveModel,888.3099975585938,888.3099975585938,2026-05-18
LMT,_NaiveModel,516.010009765625,516.010009765625,2026-05-18
NVDA,_NaiveModel,225.32000732421875,225.32000732421875,2026-05-18
MSFT,_NaiveModel,421.9200134277344,421.9200134277344,2026-05-18
AAPL,_NaiveModel,300.2300109863281,300.2300109863281,2026-05-18
GOOGL,_NaiveModel,396.7799987792969,396.7799987792969,2026-05-18
AMZN,_NaiveModel,264.1400146484375,264.1400146484375,2026-05-18
META,_NaiveModel,614.22998046875,614.22998046875,2026-05-18
AVGO,_NaiveModel,425.1900024414063,425.1900024414063,2026-05-18
TSM,_NaiveModel,404.3500061035156,404.3500061035156,2026-05-18
ASML,_NaiveModel,1501.81005859375,1501.81005859375,2026-05-18
AMD,_NaiveModel,424.1000061035156,424.1000061035156,2026-05-18
ORCL,_NaiveModel,192.9499969482422,192.9499969482422,2026-05-18
PLTR,_NaiveModel,133.99000549316406,133.99000549316406,2026-05-18
CRM,_NaiveModel,173.50999450683594,173.50999450683594,2026-05-18
TSLA,_NaiveModel,422.239990234375,422.239990234375,2026-05-18
LLY,_NaiveModel,1004.9199829101562,1004.9199829101562,2026-05-18
UNH,_NaiveModel,393.8500061035156,393.8500061035156,2026-05-18
MRK,_NaiveModel,111.37999725341795,111.37999725341795,2026-05-18
JNJ,_NaiveModel,226.7100067138672,226.7100067138672,2026-05-18
JPM,_NaiveModel,297.8099975585937,297.8099975585937,2026-05-18
V,_NaiveModel,325.75,325.75,2026-05-18
MA,_NaiveModel,494.2000122070313,494.2000122070313,2026-05-18
BRK-B,_NaiveModel,482.7000122070313,482.7000122070313,2026-05-18
WMT,_NaiveModel,131.4499969482422,131.4499969482422,2026-05-18
COST,_NaiveModel,1048.949951171875,1048.949951171875,2026-05-18
MCD,_NaiveModel,276.3900146484375,276.3900146484375,2026-05-18
PG,_NaiveModel,141.57000732421875,141.57000732421875,2026-05-18
XOM,_NaiveModel,157.9199981689453,157.9199981689453,2026-05-18
NEE,_NaiveModel,93.36000061035156,93.36000061035156,2026-05-18
CAT,_NaiveModel,888.3099975585938,888.3099975585938,2026-05-18
LMT,_NaiveModel,516.010009765625,516.010009765625,2026-05-18
NVDA,_NaiveModel,225.32000732421875,225.32000732421875,2026-05-18
MSFT,_NaiveModel,421.9200134277344,421.9200134277344,2026-05-18
AAPL,_NaiveModel,300.2300109863281,300.2300109863281,2026-05-18
GOOGL,_NaiveModel,396.7799987792969,396.7799987792969,2026-05-18
AMZN,_NaiveModel,264.1400146484375,264.1400146484375,2026-05-18
META,_NaiveModel,614.22998046875,614.22998046875,2026-05-18
AVGO,_NaiveModel,425.1900024414063,425.1900024414063,2026-05-18
TSM,_NaiveModel,404.3500061035156,404.3500061035156,2026-05-18
ASML,_NaiveModel,1501.81005859375,1501.81005859375,2026-05-18
AMD,_NaiveModel,424.1000061035156,424.1000061035156,2026-05-18
ORCL,_NaiveModel,192.9499969482422,192.9499969482422,2026-05-18
PLTR,_NaiveModel,133.99000549316406,133.99000549316406,2026-05-18
CRM,_NaiveModel,173.50999450683594,173.50999450683594,2026-05-18
TSLA,_NaiveModel,422.239990234375,422.239990234375,2026-05-18
LLY,_NaiveModel,1004.9199829101562,1004.9199829101562,2026-05-18
UNH,_NaiveModel,393.8500061035156,393.8500061035156,2026-05-18
MRK,_NaiveModel,111.37999725341795,111.37999725341795,2026-05-18
JNJ,_NaiveModel,226.7100067138672,226.7100067138672,2026-05-18
JPM,_NaiveModel,297.8099975585937,297.8099975585937,2026-05-18
V,_NaiveModel,325.75,325.75,2026-05-18
MA,_NaiveModel,494.2000122070313,494.2000122070313,2026-05-18
BRK-B,_NaiveModel,482.7000122070313,482.7000122070313,2026-05-18
WMT,_NaiveModel,131.4499969482422,131.4499969482422,2026-05-18
COST,_NaiveModel,1048.949951171875,1048.949951171875,2026-05-18
MCD,_NaiveModel,276.3900146484375,276.3900146484375,2026-05-18
PG,_NaiveModel,141.57000732421875,141.57000732421875,2026-05-18
XOM,_NaiveModel,157.9199981689453,157.9199981689453,2026-05-18
NEE,_NaiveModel,93.36000061035156,93.36000061035156,2026-05-18
CAT,_NaiveModel,888.3099975585938,888.3099975585938,2026-05-18
LMT,_NaiveModel,516.010009765625,516.010009765625,2026-05-18
NVDA,_NaiveModel,235.7400054931641,235.7400054931641,2026-05-15
MSFT,_NaiveModel,409.4299926757813,409.4299926757813,2026-05-15
AAPL,_NaiveModel,298.2099914550781,298.2099914550781,2026-05-15
GOOGL,_NaiveModel,401.0700073242188,401.0700073242188,2026-05-15
AMZN,_NaiveModel,267.2200012207031,267.2200012207031,2026-05-15
META,_NaiveModel,618.4299926757812,618.4299926757812,2026-05-15
AVGO,_NaiveModel,439.7900085449219,439.7900085449219,2026-05-15
TSM,_NaiveModel,417.7200012207031,417.7200012207031,2026-05-15
ASML,_NaiveModel,1584.510009765625,1584.510009765625,2026-05-15
AMD,_NaiveModel,449.7000122070313,449.7000122070313,2026-05-15
ORCL,_NaiveModel,195.6100006103516,195.6100006103516,2026-05-15
PLTR,_NaiveModel,133.72999572753906,133.72999572753906,2026-05-15
CRM,_NaiveModel,167.5800018310547,167.5800018310547,2026-05-15
TSLA,_NaiveModel,443.2999877929688,443.2999877929688,2026-05-15
LLY,_NaiveModel,1006.7000122070312,1006.7000122070312,2026-05-15
UNH,_NaiveModel,399.0899963378906,399.0899963378906,2026-05-15
MRK,_NaiveModel,113.41000366210938,113.41000366210938,2026-05-15
JNJ,_NaiveModel,230.8000030517578,230.8000030517578,2026-05-15
JPM,_NaiveModel,299.9100036621094,299.9100036621094,2026-05-15
V,_NaiveModel,322.5199890136719,322.5199890136719,2026-05-15
MA,_NaiveModel,489.9400024414063,489.9400024414063,2026-05-15
BRK-B,_NaiveModel,484.05999755859375,484.05999755859375,2026-05-15
WMT,_NaiveModel,132.4600067138672,132.4600067138672,2026-05-15
COST,_NaiveModel,1041.25,1041.25,2026-05-15
MCD,_NaiveModel,274.9700012207031,274.9700012207031,2026-05-15
PG,_NaiveModel,142.7100067138672,142.7100067138672,2026-05-15
XOM,_NaiveModel,152.77999877929688,152.77999877929688,2026-05-15
NEE,_NaiveModel,95.68000030517578,95.68000030517578,2026-05-15
CAT,_NaiveModel,920.219970703125,920.219970703125,2026-05-15
LMT,_NaiveModel,520.4099731445312,520.4099731445312,2026-05-15
NVDA,_NaiveModel,225.8300018310547,225.8300018310547,2026-05-14
MSFT,_NaiveModel,405.2099914550781,405.2099914550781,2026-05-14
AAPL,_NaiveModel,298.8699951171875,298.8699951171875,2026-05-14
GOOGL,_NaiveModel,402.6199951171875,402.6199951171875,2026-05-14
AMZN,_NaiveModel,270.1300048828125,270.1300048828125,2026-05-14
META,_NaiveModel,616.6300048828125,616.6300048828125,2026-05-14
AVGO,_NaiveModel,416.7900085449219,416.7900085449219,2026-05-14
TSM,_NaiveModel,399.7999877929688,399.7999877929688,2026-05-14
ASML,_NaiveModel,1581.5799560546875,1581.5799560546875,2026-05-14
AMD,_NaiveModel,445.5,445.5,2026-05-14
ORCL,_NaiveModel,189.759994506836,189.759994506836,2026-05-14
PLTR,_NaiveModel,130.0500030517578,130.0500030517578,2026-05-14
CRM,_NaiveModel,165.83999633789062,165.83999633789062,2026-05-14
TSLA,_NaiveModel,445.2699890136719,445.2699890136719,2026-05-14
LLY,_NaiveModel,1015.75,1015.75,2026-05-14
UNH,_NaiveModel,401.1600036621094,401.1600036621094,2026-05-14
MRK,_NaiveModel,113.4499969482422,113.4499969482422,2026-05-14
JNJ,_NaiveModel,230.4199981689453,230.4199981689453,2026-05-14
JPM,_NaiveModel,300.25,300.25,2026-05-14
V,_NaiveModel,320.3099975585937,320.3099975585937,2026-05-14
MA,_NaiveModel,490.6400146484375,490.6400146484375,2026-05-14
BRK-B,_NaiveModel,485.5199890136719,485.5199890136719,2026-05-14
WMT,_NaiveModel,131.47000122070312,131.47000122070312,2026-05-14
COST,_NaiveModel,1033.0799560546875,1033.0799560546875,2026-05-14
MCD,_NaiveModel,275.70001220703125,275.70001220703125,2026-05-14
PG,_NaiveModel,142.24000549316406,142.24000549316406,2026-05-14
XOM,_NaiveModel,151.57000732421875,151.57000732421875,2026-05-14
NEE,_NaiveModel,94.8499984741211,94.8499984741211,2026-05-14
CAT,_NaiveModel,902.2999877929688,902.2999877929688,2026-05-14
LMT,_NaiveModel,519.9400024414062,519.9400024414062,2026-05-14
NVDA,_NaiveModel,220.77999877929688,220.77999877929688,2026-05-13
MSFT,_NaiveModel,407.7699890136719,407.7699890136719,2026-05-13
AAPL,_NaiveModel,294.79998779296875,294.79998779296875,2026-05-13
GOOGL,_NaiveModel,387.3500061035156,387.3500061035156,2026-05-13
AMZN,_NaiveModel,265.82000732421875,265.82000732421875,2026-05-13
META,_NaiveModel,603.0,603.0,2026-05-13
AVGO,_NaiveModel,419.2999877929688,419.2999877929688,2026-05-13
TSM,_NaiveModel,397.2799987792969,397.2799987792969,2026-05-13
ASML,_NaiveModel,1520.93994140625,1520.93994140625,2026-05-13
AMD,_NaiveModel,448.2900085449219,448.2900085449219,2026-05-13
ORCL,_NaiveModel,186.8300018310547,186.8300018310547,2026-05-13
PLTR,_NaiveModel,136.0,136.0,2026-05-13
CRM,_NaiveModel,171.30999755859375,171.30999755859375,2026-05-13
TSLA,_NaiveModel,433.4500122070313,433.4500122070313,2026-05-13
LLY,_NaiveModel,989.8699951171876,989.8699951171876,2026-05-13
UNH,_NaiveModel,396.3900146484375,396.3900146484375,2026-05-13
MRK,_NaiveModel,112.37000274658205,112.37000274658205,2026-05-13
JNJ,_NaiveModel,224.259994506836,224.259994506836,2026-05-13
JPM,_NaiveModel,304.8800048828125,304.8800048828125,2026-05-13
V,_NaiveModel,326.4200134277344,326.4200134277344,2026-05-13
MA,_NaiveModel,499.80999755859375,499.80999755859375,2026-05-13
BRK-B,_NaiveModel,484.9599914550781,484.9599914550781,2026-05-13
WMT,_NaiveModel,130.35000610351562,130.35000610351562,2026-05-13
COST,_NaiveModel,1021.8800048828124,1021.8800048828124,2026-05-13
MCD,_NaiveModel,274.8399963378906,274.8399963378906,2026-05-13
PG,_NaiveModel,143.91000366210938,143.91000366210938,2026-05-13
XOM,_NaiveModel,150.6300048828125,150.6300048828125,2026-05-13
NEE,_NaiveModel,94.58999633789062,94.58999633789062,2026-05-13
CAT,_NaiveModel,912.1400146484376,912.1400146484376,2026-05-13
LMT,_NaiveModel,521.0,521.0,2026-05-13
NVDA,_NaiveModel,219.44000244140625,219.44000244140625,2026-05-12
MSFT,_NaiveModel,412.6600036621094,412.6600036621094,2026-05-12
AAPL,_NaiveModel,292.67999267578125,292.67999267578125,2026-05-12
GOOGL,_NaiveModel,388.6400146484375,388.6400146484375,2026-05-12
AMZN,_NaiveModel,268.989990234375,268.989990234375,2026-05-12
META,_NaiveModel,598.8599853515625,598.8599853515625,2026-05-12
AVGO,_NaiveModel,428.4299926757813,428.4299926757813,2026-05-12
TSM,_NaiveModel,404.5400085449219,404.5400085449219,2026-05-12
ASML,_NaiveModel,1565.81005859375,1565.81005859375,2026-05-12
AMD,_NaiveModel,458.7900085449219,458.7900085449219,2026-05-12
ORCL,_NaiveModel,193.83999633789065,193.83999633789065,2026-05-12
PLTR,_NaiveModel,136.88999938964844,136.88999938964844,2026-05-12
CRM,_NaiveModel,177.49000549316406,177.49000549316406,2026-05-12
TSLA,_NaiveModel,445.0,445.0,2026-05-12
LLY,_NaiveModel,966.989990234375,966.989990234375,2026-05-12
UNH,_NaiveModel,384.4400024414063,384.4400024414063,2026-05-12
MRK,_NaiveModel,111.27999877929688,111.27999877929688,2026-05-12
JNJ,_NaiveModel,221.42999267578125,221.42999267578125,2026-05-12
JPM,_NaiveModel,300.0,300.0,2026-05-12
V,_NaiveModel,323.8599853515625,323.8599853515625,2026-05-12
MA,_NaiveModel,497.80999755859375,497.80999755859375,2026-05-12
BRK-B,_NaiveModel,479.5499877929688,479.5499877929688,2026-05-12
WMT,_NaiveModel,127.58999633789062,127.58999633789062,2026-05-12
COST,_NaiveModel,999.469970703125,999.469970703125,2026-05-12
MCD,_NaiveModel,274.6000061035156,274.6000061035156,2026-05-12
PG,_NaiveModel,143.36000061035156,143.36000061035156,2026-05-12
XOM,_NaiveModel,149.67999267578125,149.67999267578125,2026-05-12
NEE,_NaiveModel,94.83999633789062,94.83999633789062,2026-05-12
CAT,_NaiveModel,926.7899780273438,926.7899780273438,2026-05-12
LMT,_NaiveModel,512.25,512.25,2026-05-12
NVDA,_NaiveModel,215.1999969482422,215.1999969482422,2026-05-11
MSFT,_NaiveModel,415.1199951171875,415.1199951171875,2026-05-11
AAPL,_NaiveModel,293.32000732421875,293.32000732421875,2026-05-11
GOOGL,_NaiveModel,400.7999877929688,400.7999877929688,2026-05-11
AMZN,_NaiveModel,272.67999267578125,272.67999267578125,2026-05-11
META,_NaiveModel,609.6300048828125,609.6300048828125,2026-05-11
AVGO,_NaiveModel,430.0,430.0,2026-05-11
TSM,_NaiveModel,411.6799926757813,411.6799926757813,2026-05-11
ASML,_NaiveModel,1592.02001953125,1592.02001953125,2026-05-11
AMD,_NaiveModel,455.1900024414063,455.1900024414063,2026-05-11
ORCL,_NaiveModel,195.9499969482422,195.9499969482422,2026-05-11
PLTR,_NaiveModel,137.8000030517578,137.8000030517578,2026-05-11
CRM,_NaiveModel,181.82000732421875,181.82000732421875,2026-05-11
TSLA,_NaiveModel,428.3500061035156,428.3500061035156,2026-05-11
LLY,_NaiveModel,948.4500122070312,948.4500122070312,2026-05-11
UNH,_NaiveModel,379.9800109863281,379.9800109863281,2026-05-11
MRK,_NaiveModel,111.37999725341795,111.37999725341795,2026-05-11
JNJ,_NaiveModel,221.32000732421875,221.32000732421875,2026-05-11
JPM,_NaiveModel,302.1000061035156,302.1000061035156,2026-05-11
V,_NaiveModel,318.7900085449219,318.7900085449219,2026-05-11
MA,_NaiveModel,495.4800109863281,495.4800109863281,2026-05-11
BRK-B,_NaiveModel,475.9400024414063,475.9400024414063,2026-05-11
WMT,_NaiveModel,130.42999267578125,130.42999267578125,2026-05-11
COST,_NaiveModel,1008.7899780273438,1008.7899780273438,2026-05-11
MCD,_NaiveModel,275.75,275.75,2026-05-11
PG,_NaiveModel,146.4199981689453,146.4199981689453,2026-05-11
XOM,_NaiveModel,144.57000732421875,144.57000732421875,2026-05-11
NEE,_NaiveModel,93.0999984741211,93.0999984741211,2026-05-11
CAT,_NaiveModel,897.4500122070312,897.4500122070312,2026-05-11
LMT,_NaiveModel,506.510009765625,506.510009765625,2026-05-11
NVDA,_NaiveModel,215.1999969482422,215.1999969482422,2026-05-11
MSFT,_NaiveModel,415.1199951171875,415.1199951171875,2026-05-11
AAPL,_NaiveModel,293.32000732421875,293.32000732421875,2026-05-11
GOOGL,_NaiveModel,400.7999877929688,400.7999877929688,2026-05-11
AMZN,_NaiveModel,272.67999267578125,272.67999267578125,2026-05-11
META,_NaiveModel,609.6300048828125,609.6300048828125,2026-05-11
AVGO,_NaiveModel,430.0,430.0,2026-05-11
TSM,_NaiveModel,411.6799926757813,411.6799926757813,2026-05-11
ASML,_NaiveModel,1592.02001953125,1592.02001953125,2026-05-11
AMD,_NaiveModel,455.1900024414063,455.1900024414063,2026-05-11
ORCL,_NaiveModel,195.9499969482422,195.9499969482422,2026-05-11
PLTR,_NaiveModel,137.8000030517578,137.8000030517578,2026-05-11
CRM,_NaiveModel,181.82000732421875,181.82000732421875,2026-05-11
TSLA,_NaiveModel,428.3500061035156,428.3500061035156,2026-05-11
LLY,_NaiveModel,948.4500122070312,948.4500122070312,2026-05-11
UNH,_NaiveModel,379.9800109863281,379.9800109863281,2026-05-11
MRK,_NaiveModel,111.37999725341795,111.37999725341795,2026-05-11
JNJ,_NaiveModel,221.32000732421875,221.32000732421875,2026-05-11
JPM,_NaiveModel,302.1000061035156,302.1000061035156,2026-05-11
V,_NaiveModel,318.7900085449219,318.7900085449219,2026-05-11
MA,_NaiveModel,495.4800109863281,495.4800109863281,2026-05-11
BRK-B,_NaiveModel,475.9400024414063,475.9400024414063,2026-05-11
WMT,_NaiveModel,130.42999267578125,130.42999267578125,2026-05-11
COST,_NaiveModel,1008.7899780273438,1008.7899780273438,2026-05-11
MCD,_NaiveModel,275.75,275.75,2026-05-11
PG,_NaiveModel,146.4199981689453,146.4199981689453,2026-05-11
XOM,_NaiveModel,144.57000732421875,144.57000732421875,2026-05-11
NEE,_NaiveModel,93.0999984741211,93.0999984741211,2026-05-11
CAT,_NaiveModel,897.4500122070312,897.4500122070312,2026-05-11
LMT,_NaiveModel,506.510009765625,506.510009765625,2026-05-11
NVDA,_NaiveModel,215.1999969482422,215.1999969482422,2026-05-11
MSFT,_NaiveModel,415.1199951171875,415.1199951171875,2026-05-11
AAPL,_NaiveModel,293.32000732421875,293.32000732421875,2026-05-11
GOOGL,_NaiveModel,400.7999877929688,400.7999877929688,2026-05-11
AMZN,_NaiveModel,272.67999267578125,272.67999267578125,2026-05-11
META,_NaiveModel,609.6300048828125,609.6300048828125,2026-05-11
AVGO,_NaiveModel,430.0,430.0,2026-05-11
TSM,_NaiveModel,411.6799926757813,411.6799926757813,2026-05-11
ASML,_NaiveModel,1592.02001953125,1592.02001953125,2026-05-11
AMD,_NaiveModel,455.1900024414063,455.1900024414063,2026-05-11
ORCL,_NaiveModel,195.9499969482422,195.9499969482422,2026-05-11
PLTR,_NaiveModel,137.8000030517578,137.8000030517578,2026-05-11
CRM,_NaiveModel,181.82000732421875,181.82000732421875,2026-05-11
TSLA,_NaiveModel,428.3500061035156,428.3500061035156,2026-05-11
LLY,_NaiveModel,948.4500122070312,948.4500122070312,2026-05-11
UNH,_NaiveModel,379.9800109863281,379.9800109863281,2026-05-11
MRK,_NaiveModel,111.37999725341795,111.37999725341795,2026-05-11
JNJ,_NaiveModel,221.32000732421875,221.32000732421875,2026-05-11
JPM,_NaiveModel,302.1000061035156,302.1000061035156,2026-05-11
V,_NaiveModel,318.7900085449219,318.7900085449219,2026-05-11
MA,_NaiveModel,495.4800109863281,495.4800109863281,2026-05-11
BRK-B,_NaiveModel,475.9400024414063,475.9400024414063,2026-05-11
WMT,_NaiveModel,130.42999267578125,130.42999267578125,2026-05-11
COST,_NaiveModel,1008.7899780273438,1008.7899780273438,2026-05-11
MCD,_NaiveModel,275.75,275.75,2026-05-11
PG,_NaiveModel,146.4199981689453,146.4199981689453,2026-05-11
XOM,_NaiveModel,144.57000732421875,144.57000732421875,2026-05-11
NEE,_NaiveModel,93.0999984741211,93.0999984741211,2026-05-11
CAT,_NaiveModel,897.4500122070312,897.4500122070312,2026-05-11
LMT,_NaiveModel,506.510009765625,506.510009765625,2026-05-11
NVDA,_NaiveModel,211.5,211.5,2026-05-08
MSFT,_NaiveModel,420.7699890136719,420.7699890136719,2026-05-08
AAPL,_NaiveModel,287.44000244140625,287.44000244140625,2026-05-08
GOOGL,_NaiveModel,397.989990234375,397.989990234375,2026-05-08
AMZN,_NaiveModel,271.1700134277344,271.1700134277344,2026-05-08
META,_NaiveModel,616.8099975585938,616.8099975585938,2026-05-08
AVGO,_NaiveModel,412.55999755859375,412.55999755859375,2026-05-08
TSM,_NaiveModel,414.1499938964844,414.1499938964844,2026-05-08
ASML,_NaiveModel,1516.5999755859375,1516.5999755859375,2026-05-08
AMD,_NaiveModel,408.4599914550781,408.4599914550781,2026-05-08
ORCL,_NaiveModel,194.58999633789065,194.58999633789065,2026-05-08
PLTR,_NaiveModel,137.0500030517578,137.0500030517578,2026-05-08
CRM,_NaiveModel,186.33999633789065,186.33999633789065,2026-05-08
TSLA,_NaiveModel,411.7900085449219,411.7900085449219,2026-05-08
LLY,_NaiveModel,974.9600219726562,974.9600219726562,2026-05-08
UNH,_NaiveModel,369.739990234375,369.739990234375,2026-05-08
MRK,_NaiveModel,112.3000030517578,112.3000030517578,2026-05-08
JNJ,_NaiveModel,222.509994506836,222.509994506836,2026-05-08
JPM,_NaiveModel,306.2699890136719,306.2699890136719,2026-05-08
V,_NaiveModel,321.2799987792969,321.2799987792969,2026-05-08
MA,_NaiveModel,500.9400024414063,500.9400024414063,2026-05-08
BRK-B,_NaiveModel,475.0799865722656,475.0799865722656,2026-05-08
WMT,_NaiveModel,130.1999969482422,130.1999969482422,2026-05-08
COST,_NaiveModel,1012.0599975585938,1012.0599975585938,2026-05-08
MCD,_NaiveModel,283.70001220703125,283.70001220703125,2026-05-08
PG,_NaiveModel,146.05999755859375,146.05999755859375,2026-05-08
XOM,_NaiveModel,146.5800018310547,146.5800018310547,2026-05-08
NEE,_NaiveModel,93.31999969482422,93.31999969482422,2026-05-08
CAT,_NaiveModel,895.6900024414062,895.6900024414062,2026-05-08
LMT,_NaiveModel,512.4099731445312,512.4099731445312,2026-05-08
NVDA,_NaiveModel,207.8300018310547,207.8300018310547,2026-05-07
MSFT,_NaiveModel,413.9599914550781,413.9599914550781,2026-05-07
AAPL,_NaiveModel,287.510009765625,287.510009765625,2026-05-07
GOOGL,_NaiveModel,398.0400085449219,398.0400085449219,2026-05-07
AMZN,_NaiveModel,274.989990234375,274.989990234375,2026-05-07
META,_NaiveModel,612.8800048828125,612.8800048828125,2026-05-07
AVGO,_NaiveModel,425.4400024414063,425.4400024414063,2026-05-07
TSM,_NaiveModel,419.5,419.5,2026-05-07
ASML,_NaiveModel,1544.739990234375,1544.739990234375,2026-05-07
AMD,_NaiveModel,421.3900146484375,421.3900146484375,2026-05-07
ORCL,_NaiveModel,194.02999877929688,194.02999877929688,2026-05-07
PLTR,_NaiveModel,133.7899932861328,133.7899932861328,2026-05-07
CRM,_NaiveModel,181.19000244140625,181.19000244140625,2026-05-07
TSLA,_NaiveModel,398.7300109863281,398.7300109863281,2026-05-07
LLY,_NaiveModel,987.0499877929688,987.0499877929688,2026-05-07
UNH,_NaiveModel,367.2799987792969,367.2799987792969,2026-05-07
MRK,_NaiveModel,113.55999755859376,113.55999755859376,2026-05-07
JNJ,_NaiveModel,224.6199951171875,224.6199951171875,2026-05-07
JPM,_NaiveModel,314.8999938964844,314.8999938964844,2026-05-07
V,_NaiveModel,318.79998779296875,318.79998779296875,2026-05-07
MA,_NaiveModel,491.8900146484375,491.8900146484375,2026-05-07
BRK-B,_NaiveModel,469.8299865722656,469.8299865722656,2026-05-07
WMT,_NaiveModel,130.0800018310547,130.0800018310547,2026-05-07
COST,_NaiveModel,995.75,995.75,2026-05-07
MCD,_NaiveModel,284.1000061035156,284.1000061035156,2026-05-07
PG,_NaiveModel,147.89999389648438,147.89999389648438,2026-05-07
XOM,_NaiveModel,148.69000244140625,148.69000244140625,2026-05-07
NEE,_NaiveModel,95.38999938964844,95.38999938964844,2026-05-07
CAT,_NaiveModel,926.9299926757812,926.9299926757812,2026-05-07
LMT,_NaiveModel,514.260009765625,514.260009765625,2026-05-07
NVDA,_NaiveModel,196.5,196.5,2026-05-06
MSFT,_NaiveModel,411.3800048828125,411.3800048828125,2026-05-06
AAPL,_NaiveModel,284.17999267578125,284.17999267578125,2026-05-06
GOOGL,_NaiveModel,388.4299926757813,388.4299926757813,2026-05-06
AMZN,_NaiveModel,273.54998779296875,273.54998779296875,2026-05-06
META,_NaiveModel,604.9600219726562,604.9600219726562,2026-05-06
AVGO,_NaiveModel,427.3599853515625,427.3599853515625,2026-05-06
TSM,_NaiveModel,394.4100036621094,394.4100036621094,2026-05-06
ASML,_NaiveModel,1442.9200439453125,1442.9200439453125,2026-05-06
AMD,_NaiveModel,355.260009765625,355.260009765625,2026-05-06
ORCL,_NaiveModel,185.3500061035156,185.3500061035156,2026-05-06
PLTR,_NaiveModel,135.91000366210938,135.91000366210938,2026-05-06
CRM,_NaiveModel,186.9900054931641,186.9900054931641,2026-05-06
TSLA,_NaiveModel,389.3699951171875,389.3699951171875,2026-05-06
LLY,_NaiveModel,988.8699951171876,988.8699951171876,2026-05-06
UNH,_NaiveModel,363.8699951171875,363.8699951171875,2026-05-06
MRK,_NaiveModel,113.1500015258789,113.1500015258789,2026-05-06
JNJ,_NaiveModel,225.5500030517578,225.5500030517578,2026-05-06
JPM,_NaiveModel,309.3999938964844,309.3999938964844,2026-05-06
V,_NaiveModel,322.0299987792969,322.0299987792969,2026-05-06
MA,_NaiveModel,497.0799865722656,497.0799865722656,2026-05-06
BRK-B,_NaiveModel,465.5199890136719,465.5199890136719,2026-05-06
WMT,_NaiveModel,130.7899932861328,130.7899932861328,2026-05-06
COST,_NaiveModel,1016.4199829101562,1016.4199829101562,2026-05-06
MCD,_NaiveModel,285.1700134277344,285.1700134277344,2026-05-06
PG,_NaiveModel,144.89999389648438,144.89999389648438,2026-05-06
XOM,_NaiveModel,154.8800048828125,154.8800048828125,2026-05-06
NEE,_NaiveModel,96.27999877929688,96.27999877929688,2026-05-06
CAT,_NaiveModel,904.5900268554688,904.5900268554688,2026-05-06
LMT,_NaiveModel,508.9299926757813,508.9299926757813,2026-05-06
NVDA,_NaiveModel,198.47999572753903,198.47999572753903,2026-05-05
MSFT,_NaiveModel,413.6199951171875,413.6199951171875,2026-05-05
AAPL,_NaiveModel,276.8299865722656,276.8299865722656,2026-05-05
GOOGL,_NaiveModel,383.25,383.25,2026-05-05
AMZN,_NaiveModel,272.04998779296875,272.04998779296875,2026-05-05
META,_NaiveModel,610.4099731445312,610.4099731445312,2026-05-05
AVGO,_NaiveModel,416.5,416.5,2026-05-05
TSM,_NaiveModel,401.6099853515625,401.6099853515625,2026-05-05
ASML,_NaiveModel,1386.2099609375,1386.2099609375,2026-05-05
AMD,_NaiveModel,341.5400085449219,341.5400085449219,2026-05-05
ORCL,_NaiveModel,180.2899932861328,180.2899932861328,2026-05-05
PLTR,_NaiveModel,146.02999877929688,146.02999877929688,2026-05-05
CRM,_NaiveModel,185.47999572753903,185.47999572753903,2026-05-05
TSLA,_NaiveModel,392.510009765625,392.510009765625,2026-05-05
LLY,_NaiveModel,967.9299926757812,967.9299926757812,2026-05-05
UNH,_NaiveModel,370.75,370.75,2026-05-05
MRK,_NaiveModel,113.11000061035156,113.11000061035156,2026-05-05
JNJ,_NaiveModel,224.1999969482422,224.1999969482422,2026-05-05
JPM,_NaiveModel,307.6499938964844,307.6499938964844,2026-05-05
V,_NaiveModel,326.8500061035156,326.8500061035156,2026-05-05
MA,_NaiveModel,504.739990234375,504.739990234375,2026-05-05
BRK-B,_NaiveModel,468.5199890136719,468.5199890136719,2026-05-05
WMT,_NaiveModel,130.3300018310547,130.3300018310547,2026-05-05
COST,_NaiveModel,1012.7899780273438,1012.7899780273438,2026-05-05
MCD,_NaiveModel,284.1000061035156,284.1000061035156,2026-05-05
PG,_NaiveModel,143.4199981689453,143.4199981689453,2026-05-05
XOM,_NaiveModel,153.69000244140625,153.69000244140625,2026-05-05
NEE,_NaiveModel,95.51000213623048,95.51000213623048,2026-05-05
CAT,_NaiveModel,874.780029296875,874.780029296875,2026-05-05
LMT,_NaiveModel,518.1500244140625,518.1500244140625,2026-05-05
NVDA,_NaiveModel,198.4499969482422,198.4499969482422,2026-05-04
MSFT,_NaiveModel,414.4400024414063,414.4400024414063,2026-05-04
AAPL,_NaiveModel,280.1400146484375,280.1400146484375,2026-05-04
GOOGL,_NaiveModel,385.6900024414063,385.6900024414063,2026-05-04
AMZN,_NaiveModel,268.260009765625,268.260009765625,2026-05-04
META,_NaiveModel,608.75,608.75,2026-05-04
AVGO,_NaiveModel,421.2799987792969,421.2799987792969,2026-05-04
TSM,_NaiveModel,397.6700134277344,397.6700134277344,2026-05-04
ASML,_NaiveModel,1427.02001953125,1427.02001953125,2026-05-04
AMD,_NaiveModel,360.5400085449219,360.5400085449219,2026-05-04
ORCL,_NaiveModel,171.8300018310547,171.8300018310547,2026-05-04
PLTR,_NaiveModel,144.07000732421875,144.07000732421875,2026-05-04
CRM,_NaiveModel,183.82000732421875,183.82000732421875,2026-05-04
TSLA,_NaiveModel,390.8200073242188,390.8200073242188,2026-05-04
LLY,_NaiveModel,963.3300170898438,963.3300170898438,2026-05-04
UNH,_NaiveModel,368.7799987792969,368.7799987792969,2026-05-04
MRK,_NaiveModel,112.16000366210938,112.16000366210938,2026-05-04
JNJ,_NaiveModel,227.19000244140625,227.19000244140625,2026-05-04
JPM,_NaiveModel,312.4700012207031,312.4700012207031,2026-05-04
V,_NaiveModel,328.0299987792969,328.0299987792969,2026-05-04
MA,_NaiveModel,495.4599914550781,495.4599914550781,2026-05-04
BRK-B,_NaiveModel,473.010009765625,473.010009765625,2026-05-04
WMT,_NaiveModel,131.60000610351562,131.60000610351562,2026-05-04
COST,_NaiveModel,1011.7000122070312,1011.7000122070312,2026-05-04
MCD,_NaiveModel,286.6400146484375,286.6400146484375,2026-05-04
PG,_NaiveModel,147.25999450683594,147.25999450683594,2026-05-04
XOM,_NaiveModel,152.75,152.75,2026-05-04
NEE,_NaiveModel,96.9499969482422,96.9499969482422,2026-05-04
CAT,_NaiveModel,889.6699829101562,889.6699829101562,2026-05-04
LMT,_NaiveModel,512.77001953125,512.77001953125,2026-05-04
NVDA,_NaiveModel,198.4499969482422,198.4499969482422,2026-05-04
MSFT,_NaiveModel,414.4400024414063,414.4400024414063,2026-05-04
AAPL,_NaiveModel,280.1400146484375,280.1400146484375,2026-05-04
GOOGL,_NaiveModel,385.6900024414063,385.6900024414063,2026-05-04
AMZN,_NaiveModel,268.260009765625,268.260009765625,2026-05-04
META,_NaiveModel,608.75,608.75,2026-05-04
AVGO,_NaiveModel,421.2799987792969,421.2799987792969,2026-05-04
TSM,_NaiveModel,397.6700134277344,397.6700134277344,2026-05-04
ASML,_NaiveModel,1427.02001953125,1427.02001953125,2026-05-04
AMD,_NaiveModel,360.5400085449219,360.5400085449219,2026-05-04
ORCL,_NaiveModel,171.8300018310547,171.8300018310547,2026-05-04
PLTR,_NaiveModel,144.07000732421875,144.07000732421875,2026-05-04
CRM,_NaiveModel,183.82000732421875,183.82000732421875,2026-05-04
TSLA,_NaiveModel,390.8200073242188,390.8200073242188,2026-05-04
LLY,_NaiveModel,963.3300170898438,963.3300170898438,2026-05-04
UNH,_NaiveModel,368.7799987792969,368.7799987792969,2026-05-04
MRK,_NaiveModel,112.16000366210938,112.16000366210938,2026-05-04
JNJ,_NaiveModel,227.19000244140625,227.19000244140625,2026-05-04
JPM,_NaiveModel,312.4700012207031,312.4700012207031,2026-05-04
V,_NaiveModel,328.0299987792969,328.0299987792969,2026-05-04
MA,_NaiveModel,495.4599914550781,495.4599914550781,2026-05-04
BRK-B,_NaiveModel,473.010009765625,473.010009765625,2026-05-04
WMT,_NaiveModel,131.60000610351562,131.60000610351562,2026-05-04
COST,_NaiveModel,1011.7000122070312,1011.7000122070312,2026-05-04
MCD,_NaiveModel,286.6400146484375,286.6400146484375,2026-05-04
PG,_NaiveModel,147.25999450683594,147.25999450683594,2026-05-04
XOM,_NaiveModel,152.75,152.75,2026-05-04
NEE,_NaiveModel,96.9499969482422,96.9499969482422,2026-05-04
CAT,_NaiveModel,889.6699829101562,889.6699829101562,2026-05-04
LMT,_NaiveModel,512.77001953125,512.77001953125,2026-05-04
NVDA,_NaiveModel,198.4499969482422,198.4499969482422,2026-05-04
MSFT,_NaiveModel,414.4400024414063,414.4400024414063,2026-05-04
AAPL,_NaiveModel,280.1400146484375,280.1400146484375,2026-05-04
GOOGL,_NaiveModel,385.6900024414063,385.6900024414063,2026-05-04
AMZN,_NaiveModel,268.260009765625,268.260009765625,2026-05-04
META,_NaiveModel,608.75,608.75,2026-05-04
AVGO,_NaiveModel,421.2799987792969,421.2799987792969,2026-05-04
TSM,_NaiveModel,397.6700134277344,397.6700134277344,2026-05-04
ASML,_NaiveModel,1427.02001953125,1427.02001953125,2026-05-04
AMD,_NaiveModel,360.5400085449219,360.5400085449219,2026-05-04
ORCL,_NaiveModel,171.8300018310547,171.8300018310547,2026-05-04
PLTR,_NaiveModel,144.07000732421875,144.07000732421875,2026-05-04
CRM,_NaiveModel,183.82000732421875,183.82000732421875,2026-05-04
TSLA,_NaiveModel,390.8200073242188,390.8200073242188,2026-05-04
LLY,_NaiveModel,963.3300170898438,963.3300170898438,2026-05-04
UNH,_NaiveModel,368.7799987792969,368.7799987792969,2026-05-04
MRK,_NaiveModel,112.16000366210938,112.16000366210938,2026-05-04
JNJ,_NaiveModel,227.19000244140625,227.19000244140625,2026-05-04
JPM,_NaiveModel,312.4700012207031,312.4700012207031,2026-05-04
V,_NaiveModel,328.0299987792969,328.0299987792969,2026-05-04
MA,_NaiveModel,495.4599914550781,495.4599914550781,2026-05-04
BRK-B,_NaiveModel,473.010009765625,473.010009765625,2026-05-04
WMT,_NaiveModel,131.60000610351562,131.60000610351562,2026-05-04
COST,_NaiveModel,1011.7000122070312,1011.7000122070312,2026-05-04
MCD,_NaiveModel,286.6400146484375,286.6400146484375,2026-05-04
PG,_NaiveModel,147.25999450683594,147.25999450683594,2026-05-04
XOM,_NaiveModel,152.75,152.75,2026-05-04
NEE,_NaiveModel,96.9499969482422,96.9499969482422,2026-05-04
CAT,_NaiveModel,889.6699829101562,889.6699829101562,2026-05-04
LMT,_NaiveModel,512.77001953125,512.77001953125,2026-05-04
NVDA,_NaiveModel,199.57000732421875,199.57000732421875,2026-05-01
MSFT,_NaiveModel,407.7799987792969,407.7799987792969,2026-05-01
AAPL,_NaiveModel,271.3500061035156,271.3500061035156,2026-05-01
GOOGL,_NaiveModel,384.7999877929688,384.7999877929688,2026-05-01
AMZN,_NaiveModel,265.0599975585937,265.0599975585937,2026-05-01
META,_NaiveModel,611.9099731445312,611.9099731445312,2026-05-01
AVGO,_NaiveModel,417.4299926757813,417.4299926757813,2026-05-01
TSM,_NaiveModel,396.05999755859375,396.05999755859375,2026-05-01
ASML,_NaiveModel,1438.989990234375,1438.989990234375,2026-05-01
AMD,_NaiveModel,354.489990234375,354.489990234375,2026-05-01
ORCL,_NaiveModel,161.38999938964844,161.38999938964844,2026-05-01
PLTR,_NaiveModel,139.11000061035156,139.11000061035156,2026-05-01
CRM,_NaiveModel,176.52999877929688,176.52999877929688,2026-05-01
TSLA,_NaiveModel,381.6300048828125,381.6300048828125,2026-05-01
LLY,_NaiveModel,934.5999755859376,934.5999755859376,2026-05-01
UNH,_NaiveModel,370.4800109863281,370.4800109863281,2026-05-01
MRK,_NaiveModel,109.18000030517578,109.18000030517578,2026-05-01
JNJ,_NaiveModel,229.8500061035156,229.8500061035156,2026-05-01
JPM,_NaiveModel,313.2300109863281,313.2300109863281,2026-05-01
V,_NaiveModel,329.8399963378906,329.8399963378906,2026-05-01
MA,_NaiveModel,502.9200134277344,502.9200134277344,2026-05-01
BRK-B,_NaiveModel,473.6000061035156,473.6000061035156,2026-05-01
WMT,_NaiveModel,131.92999267578125,131.92999267578125,2026-05-01
COST,_NaiveModel,1014.530029296875,1014.530029296875,2026-05-01
MCD,_NaiveModel,293.5899963378906,293.5899963378906,2026-05-01
PG,_NaiveModel,147.08999633789062,147.08999633789062,2026-05-01
XOM,_NaiveModel,154.3300018310547,154.3300018310547,2026-05-01
NEE,_NaiveModel,97.87999725341795,97.87999725341795,2026-05-01
CAT,_NaiveModel,890.1099853515625,890.1099853515625,2026-05-01
LMT,_NaiveModel,517.969970703125,517.969970703125,2026-05-01
NVDA,_NaiveModel,209.25,209.25,2026-04-30
MSFT,_NaiveModel,424.4599914550781,424.4599914550781,2026-04-30
AAPL,_NaiveModel,270.1700134277344,270.1700134277344,2026-04-30
GOOGL,_NaiveModel,349.94000244140625,349.94000244140625,2026-04-30
AMZN,_NaiveModel,263.0400085449219,263.0400085449219,2026-04-30
META,_NaiveModel,669.1199951171875,669.1199951171875,2026-04-30
AVGO,_NaiveModel,405.4500122070313,405.4500122070313,2026-04-30
TSM,_NaiveModel,393.8299865722656,393.8299865722656,2026-04-30
ASML,_NaiveModel,1394.0799560546875,1394.0799560546875,2026-04-30
AMD,_NaiveModel,337.1099853515625,337.1099853515625,2026-04-30
ORCL,_NaiveModel,163.8300018310547,163.8300018310547,2026-04-30
PLTR,_NaiveModel,137.97000122070312,137.97000122070312,2026-04-30
CRM,_NaiveModel,181.22000122070312,181.22000122070312,2026-04-30
TSLA,_NaiveModel,372.7999877929688,372.7999877929688,2026-04-30
LLY,_NaiveModel,851.2100219726562,851.2100219726562,2026-04-30
UNH,_NaiveModel,370.739990234375,370.739990234375,2026-04-30
MRK,_NaiveModel,110.9499969482422,110.9499969482422,2026-04-30
JNJ,_NaiveModel,227.3500061035156,227.3500061035156,2026-04-30
JPM,_NaiveModel,309.25,309.25,2026-04-30
V,_NaiveModel,334.8599853515625,334.8599853515625,2026-04-30
MA,_NaiveModel,525.22998046875,525.22998046875,2026-04-30
BRK-B,_NaiveModel,475.3800048828125,475.3800048828125,2026-04-30
WMT,_NaiveModel,128.00999450683594,128.00999450683594,2026-04-30
COST,_NaiveModel,998.6699829101562,998.6699829101562,2026-04-30
MCD,_NaiveModel,290.0799865722656,290.0799865722656,2026-04-30
PG,_NaiveModel,146.4600067138672,146.4600067138672,2026-04-30
XOM,_NaiveModel,154.6699981689453,154.6699981689453,2026-04-30
NEE,_NaiveModel,94.16999816894533,94.16999816894533,2026-04-30
CAT,_NaiveModel,810.0499877929688,810.0499877929688,2026-04-30
LMT,_NaiveModel,509.80999755859375,509.80999755859375,2026-04-30
NVDA,_NaiveModel,213.1699981689453,213.1699981689453,2026-04-29
MSFT,_NaiveModel,429.25,429.25,2026-04-29
AAPL,_NaiveModel,270.7099914550781,270.7099914550781,2026-04-29
GOOGL,_NaiveModel,349.7799987792969,349.7799987792969,2026-04-29
AMZN,_NaiveModel,259.70001220703125,259.70001220703125,2026-04-29
META,_NaiveModel,671.3400268554688,671.3400268554688,2026-04-29
AVGO,_NaiveModel,399.8299865722656,399.8299865722656,2026-04-29
TSM,_NaiveModel,392.3399963378906,392.3399963378906,2026-04-29
ASML,_NaiveModel,1384.56005859375,1384.56005859375,2026-04-29
AMD,_NaiveModel,323.2099914550781,323.2099914550781,2026-04-29
ORCL,_NaiveModel,165.9600067138672,165.9600067138672,2026-04-29
PLTR,_NaiveModel,141.17999267578125,141.17999267578125,2026-04-29
CRM,_NaiveModel,181.32000732421875,181.32000732421875,2026-04-29
TSLA,_NaiveModel,376.0199890136719,376.0199890136719,2026-04-29
LLY,_NaiveModel,874.0,874.0,2026-04-29
UNH,_NaiveModel,366.7699890136719,366.7699890136719,2026-04-29
MRK,_NaiveModel,110.02999877929688,110.02999877929688,2026-04-29
JNJ,_NaiveModel,227.7899932861328,227.7899932861328,2026-04-29
JPM,_NaiveModel,311.45001220703125,311.45001220703125,2026-04-29
V,_NaiveModel,309.29998779296875,309.29998779296875,2026-04-29
MA,_NaiveModel,507.6199951171875,507.6199951171875,2026-04-29
BRK-B,_NaiveModel,478.1600036621094,478.1600036621094,2026-04-29
WMT,_NaiveModel,127.58999633789062,127.58999633789062,2026-04-29
COST,_NaiveModel,994.0,994.0,2026-04-29
MCD,_NaiveModel,292.3900146484375,292.3900146484375,2026-04-29
PG,_NaiveModel,149.1699981689453,149.1699981689453,2026-04-29
XOM,_NaiveModel,150.55999755859375,150.55999755859375,2026-04-29
NEE,_NaiveModel,96.51000213623048,96.51000213623048,2026-04-29
CAT,_NaiveModel,817.8699951171875,817.8699951171875,2026-04-29
LMT,_NaiveModel,512.2899780273438,512.2899780273438,2026-04-29
NVDA,_NaiveModel,216.6100006103516,216.6100006103516,2026-04-28
MSFT,_NaiveModel,424.8200073242188,424.8200073242188,2026-04-28
AAPL,_NaiveModel,267.6099853515625,267.6099853515625,2026-04-28
GOOGL,_NaiveModel,350.3399963378906,350.3399963378906,2026-04-28
AMZN,_NaiveModel,261.1199951171875,261.1199951171875,2026-04-28
META,_NaiveModel,678.6199951171875,678.6199951171875,2026-04-28
AVGO,_NaiveModel,418.2000122070313,418.2000122070313,2026-04-28
TSM,_NaiveModel,404.9800109863281,404.9800109863281,2026-04-28
ASML,_NaiveModel,1432.43994140625,1432.43994140625,2026-04-28
AMD,_NaiveModel,334.6300048828125,334.6300048828125,2026-04-28
ORCL,_NaiveModel,172.9600067138672,172.9600067138672,2026-04-28
PLTR,_NaiveModel,143.10000610351562,143.10000610351562,2026-04-28
CRM,_NaiveModel,180.17999267578125,180.17999267578125,2026-04-28
TSLA,_NaiveModel,378.6700134277344,378.6700134277344,2026-04-28
LLY,_NaiveModel,868.27001953125,868.27001953125,2026-04-28
UNH,_NaiveModel,354.69000244140625,354.69000244140625,2026-04-28
MRK,_NaiveModel,110.2300033569336,110.2300033569336,2026-04-28
JNJ,_NaiveModel,225.33999633789065,225.33999633789065,2026-04-28
JPM,_NaiveModel,311.6300048828125,311.6300048828125,2026-04-28
V,_NaiveModel,309.6499938964844,309.6499938964844,2026-04-28
MA,_NaiveModel,506.4299926757813,506.4299926757813,2026-04-28
BRK-B,_NaiveModel,472.80999755859375,472.80999755859375,2026-04-28
WMT,_NaiveModel,127.58999633789062,127.58999633789062,2026-04-28
COST,_NaiveModel,998.010009765625,998.010009765625,2026-04-28
MCD,_NaiveModel,290.2099914550781,290.2099914550781,2026-04-28
PG,_NaiveModel,148.39999389648438,148.39999389648438,2026-04-28
XOM,_NaiveModel,148.19000244140625,148.19000244140625,2026-04-28
NEE,_NaiveModel,94.83000183105467,94.83000183105467,2026-04-28
CAT,_NaiveModel,828.7899780273438,828.7899780273438,2026-04-28
LMT,_NaiveModel,513.3499755859375,513.3499755859375,2026-04-28
NVDA,_NaiveModel,208.2700042724609,208.2700042724609,2026-04-27
MSFT,_NaiveModel,424.6199951171875,424.6199951171875,2026-04-27
AAPL,_NaiveModel,271.0599975585937,271.0599975585937,2026-04-27
GOOGL,_NaiveModel,344.3999938964844,344.3999938964844,2026-04-27
AMZN,_NaiveModel,263.989990234375,263.989990234375,2026-04-27
META,_NaiveModel,675.030029296875,675.030029296875,2026-04-27
AVGO,_NaiveModel,422.760009765625,422.760009765625,2026-04-27
TSM,_NaiveModel,402.4599914550781,402.4599914550781,2026-04-27
ASML,_NaiveModel,1457.699951171875,1457.699951171875,2026-04-27
AMD,_NaiveModel,347.8099975585937,347.8099975585937,2026-04-27
ORCL,_NaiveModel,173.27999877929688,173.27999877929688,2026-04-27
PLTR,_NaiveModel,143.08999633789062,143.08999633789062,2026-04-27
CRM,_NaiveModel,178.16000366210938,178.16000366210938,2026-04-27
TSLA,_NaiveModel,376.2999877929688,376.2999877929688,2026-04-27
LLY,_NaiveModel,883.9600219726562,883.9600219726562,2026-04-27
UNH,_NaiveModel,354.9200134277344,354.9200134277344,2026-04-27
MRK,_NaiveModel,111.9000015258789,111.9000015258789,2026-04-27
JNJ,_NaiveModel,227.5,227.5,2026-04-27
JPM,_NaiveModel,308.2799987792969,308.2799987792969,2026-04-27
V,_NaiveModel,309.4200134277344,309.4200134277344,2026-04-27
MA,_NaiveModel,504.1700134277344,504.1700134277344,2026-04-27
BRK-B,_NaiveModel,469.3200073242188,469.3200073242188,2026-04-27
WMT,_NaiveModel,129.9199981689453,129.9199981689453,2026-04-27
COST,_NaiveModel,1011.1500244140624,1011.1500244140624,2026-04-27
MCD,_NaiveModel,299.3599853515625,299.3599853515625,2026-04-27
PG,_NaiveModel,148.17999267578125,148.17999267578125,2026-04-27
XOM,_NaiveModel,148.91000366210938,148.91000366210938,2026-04-27
NEE,_NaiveModel,95.27999877929688,95.27999877929688,2026-04-27
CAT,_NaiveModel,830.7899780273438,830.7899780273438,2026-04-27
LMT,_NaiveModel,513.4500122070312,513.4500122070312,2026-04-27
NVDA,_NaiveModel,208.2700042724609,208.2700042724609,2026-04-27
MSFT,_NaiveModel,424.6199951171875,424.6199951171875,2026-04-27
AAPL,_NaiveModel,271.0599975585937,271.0599975585937,2026-04-27
GOOGL,_NaiveModel,344.3999938964844,344.3999938964844,2026-04-27
AMZN,_NaiveModel,263.989990234375,263.989990234375,2026-04-27
META,_NaiveModel,675.030029296875,675.030029296875,2026-04-27
AVGO,_NaiveModel,422.760009765625,422.760009765625,2026-04-27
TSM,_NaiveModel,402.4599914550781,402.4599914550781,2026-04-27
ASML,_NaiveModel,1457.699951171875,1457.699951171875,2026-04-27
AMD,_NaiveModel,347.8099975585937,347.8099975585937,2026-04-27
ORCL,_NaiveModel,173.27999877929688,173.27999877929688,2026-04-27
PLTR,_NaiveModel,143.08999633789062,143.08999633789062,2026-04-27
CRM,_NaiveModel,178.16000366210938,178.16000366210938,2026-04-27
TSLA,_NaiveModel,376.2999877929688,376.2999877929688,2026-04-27
LLY,_NaiveModel,883.9600219726562,883.9600219726562,2026-04-27
UNH,_NaiveModel,354.9200134277344,354.9200134277344,2026-04-27
MRK,_NaiveModel,111.9000015258789,111.9000015258789,2026-04-27
JNJ,_NaiveModel,227.5,227.5,2026-04-27
JPM,_NaiveModel,308.2799987792969,308.2799987792969,2026-04-27
V,_NaiveModel,309.4200134277344,309.4200134277344,2026-04-27
MA,_NaiveModel,504.1700134277344,504.1700134277344,2026-04-27
BRK-B,_NaiveModel,469.3200073242188,469.3200073242188,2026-04-27
WMT,_NaiveModel,129.9199981689453,129.9199981689453,2026-04-27
COST,_NaiveModel,1011.1500244140624,1011.1500244140624,2026-04-27
MCD,_NaiveModel,299.3599853515625,299.3599853515625,2026-04-27
PG,_NaiveModel,148.17999267578125,148.17999267578125,2026-04-27
XOM,_NaiveModel,148.91000366210938,148.91000366210938,2026-04-27
NEE,_NaiveModel,95.27999877929688,95.27999877929688,2026-04-27
CAT,_NaiveModel,830.7899780273438,830.7899780273438,2026-04-27
LMT,_NaiveModel,513.4500122070312,513.4500122070312,2026-04-27
NVDA,_NaiveModel,208.2700042724609,208.2700042724609,2026-04-27
MSFT,_NaiveModel,424.6199951171875,424.6199951171875,2026-04-27
AAPL,_NaiveModel,271.0599975585937,271.0599975585937,2026-04-27
GOOGL,_NaiveModel,344.3999938964844,344.3999938964844,2026-04-27
AMZN,_NaiveModel,263.989990234375,263.989990234375,2026-04-27
META,_NaiveModel,675.030029296875,675.030029296875,2026-04-27
AVGO,_NaiveModel,422.760009765625,422.760009765625,2026-04-27
TSM,_NaiveModel,402.4599914550781,402.4599914550781,2026-04-27
ASML,_NaiveModel,1457.699951171875,1457.699951171875,2026-04-27
AMD,_NaiveModel,347.8099975585937,347.8099975585937,2026-04-27
ORCL,_NaiveModel,173.27999877929688,173.27999877929688,2026-04-27
PLTR,_NaiveModel,143.08999633789062,143.08999633789062,2026-04-27
CRM,_NaiveModel,178.16000366210938,178.16000366210938,2026-04-27
TSLA,_NaiveModel,376.2999877929688,376.2999877929688,2026-04-27
LLY,_NaiveModel,883.9600219726562,883.9600219726562,2026-04-27
UNH,_NaiveModel,354.9200134277344,354.9200134277344,2026-04-27
MRK,_NaiveModel,111.9000015258789,111.9000015258789,2026-04-27
JNJ,_NaiveModel,227.5,227.5,2026-04-27
JPM,_NaiveModel,308.2799987792969,308.2799987792969,2026-04-27
V,_NaiveModel,309.4200134277344,309.4200134277344,2026-04-27
MA,_NaiveModel,504.1700134277344,504.1700134277344,2026-04-27
BRK-B,_NaiveModel,469.3200073242188,469.3200073242188,2026-04-27
WMT,_NaiveModel,129.9199981689453,129.9199981689453,2026-04-27
COST,_NaiveModel,1011.1500244140624,1011.1500244140624,2026-04-27
MCD,_NaiveModel,299.3599853515625,299.3599853515625,2026-04-27
PG,_NaiveModel,148.17999267578125,148.17999267578125,2026-04-27
XOM,_NaiveModel,148.91000366210938,148.91000366210938,2026-04-27
NEE,_NaiveModel,95.27999877929688,95.27999877929688,2026-04-27
CAT,_NaiveModel,830.7899780273438,830.7899780273438,2026-04-27
LMT,_NaiveModel,513.4500122070312,513.4500122070312,2026-04-27
NVDA,_NaiveModel,199.63999938964844,199.63999938964844,2026-04-24
MSFT,_NaiveModel,415.75,415.75,2026-04-24
AAPL,_NaiveModel,273.42999267578125,273.42999267578125,2026-04-24
GOOGL,_NaiveModel,338.8900146484375,338.8900146484375,2026-04-24
AMZN,_NaiveModel,255.0800018310547,255.0800018310547,2026-04-24
META,_NaiveModel,659.1500244140625,659.1500244140625,2026-04-24
AVGO,_NaiveModel,419.9400024414063,419.9400024414063,2026-04-24
TSM,_NaiveModel,382.6600036621094,382.6600036621094,2026-04-24
ASML,_NaiveModel,1417.800048828125,1417.800048828125,2026-04-24
AMD,_NaiveModel,305.3299865722656,305.3299865722656,2026-04-24
ORCL,_NaiveModel,176.27999877929688,176.27999877929688,2026-04-24
PLTR,_NaiveModel,141.57000732421875,141.57000732421875,2026-04-24
CRM,_NaiveModel,173.3000030517578,173.3000030517578,2026-04-24
TSLA,_NaiveModel,373.7200012207031,373.7200012207031,2026-04-24
LLY,_NaiveModel,917.6500244140624,917.6500244140624,2026-04-24
UNH,_NaiveModel,354.5599975585937,354.5599975585937,2026-04-24
MRK,_NaiveModel,114.62000274658205,114.62000274658205,2026-04-24
JNJ,_NaiveModel,230.6499938964844,230.6499938964844,2026-04-24
JPM,_NaiveModel,311.69000244140625,311.69000244140625,2026-04-24
V,_NaiveModel,308.8800048828125,308.8800048828125,2026-04-24
MA,_NaiveModel,502.3800048828125,502.3800048828125,2026-04-24
BRK-B,_NaiveModel,470.5499877929688,470.5499877929688,2026-04-24
WMT,_NaiveModel,132.02999877929688,132.02999877929688,2026-04-24
COST,_NaiveModel,1014.3800048828124,1014.3800048828124,2026-04-24
MCD,_NaiveModel,302.5299987792969,302.5299987792969,2026-04-24
PG,_NaiveModel,145.7100067138672,145.7100067138672,2026-04-24
XOM,_NaiveModel,150.52999877929688,150.52999877929688,2026-04-24
NEE,_NaiveModel,96.25,96.25,2026-04-24
CAT,_NaiveModel,835.239990234375,835.239990234375,2026-04-24
LMT,_NaiveModel,529.7899780273438,529.7899780273438,2026-04-24
NVDA,_NaiveModel,202.5,202.5,2026-04-23
MSFT,_NaiveModel,432.9200134277344,432.9200134277344,2026-04-23
AAPL,_NaiveModel,273.1700134277344,273.1700134277344,2026-04-23
GOOGL,_NaiveModel,339.32000732421875,339.32000732421875,2026-04-23
AMZN,_NaiveModel,255.3600006103516,255.3600006103516,2026-04-23
META,_NaiveModel,674.719970703125,674.719970703125,2026-04-23
AVGO,_NaiveModel,422.6499938964844,422.6499938964844,2026-04-23
TSM,_NaiveModel,387.4400024414063,387.4400024414063,2026-04-23
ASML,_NaiveModel,1443.6600341796875,1443.6600341796875,2026-04-23
AMD,_NaiveModel,303.4599914550781,303.4599914550781,2026-04-23
ORCL,_NaiveModel,187.5,187.5,2026-04-23
PLTR,_NaiveModel,152.6199951171875,152.6199951171875,2026-04-23
CRM,_NaiveModel,189.8000030517578,189.8000030517578,2026-04-23
TSLA,_NaiveModel,387.510009765625,387.510009765625,2026-04-23
LLY,_NaiveModel,921.47998046875,921.47998046875,2026-04-23
UNH,_NaiveModel,353.5199890136719,353.5199890136719,2026-04-23
MRK,_NaiveModel,112.88999938964844,112.88999938964844,2026-04-23
JNJ,_NaiveModel,226.1000061035156,226.1000061035156,2026-04-23
JPM,_NaiveModel,313.0199890136719,313.0199890136719,2026-04-23
V,_NaiveModel,311.2900085449219,311.2900085449219,2026-04-23
MA,_NaiveModel,510.1600036621094,510.1600036621094,2026-04-23
BRK-B,_NaiveModel,465.3999938964844,465.3999938964844,2026-04-23
WMT,_NaiveModel,129.97999572753906,129.97999572753906,2026-04-23
COST,_NaiveModel,1003.7000122070312,1003.7000122070312,2026-04-23
MCD,_NaiveModel,300.07000732421875,300.07000732421875,2026-04-23
PG,_NaiveModel,142.85000610351562,142.85000610351562,2026-04-23
XOM,_NaiveModel,149.5,149.5,2026-04-23
NEE,_NaiveModel,90.0,90.0,2026-04-23
CAT,_NaiveModel,808.8699951171875,808.8699951171875,2026-04-23
LMT,_NaiveModel,555.4299926757812,555.4299926757812,2026-04-23
NVDA,_NaiveModel,199.8800048828125,199.8800048828125,2026-04-22
MSFT,_NaiveModel,424.1600036621094,424.1600036621094,2026-04-22
AAPL,_NaiveModel,266.1700134277344,266.1700134277344,2026-04-22
GOOGL,_NaiveModel,332.2900085449219,332.2900085449219,2026-04-22
AMZN,_NaiveModel,249.91000366210932,249.91000366210932,2026-04-22
META,_NaiveModel,668.8400268554688,668.8400268554688,2026-04-22
AVGO,_NaiveModel,402.1700134277344,402.1700134277344,2026-04-22
TSM,_NaiveModel,368.0799865722656,368.0799865722656,2026-04-22
ASML,_NaiveModel,1458.969970703125,1458.969970703125,2026-04-22
AMD,_NaiveModel,284.489990234375,284.489990234375,2026-04-22
ORCL,_NaiveModel,181.1699981689453,181.1699981689453,2026-04-22
PLTR,_NaiveModel,145.97000122070312,145.97000122070312,2026-04-22
CRM,_NaiveModel,187.1100006103516,187.1100006103516,2026-04-22
TSLA,_NaiveModel,386.4200134277344,386.4200134277344,2026-04-22
LLY,_NaiveModel,903.02001953125,903.02001953125,2026-04-22
UNH,_NaiveModel,346.010009765625,346.010009765625,2026-04-22
MRK,_NaiveModel,112.55999755859376,112.55999755859376,2026-04-22
JNJ,_NaiveModel,226.16000366210932,226.16000366210932,2026-04-22
JPM,_NaiveModel,313.0,313.0,2026-04-22
V,_NaiveModel,309.94000244140625,309.94000244140625,2026-04-22
MA,_NaiveModel,511.3500061035156,511.3500061035156,2026-04-22
BRK-B,_NaiveModel,468.5,468.5,2026-04-22
WMT,_NaiveModel,129.60000610351562,129.60000610351562,2026-04-22
COST,_NaiveModel,1005.8099975585938,1005.8099975585938,2026-04-22
MCD,_NaiveModel,301.8399963378906,301.8399963378906,2026-04-22
PG,_NaiveModel,142.32000732421875,142.32000732421875,2026-04-22
XOM,_NaiveModel,148.36000061035156,148.36000061035156,2026-04-22
NEE,_NaiveModel,90.5999984741211,90.5999984741211,2026-04-22
CAT,_NaiveModel,800.4500122070312,800.4500122070312,2026-04-22
LMT,_NaiveModel,571.9500122070312,571.9500122070312,2026-04-22
NVDA,_NaiveModel,202.0599975585937,202.0599975585937,2026-04-21
MSFT,_NaiveModel,418.0700073242188,418.0700073242188,2026-04-21
AAPL,_NaiveModel,273.04998779296875,273.04998779296875,2026-04-21
GOOGL,_NaiveModel,337.4200134277344,337.4200134277344,2026-04-21
AMZN,_NaiveModel,248.27999877929688,248.27999877929688,2026-04-21
META,_NaiveModel,670.9099731445312,670.9099731445312,2026-04-21
AVGO,_NaiveModel,399.6300048828125,399.6300048828125,2026-04-21
TSM,_NaiveModel,366.239990234375,366.239990234375,2026-04-21
ASML,_NaiveModel,1476.5,1476.5,2026-04-21
AMD,_NaiveModel,274.95001220703125,274.95001220703125,2026-04-21
ORCL,_NaiveModel,177.5800018310547,177.5800018310547,2026-04-21
PLTR,_NaiveModel,145.88999938964844,145.88999938964844,2026-04-21
CRM,_NaiveModel,186.2700042724609,186.2700042724609,2026-04-21
TSLA,_NaiveModel,392.5,392.5,2026-04-21
LLY,_NaiveModel,919.9000244140624,919.9000244140624,2026-04-21
UNH,_NaiveModel,323.4800109863281,323.4800109863281,2026-04-21
MRK,_NaiveModel,117.0999984741211,117.0999984741211,2026-04-21
JNJ,_NaiveModel,230.69000244140625,230.69000244140625,2026-04-21
JPM,_NaiveModel,316.989990234375,316.989990234375,2026-04-21
V,_NaiveModel,313.94000244140625,313.94000244140625,2026-04-21
MA,_NaiveModel,516.6500244140625,516.6500244140625,2026-04-21
BRK-B,_NaiveModel,472.0799865722656,472.0799865722656,2026-04-21
WMT,_NaiveModel,127.91999816894533,127.91999816894533,2026-04-21
COST,_NaiveModel,997.8400268554688,997.8400268554688,2026-04-21
MCD,_NaiveModel,306.94000244140625,306.94000244140625,2026-04-21
PG,_NaiveModel,144.49000549316406,144.49000549316406,2026-04-21
XOM,_NaiveModel,147.67999267578125,147.67999267578125,2026-04-21
NEE,_NaiveModel,92.01000213623048,92.01000213623048,2026-04-21
CAT,_NaiveModel,798.4000244140625,798.4000244140625,2026-04-21
LMT,_NaiveModel,581.280029296875,581.280029296875,2026-04-21
